frame_index,time_s,production_frequency_hz,global_frequency_hz,candidate_rank,candidate_frequency_hz,candidate_amplitude,peak_to_background_db,peak_to_competitor_db,candidate_node_cost,selected,selected_transition_cost,selected_cumulative_cost,selection_reason,physical_identity
541,0.0005556978542605926,nan,262018118.19691452,1,262018118.19691452,0.0023267650614314773,28.10767284859626,2.1225545423982695,0.0,True,0.004423195349667855,59.527334864104795,global minimum cumulative DP cost,unreviewed
541,0.0005556978542605926,nan,262018118.19691452,2,850788217.2818987,0.0018223206928733478,25.950627571506217,-2.1225545423982695,0.13265965889989184,False,0.004423195349667855,59.527334864104795,global minimum cumulative DP cost,unreviewed
541,0.0005556978542605926,nan,262018118.19691452,3,nan,0.00045674787946517833,13.800437317231928,-14.141519881925326,2.5625,False,0.004423195349667855,59.527334864104795,global minimum cumulative DP cost,unreviewed
541,0.0005556978542605926,nan,262018118.19691452,4,2920383552.8272185,0.0003166191039267729,10.735707119515023,-17.324308367640153,0.75,False,0.004423195349667855,59.527334864104795,global minimum cumulative DP cost,unreviewed
541,0.0005556978542605926,nan,262018118.19691452,5,2534188987.3008513,0.00028801199747836474,9.895877884222086,-18.146839093027822,0.7656183173666871,False,0.004423195349667855,59.527334864104795,global minimum cumulative DP cost,unreviewed
542,0.0005557010542605937,nan,263267015.0929109,1,263267015.0929109,0.00225466535925557,25.716598892453195,1.564818473292462,0.0,True,0.0001559743456829348,59.527490838450476,global minimum cumulative DP cost,unreviewed
542,0.0005557010542605937,nan,263267015.0929109,2,843788592.0638232,0.0018829603224669808,24.06440709003143,-1.564818473292462,0.09780115458077887,False,0.0001559743456829348,59.527490838450476,global minimum cumulative DP cost,unreviewed
542,0.0005557010542605937,nan,263267015.0929109,3,nan,0.0005699846464462736,13.609235412603926,-11.944378700780529,2.5590236687987833,False,0.0001559743456829348,59.527490838450476,global minimum cumulative DP cost,unreviewed
542,0.0005557010542605937,nan,263267015.0929109,4,3189158411.87847,0.0003350963829628407,9.162790181208944,-16.55824704589967,0.8755814728186584,False,0.0001559743456829348,59.527490838450476,global minimum cumulative DP cost,unreviewed
542,0.0005557010542605937,nan,263267015.0929109,5,2343276660.803943,0.00023557681231892088,5.85308303086487,-19.618991029854715,1.3720375453702696,False,0.0001559743456829348,59.527490838450476,global minimum cumulative DP cost,unreviewed
543,0.0005557042542605947,nan,256126919.64222685,1,852537885.0186934,0.001964913908200017,24.20372027331622,0.17485871953753396,0.0,False,0.005098096304487893,59.543517604726055,global minimum cumulative DP cost,unreviewed
543,0.0005557042542605947,nan,256126919.64222685,2,256126919.64222685,0.001925753033906491,23.99536607139722,-0.17485871953753396,0.010928669971095872,True,0.005098096304487893,59.543517604726055,global minimum cumulative DP cost,unreviewed
543,0.0005557042542605947,nan,256126919.64222685,3,nan,0.000774687325150754,15.956930966490468,-8.0843415257754,2.3177713453609625,False,0.005098096304487893,59.543517604726055,global minimum cumulative DP cost,unreviewed
543,0.0005557042542605947,nan,256126919.64222685,4,2368063737.158592,0.00028459251388561236,7.325404474837018,-16.782401095860877,1.1511893287744472,False,0.005098096304487893,59.543517604726055,global minimum cumulative DP cost,unreviewed
543,0.0005557042542605947,nan,256126919.64222685,5,3246860093.809986,0.00028409858828013195,7.253961425473472,-16.7974890209613,1.1619057861789792,False,0.005098096304487893,59.543517604726055,global minimum cumulative DP cost,unreviewed
544,0.0005557074542605958,nan,254665909.4120974,1,859072061.7991933,0.0020683217145912687,25.4287461543311,2.3350109256095752,0.0,False,0.00021345508925429098,59.68966924266591,global minimum cumulative DP cost,unreviewed
544,0.0005557074542605958,nan,254665909.4120974,2,254665909.4120974,0.0015807658504335736,23.073269653712963,-2.3350109256095752,0.14593818285059845,True,0.00021345508925429098,59.68966924266591,global minimum cumulative DP cost,unreviewed
544,0.0005557074542605958,nan,254665909.4120974,3,nan,0.0007727531126145548,16.73949396341234,-8.551546568537844,2.3469716605336153,False,0.00021345508925429098,59.68966924266591,global minimum cumulative DP cost,unreviewed
544,0.0005557074542605958,nan,254665909.4120974,4,1739163259.0470479,0.0002410205055099892,6.441901579670377,-18.6712819698064,1.2837147630494434,False,0.00021345508925429098,59.68966924266591,global minimum cumulative DP cost,unreviewed
544,0.0005557074542605958,nan,254665909.4120974,5,1277275485.4681594,0.00021057340443232284,5.251082401143856,-19.844291457336176,1.4623376398284216,False,0.00021345508925429098,59.68966924266591,global minimum cumulative DP cost,unreviewed
545,0.0005557106542605969,nan,262360792.23692304,1,851382175.9654372,0.0019432012199962437,24.649327982031338,2.9738351881197556,0.0,False,0.005921122168779668,59.88145506409217,global minimum cumulative DP cost,unreviewed
545,0.0005557106542605969,nan,262360792.23692304,2,262360792.23692304,0.001379831372517297,21.675492793911584,-2.9738351881197556,0.18586469925748472,True,0.005921122168779668,59.88145506409217,global minimum cumulative DP cost,unreviewed
545,0.0005557106542605969,nan,262360792.23692304,3,nan,0.0006841182583229651,15.42373117892934,-9.067731861282198,2.3792332413301374,False,0.005921122168779668,59.88145506409217,global minimum cumulative DP cost,unreviewed
545,0.0005557106542605969,nan,262360792.23692304,4,1757392219.1881015,0.0002325452117547295,6.097584689337365,-18.440207458069384,1.3353622965993952,False,0.005921122168779668,59.88145506409217,global minimum cumulative DP cost,unreviewed
545,0.0005557106542605969,nan,262360792.23692304,5,4851512741.123775,0.0002202283218629097,5.644929862318486,-18.91289209948562,1.403260520652227,False,0.005921122168779668,59.88145506409217,global minimum cumulative DP cost,unreviewed
546,0.000555713854260598,854641406.9029275,267248693.81819007,1,854641406.9029275,0.0017302467528246433,22.951997269539373,3.3756623263308505,0.0,False,0.002389158186815272,60.094823117674665,global minimum cumulative DP cost,unreviewed
546,0.000555713854260598,854641406.9029275,267248693.81819007,2,267248693.81819007,0.00117307269632165,19.579169286669178,-3.3756623263308505,0.21097889539567816,True,0.002389158186815272,60.094823117674665,global minimum cumulative DP cost,unreviewed
546,0.000555713854260598,854641406.9029275,267248693.81819007,3,nan,0.000823354494354802,16.425234340081936,-6.4504236477676,2.215651477985475,False,0.002389158186815272,60.094823117674665,global minimum cumulative DP cost,unreviewed
546,0.000555713854260598,854641406.9029275,267248693.81819007,4,4213609744.25323,0.0002883156014432091,7.42930598705879,-15.564797982718446,1.1356041019411816,False,0.002389158186815272,60.094823117674665,global minimum cumulative DP cost,unreviewed
546,0.000555713854260598,854641406.9029275,267248693.81819007,5,464509818.5335107,0.0002405593482636085,5.649790452140273,-17.137716087755965,1.402531432178959,False,0.002389158186815272,60.094823117674665,global minimum cumulative DP cost,unreviewed
547,0.0005557170542605991,860678167.4460018,259278824.93927348,1,860678167.4460018,0.001551270986979638,21.39627973157122,4.981078943148134,0.0,False,0.006351880994712321,60.41249243261613,global minimum cumulative DP cost,unreviewed
547,0.0005557170542605991,860678167.4460018,259278824.93927348,2,259278824.93927348,0.0008742461388695537,16.472513534571497,-4.981078943148134,0.31131743394675837,True,0.006351880994712321,60.41249243261613,global minimum cumulative DP cost,unreviewed
547,0.0005557170542605991,860678167.4460018,259278824.93927348,3,nan,0.000773360691048151,15.295889032359744,-6.046111528296363,2.190381970518523,False,0.006351880994712321,60.41249243261613,global minimum cumulative DP cost,unreviewed
547,0.0005557170542605991,860678167.4460018,259278824.93927348,4,4167496225.312035,0.00026359300674977734,5.959373660520528,-15.39507572077019,1.3560939509219208,False,0.006351880994712321,60.41249243261613,global minimum cumulative DP cost,unreviewed
547,0.0005557170542605991,860678167.4460018,259278824.93927348,5,3095693756.502643,0.00023455042959636047,4.973557406897102,-16.409028746880878,1.5039663889654347,False,0.006351880994712321,60.41249243261613,global minimum cumulative DP cost,unreviewed
548,0.0005557202542606002,855889407.3669816,251266001.16216642,1,855889407.3669816,0.0013390988087524202,21.931300605349584,4.591405235442423,0.0,False,0.006420534488297225,60.70587579431958,global minimum cumulative DP cost,unreviewed
548,0.0005557202542606002,855889407.3669816,251266001.16216642,2,251266001.16216642,0.0007893004709338745,17.39996974199986,-4.591405235442423,0.28696282721515143,True,0.006420534488297225,60.70587579431958,global minimum cumulative DP cost,unreviewed
548,0.0005557202542606002,855889407.3669816,251266001.16216642,3,nan,0.0007038725441527803,16.288433993548246,-5.586371972440496,2.161648248277531,False,0.006420534488297225,60.70587579431958,global minimum cumulative DP cost,unreviewed
548,0.0005557202542606002,855889407.3669816,251266001.16216642,4,423525672.4441387,0.0002975635108660973,8.857281397907446,-13.06465899032279,0.9214077903138831,False,0.006420534488297225,60.70587579431958,global minimum cumulative DP cost,unreviewed
548,0.0005557202542606002,855889407.3669816,251266001.16216642,5,2688022611.9091372,0.00025099420508234985,7.353508274083076,-14.542978580581698,1.1469737588875386,False,0.006420534488297225,60.70587579431958,global minimum cumulative DP cost,unreviewed
549,0.0005557234542606013,859036391.3445431,271674260.33537626,1,859036391.3445431,0.0011378489691158975,20.91439809070212,3.5238487513925065,0.0,False,0.04164970424809039,60.9677660455297,global minimum cumulative DP cost,unreviewed
549,0.0005557234542606013,859036391.3445431,271674260.33537626,2,271674260.33537626,0.0007583892752569785,17.38706740298685,-3.5238487513925065,0.22024054696203166,True,0.04164970424809039,60.9677660455297,global minimum cumulative DP cost,unreviewed
549,0.0005557234542606013,859036391.3445431,271674260.33537626,3,nan,0.0006014025707370014,15.283179355687988,-5.538386803762485,2.1586491752351553,False,0.04164970424809039,60.9677660455297,global minimum cumulative DP cost,unreviewed
549,0.0005557234542606013,859036391.3445431,271674260.33537626,4,5048552556.073993,0.00025616215266557294,7.966488299747985,-12.951393123650012,1.0550267550378023,False,0.04164970424809039,60.9677660455297,global minimum cumulative DP cost,unreviewed
549,0.0005557234542606013,859036391.3445431,271674260.33537626,5,3256239979.5848265,0.0002528210266164412,7.840137327141736,-13.065428597344484,1.0739794009287396,False,0.04164970424809039,60.9677660455297,global minimum cumulative DP cost,unreviewed
550,0.0005557266542606024,nan,265167001.175873,1,874704409.1775671,0.0008588948336531688,17.763509892470495,2.458039699754204,0.0,False,0.004234442176893895,61.12562796894123,global minimum cumulative DP cost,unreviewed
550,0.0005557266542606024,nan,265167001.175873,2,265167001.175873,0.0006471992501570979,15.197244701906447,-2.458039699754204,0.15362748123463776,True,0.004234442176893895,61.12562796894123,global minimum cumulative DP cost,unreviewed
550,0.0005557266542606024,nan,265167001.175873,3,nan,0.0005933699384812526,14.35526484740656,-3.2122890052668573,2.0132680628291784,False,0.004234442176893895,61.12562796894123,global minimum cumulative DP cost,unreviewed
550,0.0005557266542606024,nan,265167001.175873,4,3599737114.2415423,0.00023415900059004004,6.249399382921537,-11.288582691902214,1.2681265108056579,False,0.004234442176893895,61.12562796894123,global minimum cumulative DP cost,unreviewed
550,0.0005557266542606024,nan,265167001.175873,5,1765719464.595405,0.00022216948564319033,5.776388454596546,-11.74511161700809,1.3676112078735239,False,0.004234442176893895,61.12562796894123,global minimum cumulative DP cost,unreviewed
551,0.0005557298542606035,nan,265991973.44638535,1,265991973.44638535,0.0006466262052335409,14.079764809950222,0.972705045205231,0.0,True,6.805792471142895e-05,61.125696026865945,global minimum cumulative DP cost,unreviewed
551,0.0005557298542606035,nan,265991973.44638535,2,nan,0.0005781200727136954,12.840483929465352,-0.972705045205231,1.873294065325327,False,6.805792471142895e-05,61.125696026865945,global minimum cumulative DP cost,unreviewed
551,0.0005557298542606035,nan,265991973.44638535,3,852551680.7320511,0.0005696915279293002,13.206148257352393,-1.1002707984492943,0.0687669249030809,False,6.805792471142895e-05,61.125696026865945,global minimum cumulative DP cost,unreviewed
551,0.0005557298542606035,nan,265991973.44638535,4,4334191907.158188,0.0002723830329626722,6.6283765270787764,-7.50946498972155,0.9750850827957804,False,6.805792471142895e-05,61.125696026865945,global minimum cumulative DP cost,unreviewed
551,0.0005557298542606035,nan,265991973.44638535,5,2131843048.599286,0.00026254063463810126,6.160146648162659,-7.829135403289351,1.0652989654811855,False,6.805792471142895e-05,61.125696026865945,global minimum cumulative DP cost,unreviewed
552,0.0005557330542606046,nan,259271399.23201615,1,259271399.23201615,0.00060874145122261,15.369367742604236,0.14450799829337946,0.0,True,0.004516611777084428,61.13021263864303,global minimum cumulative DP cost,unreviewed
552,0.0005557330542606046,nan,259271399.23201615,2,nan,0.0005986975423812415,15.048173633679438,-0.14450799829337946,1.821531749893336,False,0.004516611777084428,61.13021263864303,global minimum cumulative DP cost,unreviewed
552,0.0005557330542606046,nan,259271399.23201615,3,841459271.4478934,0.00040666518101086874,11.603455521565387,-3.503917718905649,0.21899485743160307,False,0.004516611777084428,61.13021263864303,global minimum cumulative DP cost,unreviewed
552,0.0005557330542606046,nan,259271399.23201615,4,2129895823.6636777,0.0002889927044410443,8.731529760604788,-6.470919921731797,0.5947030310175191,False,0.004516611777084428,61.13021263864303,global minimum cumulative DP cost,unreviewed
552,0.0005557330542606046,nan,259271399.23201615,5,3131271783.574208,0.00025732784375091697,7.723527794090792,-7.478921888245793,0.8089034489017433,False,0.004516611777084428,61.13021263864303,global minimum cumulative DP cost,unreviewed
553,0.0005557362542606057,nan,268284691.8069189,1,268284691.8069189,0.0005827699773794148,15.051114711047973,0.9787801600512136,0.0,True,0.008123944304079691,61.13833658294711,global minimum cumulative DP cost,unreviewed
553,0.0005557362542606057,nan,268284691.8069189,2,nan,0.0005206647331857855,13.996991906537835,-0.9787801600512136,1.873673760003201,False,0.008123944304079691,61.13833658294711,global minimum cumulative DP cost,unreviewed
553,0.0005557362542606057,nan,268284691.8069189,3,828432496.6058794,0.0003172955710135464,9.692692714315116,-5.280663201199456,0.3761375429276985,False,0.008123944304079691,61.13833658294711,global minimum cumulative DP cost,unreviewed
553,0.0005557362542606057,nan,268284691.8069189,4,5541963524.1776495,0.0002747573434243135,8.508675065044562,-6.530957229314565,0.631883567075476,False,0.008123944304079691,61.13833658294711,global minimum cumulative DP cost,unreviewed
553,0.0005557362542606057,nan,268284691.8069189,5,3203706918.21122,0.00021982530798948758,6.504966320000314,-8.468389595514259,1.0535294017195942,False,0.008123944304079691,61.13833658294711,global minimum cumulative DP cost,unreviewed
554,0.0005557394542606068,nan,262240910.8076692,1,262240910.8076692,0.0006208388783054775,15.742476913498216,0.3319595712615975,0.0,True,0.0036527288766891666,61.1419893118238,global minimum cumulative DP cost,unreviewed
554,0.0005557394542606068,nan,262240910.8076692,2,nan,0.0005975591860384888,15.273442117933325,-0.3319595712615975,1.83324747320385,False,0.0036527288766891666,61.1419893118238,global minimum cumulative DP cost,unreviewed
554,0.0005557394542606068,nan,262240910.8076692,3,834664578.4122058,0.0005170635028391679,14.260433670668764,-1.588700432043444,0.09929377700271524,False,0.0036527288766891666,61.1419893118238,global minimum cumulative DP cost,unreviewed
554,0.0005557394542606068,nan,262240910.8076692,4,5516051267.771671,0.0002927877256795851,9.204936720184422,-6.528520788362204,0.5272920412449744,False,0.0036527288766891666,61.1419893118238,global minimum cumulative DP cost,unreviewed
554,0.0005557394542606068,nan,262240910.8076692,5,1252028543.692799,0.0002691316923871648,8.362430230778877,-7.260281263915855,0.6994030443779095,False,0.0036527288766891666,61.1419893118238,global minimum cumulative DP cost,unreviewed
555,0.0005557426542606078,nan,258427651.6906013,1,867740481.482563,0.0007699428655441003,17.628420414216475,1.6657242872793976,0.0,False,0.0014540945093901485,61.247551174288155,global minimum cumulative DP cost,unreviewed
555,0.0005557426542606078,nan,258427651.6906013,2,258427651.6906013,0.0006355830177535942,15.904742958812186,-1.6657242872793976,0.10410776795496235,True,0.0014540945093901485,61.247551174288155,global minimum cumulative DP cost,unreviewed
555,0.0005557426542606078,nan,258427651.6906013,3,nan,0.0006306270409184812,15.713794507789709,-1.7337181992956108,1.9208573874559756,False,0.0014540945093901485,61.247551174288155,global minimum cumulative DP cost,unreviewed
555,0.0005557426542606078,nan,258427651.6906013,4,1277291480.9053967,0.00029207438053597125,8.97842849211055,-8.419300696059837,0.6794420196871572,False,0.0014540945093901485,61.247551174288155,global minimum cumulative DP cost,unreviewed
555,0.0005557426542606078,nan,258427651.6906013,5,1877716058.6922095,0.00021946885914990436,6.4960173285266976,-10.90171185964369,1.206954391948726,False,0.0014540945093901485,61.247551174288155,global minimum cumulative DP cost,unreviewed
556,0.0005557458542606089,nan,286747689.2610886,1,890717487.6978837,0.0005930495353196934,16.45113060235473,0.7128595036923713,0.0,False,0.08020245279938135,61.37230734606831,global minimum cumulative DP cost,unreviewed
556,0.0005557458542606089,nan,286747689.2610886,2,286747689.2610886,0.0005463211259387437,15.791003207956527,-0.7128595036923713,0.044553718980773205,True,0.08020245279938135,61.37230734606831,global minimum cumulative DP cost,unreviewed
556,0.0005557458542606089,nan,286747689.2610886,3,nan,0.0005107560596564037,15.055146023172492,-1.297548842187073,1.893596802636692,False,0.08020245279938135,61.37230734606831,global minimum cumulative DP cost,unreviewed
556,0.0005557458542606089,nan,286747689.2610886,4,4171490818.1778913,0.000255128134028336,9.181709278150567,-7.326652345298497,0.580659379858571,False,0.08020245279938135,61.37230734606831,global minimum cumulative DP cost,unreviewed
556,0.0005557458542606089,nan,286747689.2610886,5,635142751.7021409,0.0002506528183943071,8.839147334410917,-7.480367553528238,0.6416508719338773,False,0.08020245279938135,61.37230734606831,global minimum cumulative DP cost,unreviewed
557,0.00055574905426061,nan,293386698.78011847,1,nan,0.0005509343522929874,14.713809068760497,1.1748636245628674,1.8125,False,0.004407644739376903,61.602560880906864,global minimum cumulative DP cost,unreviewed
557,0.00055574905426061,nan,293386698.78011847,2,899960521.1647353,0.0004812344078478484,13.79361106967191,-1.1748636245628674,0.07342897653517921,False,0.004407644739376903,61.602560880906864,global minimum cumulative DP cost,unreviewed
557,0.00055574905426061,nan,293386698.78011847,3,293386698.78011847,0.00036343198037589445,11.148367292276369,-3.613534241586862,0.22584589009917888,True,0.004407644739376903,61.602560880906864,global minimum cumulative DP cost,unreviewed
557,0.00055574905426061,nan,293386698.78011847,4,4180800060.8882666,0.00023948088847047238,7.544919612039527,-7.236579839737125,0.8205482981776413,False,0.004407644739376903,61.602560880906864,global minimum cumulative DP cost,unreviewed
557,0.00055574905426061,nan,293386698.78011847,5,3782207775.379986,0.00019369305468203932,5.582710119364744,-9.07971608673182,1.2300757375160272,False,0.004407644739376903,61.602560880906864,global minimum cumulative DP cost,unreviewed
558,0.0005557522542606111,875245616.6674203,nan,1,875245616.6674203,0.0008958253959813748,19.942832865581074,3.6368205925266306,0.0,False,3.0,64.85256088090686,global minimum cumulative DP cost,unreviewed
558,0.0005557522542606111,875245616.6674203,nan,2,nan,0.0005893622849188823,16.02819160947602,-3.6368205925266306,2.0398012870329145,False,3.0,64.85256088090686,global minimum cumulative DP cost,unreviewed
558,0.0005557522542606111,875245616.6674203,nan,3,3437802121.626487,0.0002945778654292634,10.004547015051273,-9.66046518695138,0.6037790741844612,False,3.0,64.85256088090686,global minimum cumulative DP cost,unreviewed
558,0.0005557522542606111,875245616.6674203,nan,4,3761544700.0585794,0.00026547959458964396,9.324507551784809,-10.563844488848533,0.761564147785312,False,3.0,64.85256088090686,global minimum cumulative DP cost,unreviewed
558,0.0005557522542606111,875245616.6674203,nan,5,1596838967.7024632,0.00026082839548307647,9.068021301183,-10.71737000878933,0.8096324303718831,False,3.0,64.85256088090686,global minimum cumulative DP cost,unreviewed
559,0.0005557554542606122,865598054.0597214,nan,1,865598054.0597214,0.00126447882518015,21.522741305483983,7.532836339706597,0.0,False,0.0,65.10256088090686,global minimum cumulative DP cost,unreviewed
559,0.0005557554542606122,865598054.0597214,nan,2,nan,0.0005312142836352814,13.862395972115884,-7.532836339706597,2.2833022712316624,False,0.0,65.10256088090686,global minimum cumulative DP cost,unreviewed
559,0.0005557554542606122,865598054.0597214,nan,3,3459801850.5944076,0.0002872592384618166,8.651576020517737,-12.872751125798656,0.9522635969223394,False,0.0,65.10256088090686,global minimum cumulative DP cost,unreviewed
559,0.0005557554542606122,865598054.0597214,nan,4,3733994496.348957,0.00025810348041413553,7.665275447652764,-13.802354004754323,1.1002086828520854,False,0.0,65.10256088090686,global minimum cumulative DP cost,unreviewed
559,0.0005557554542606122,865598054.0597214,nan,5,1588577838.907152,0.0002570339462639498,7.5645746213047005,-13.838421541143768,1.115313806804295,False,0.0,65.10256088090686,global minimum cumulative DP cost,unreviewed
560,0.0005557586542606133,862192447.2135668,nan,1,862192447.2135668,0.0011651415180303068,20.84651907485224,8.565872538584651,0.0,False,0.0,65.35256088090686,global minimum cumulative DP cost,unreviewed
560,0.0005557586542606133,862192447.2135668,nan,2,nan,0.00043459532577720574,12.054954493378123,-8.565872538584651,2.3478670336615406,False,0.0,65.35256088090686,global minimum cumulative DP cost,unreviewed
560,0.0005557586542606133,862192447.2135668,nan,3,335028537.1137908,0.0003211151266375056,9.660957994467498,-11.194358275455372,0.750503693045836,False,0.0,65.35256088090686,global minimum cumulative DP cost,unreviewed
560,0.0005557586542606133,862192447.2135668,nan,4,1574221510.4598267,0.00022562183424326763,6.3611853996375345,-14.259951047088428,1.2958221900543698,False,0.0,65.35256088090686,global minimum cumulative DP cost,unreviewed
560,0.0005557586542606133,862192447.2135668,nan,5,4265360189.554737,0.00021075306135732327,5.827203341029206,-14.852095722666387,1.3759194988456191,False,0.0,65.35256088090686,global minimum cumulative DP cost,unreviewed
561,0.0005557618542606144,873389074.8180546,nan,1,873389074.8180546,0.000923642767784752,18.944145536215817,5.830626970423003,0.0,False,0.0,65.60256088090686,global minimum cumulative DP cost,unreviewed
561,0.0005557618542606144,873389074.8180546,nan,2,nan,0.00047203335227562177,12.943372367463395,-5.830626970423003,2.176914185651438,False,0.0,65.60256088090686,global minimum cumulative DP cost,unreviewed
561,0.0005557618542606144,873389074.8180546,nan,3,318351204.65277904,0.00040323065221545154,11.817764295154367,-7.1990099148103415,0.44993811967564634,False,0.0,65.60256088090686,global minimum cumulative DP cost,unreviewed
561,0.0005557618542606144,873389074.8180546,nan,4,1579258726.0296288,0.00023036527034893934,7.073880923822147,-12.061740563103127,1.188917861426678,False,0.0,65.60256088090686,global minimum cumulative DP cost,unreviewed
561,0.0005557618542606144,873389074.8180546,nan,5,1766453184.26255,0.0002213417784708339,6.8028458348518495,-12.40881277708203,1.2295731247722226,False,0.0,65.60256088090686,global minimum cumulative DP cost,unreviewed
573,0.0005558002542606275,859447295.4822401,nan,1,859447295.4822401,0.0008465887222250403,19.046611458349876,4.628561748957747,0.0,False,0.0,68.60256088090686,global minimum cumulative DP cost,unreviewed
573,0.0005558002542606275,859447295.4822401,nan,2,nan,0.0004968718483697855,13.999453984280237,-4.628561748957747,2.1017851093098594,False,0.0,68.60256088090686,global minimum cumulative DP cost,unreviewed
573,0.0005558002542606275,859447295.4822401,nan,3,1057339056.3007468,0.0003326286416516145,10.901527500501587,-8.114256729336127,0.5071410455835079,False,0.0,68.60256088090686,global minimum cumulative DP cost,unreviewed
573,0.0005558002542606275,859447295.4822401,nan,4,1781741335.6109426,0.000316377892535966,10.338863697520662,-8.549326999195781,0.5343329374497363,False,0.0,68.60256088090686,global minimum cumulative DP cost,unreviewed
573,0.0005558002542606275,859447295.4822401,nan,5,2258696069.0154424,0.00031041454134445663,10.185653907411378,-8.714608423971768,0.5446630264982355,False,0.0,68.60256088090686,global minimum cumulative DP cost,unreviewed
574,0.0005558034542606286,871556618.7823901,nan,1,871556618.7823901,0.0009018271381567223,16.99162283503557,5.776104424756943,0.0,False,0.0,68.85256088090686,global minimum cumulative DP cost,unreviewed
574,0.0005558034542606286,871556618.7823901,nan,2,nan,0.00046378647432012695,10.891258208950498,-5.776104424756943,2.173506526547309,False,0.0,68.85256088090686,global minimum cumulative DP cost,unreviewed
574,0.0005558034542606286,871556618.7823901,nan,3,2278732186.4135385,0.00039834162147550303,9.718218044615412,-7.097352265579184,0.4858518099063872,False,0.0,68.85256088090686,global minimum cumulative DP cost,unreviewed
574,0.0005558034542606286,871556618.7823901,nan,4,3211440886.616105,0.0002814007247173109,6.866377458157258,-10.115961771163446,1.1022909919741268,False,0.0,68.85256088090686,global minimum cumulative DP cost,unreviewed
574,0.0005558034542606286,871556618.7823901,nan,5,3791453786.844671,0.0002445465472537727,5.512783515650206,-11.335235294575776,1.381534678563455,False,0.0,68.85256088090686,global minimum cumulative DP cost,unreviewed
575,0.0005558066542606297,876372155.0281358,nan,1,876372155.0281358,0.000873420835916806,17.096610470298216,4.128677756618089,0.0,False,0.0,69.10256088090686,global minimum cumulative DP cost,unreviewed
575,0.0005558066542606297,876372155.0281358,nan,2,nan,0.0005429872853280097,12.751433336676943,-4.128677756618089,2.0705423597886305,False,0.0,69.10256088090686,global minimum cumulative DP cost,unreviewed
575,0.0005558066542606297,876372155.0281358,nan,3,3802326211.6203766,0.00029327171752043446,7.458983873934564,-9.479067308775804,0.9735941257083032,False,0.0,69.10256088090686,global minimum cumulative DP cost,unreviewed
575,0.0005558066542606297,876372155.0281358,nan,4,2350319561.46719,0.00026860219912745487,6.826330614080671,-10.242279679726396,1.116192887870799,False,0.0,69.10256088090686,global minimum cumulative DP cost,unreviewed
575,0.0005558066542606297,876372155.0281358,nan,5,3257549980.0797844,0.0002513296313007489,6.253127048788407,-10.819597078059537,1.23825576006046,False,0.0,69.10256088090686,global minimum cumulative DP cost,unreviewed
610,0.0005559186542606679,nan,875766825.3858365,1,nan,0.0006434780433454765,15.21663061030801,2.867044888431618,1.8125,False,0.042788371015414293,74.46811672781753,global minimum cumulative DP cost,unreviewed
610,0.0005559186542606679,nan,875766825.3858365,2,875766825.3858365,0.00046257428706083506,12.365730248174893,-2.867044888431618,0.17919030552697612,True,0.042788371015414293,74.46811672781753,global minimum cumulative DP cost,unreviewed
610,0.0005559186542606679,nan,875766825.3858365,3,5473606373.06309,0.00028012051562075873,8.14654747320179,-7.223776309590679,0.7295038983691489,False,0.042788371015414293,74.46811672781753,global minimum cumulative DP cost,unreviewed
610,0.0005559186542606679,nan,875766825.3858365,4,3064653893.746357,0.0002506205734690502,7.1186268752898485,-8.190340263314333,0.9441022351636685,False,0.042788371015414293,74.46811672781753,global minimum cumulative DP cost,unreviewed
610,0.0005559186542606679,nan,875766825.3858365,5,263247362.75197655,0.00020919769864939577,5.610787183800348,-9.759536598992122,1.2683529598669554,False,0.042788371015414293,74.46811672781753,global minimum cumulative DP cost,unreviewed
611,0.000555921854260669,nan,893274217.9386755,1,nan,0.0005223678864123395,13.059954140281,2.2232101389669623,1.8125,False,0.03065087939992039,74.63771824090288,global minimum cumulative DP cost,unreviewed
611,0.000555921854260669,nan,893274217.9386755,2,893274217.9386755,0.00040440448462692895,11.076254696490615,-2.2232101389669623,0.13895063368543514,True,0.03065087939992039,74.63771824090288,global minimum cumulative DP cost,unreviewed
611,0.000555921854260669,nan,893274217.9386755,3,1427398678.5324268,0.0002840133656232161,7.807128020154419,-5.2927538325711865,0.6597279115125363,False,0.03065087939992039,74.63771824090288,global minimum cumulative DP cost,unreviewed
611,0.000555921854260669,nan,893274217.9386755,4,4244949363.4709287,0.00027939473346422916,7.790755513051577,-5.435165089901712,0.6710844911611205,False,0.03065087939992039,74.63771824090288,global minimum cumulative DP cost,unreviewed
611,0.000555921854260669,nan,893274217.9386755,5,3523522298.3732166,0.00024339485365343838,6.51686859899848,-6.633301574530979,0.9370510585584142,False,0.03065087939992039,74.63771824090288,global minimum cumulative DP cost,unreviewed
612,0.00055592505426067,nan,849835940.361152,1,849835940.361152,0.0006892223053286373,15.076138647973982,0.3735575431229776,0.0,True,0.18868839589019784,74.82640663679308,global minimum cumulative DP cost,unreviewed
612,0.00055592505426067,nan,849835940.361152,2,nan,0.0006602090100018604,14.494452490368603,-0.3735575431229776,1.835847346445186,False,0.18868839589019784,74.82640663679308,global minimum cumulative DP cost,unreviewed
612,0.00055592505426067,nan,849835940.361152,3,4112137741.1252017,0.00033275330474827396,8.879474343757812,-6.324738934351339,0.563375031833287,False,0.18868839589019784,74.82640663679308,global minimum cumulative DP cost,unreviewed
612,0.00055592505426067,nan,849835940.361152,4,1759542032.3377943,0.0002499907070188517,6.179553253280172,-8.808709185652255,1.12361133611124,False,0.18868839589019784,74.82640663679308,global minimum cumulative DP cost,unreviewed
612,0.00055592505426067,nan,849835940.361152,5,4984173118.164856,0.00024153948421307305,5.706021416612375,-9.107423790523379,1.2133107744158549,False,0.18868839589019784,74.82640663679308,global minimum cumulative DP cost,unreviewed
616,0.0005559378542606744,nan,860428472.592466,1,860428472.592466,0.0007843427956203292,16.20772222827231,2.5476948005558953,0.0,True,0.00028140605616582497,74.86828145534633,global minimum cumulative DP cost,unreviewed
616,0.0005559378542606744,nan,860428472.592466,2,nan,0.0005849532682091686,13.453846644764642,-2.5476948005558953,1.9717309250347435,False,0.00028140605616582497,74.86828145534633,global minimum cumulative DP cost,unreviewed
616,0.0005559378542606744,nan,860428472.592466,3,1727480110.1440551,0.00027931472158668707,7.502238236393994,-8.968241710699916,0.9351793714596456,False,0.00028140605616582497,74.86828145534633,global minimum cumulative DP cost,unreviewed
616,0.0005559378542606744,nan,860428472.592466,4,3016718035.239904,0.0002780777809088235,7.203295410451664,-9.006792454764145,0.9824302168550094,False,0.00028140605616582497,74.86828145534633,global minimum cumulative DP cost,unreviewed
616,0.0005559378542606744,nan,860428472.592466,5,698333660.8005123,0.0002491446703693468,6.438538948448063,-9.96108620996809,1.1567870458557963,False,0.00028140605616582497,74.86828145534633,global minimum cumulative DP cost,unreviewed
