time_from_event_s,display_velocity_m_s
-2.2592000007704005e-06,nan
-2.2560000007693093e-06,nan
-2.2528000007682181e-06,nan
-2.2496000007671269e-06,nan
-2.2464000007660356e-06,nan
-2.2432000007649444e-06,nan
-2.2400000007638532e-06,nan
-2.236800000762762e-06,nan
-2.2336000007616708e-06,nan
-2.2304000007605795e-06,nan
-2.2272000007594883e-06,nan
-2.2240000007583971e-06,nan
-2.2208000007573059e-06,nan
-2.2176000007562147e-06,nan
-2.2144000007551234e-06,nan
-2.2112000007540322e-06,nan
-2.208000000752941e-06,nan
-2.2048000007518498e-06,nan
-2.2016000007507586e-06,nan
-2.1984000007496673e-06,nan
-2.1952000007485761e-06,nan
-2.1920000007474849e-06,nan
-2.1888000007463937e-06,nan
-2.1856000007453025e-06,nan
-2.1824000007442113e-06,nan
-2.17920000074312e-06,nan
-2.1760000007420288e-06,nan
-2.1728000007409376e-06,nan
-2.1696000007398464e-06,nan
-2.1664000007387552e-06,nan
-2.1632000007376639e-06,nan
-2.1600000007365727e-06,nan
-2.1568000007354815e-06,nan
-2.1536000007343903e-06,nan
-2.1504000007332991e-06,nan
-2.1472000007322078e-06,nan
-2.1440000007311166e-06,nan
-2.1408000007300254e-06,nan
-2.1376000007289342e-06,nan
-2.134400000727843e-06,nan
-2.1312000007267518e-06,nan
-2.1280000007256605e-06,nan
-2.1248000007245693e-06,nan
-2.1216000007234781e-06,nan
-2.1184000007223869e-06,nan
-2.1152000007212957e-06,nan
-2.1120000007202044e-06,nan
-2.1088000007191132e-06,nan
-2.105600000718022e-06,nan
-2.1024000007169308e-06,nan
-2.0992000007158396e-06,nan
-2.0960000007147483e-06,nan
-2.0928000007136571e-06,nan
-2.0896000007125659e-06,nan
-2.0864000007114747e-06,nan
-2.0832000007103835e-06,nan
-2.0800000007092923e-06,nan
-2.076800000708201e-06,nan
-2.0736000007071098e-06,nan
-2.0704000007060186e-06,nan
-2.0672000007049274e-06,nan
-2.0640000007038362e-06,nan
-2.0608000007027449e-06,nan
-2.0576000007016537e-06,nan
-2.0544000007005625e-06,nan
-2.0512000006994713e-06,nan
-2.0480000006983801e-06,nan
-2.0448000006972888e-06,nan
-2.0416000006961976e-06,nan
-2.0384000006951064e-06,nan
-2.0352000006940152e-06,nan
-2.032000000692924e-06,nan
-2.0288000006918328e-06,nan
-2.0256000006907415e-06,nan
-2.0224000006896503e-06,nan
-2.0192000006885591e-06,nan
-2.0160000006874679e-06,nan
-2.0128000006863767e-06,nan
-2.0096000006852854e-06,nan
-2.0064000006841942e-06,nan
-2.003200000683103e-06,nan
-2.0000000006820118e-06,nan
-1.9968000006809206e-06,nan
-1.9936000006798293e-06,nan
-1.9904000006787381e-06,nan
-1.9872000006776469e-06,nan
-1.9840000006765557e-06,nan
-1.9808000006754645e-06,nan
-1.9776000006743732e-06,nan
-1.974400000673282e-06,nan
-1.9712000006721908e-06,nan
-1.9680000006710996e-06,nan
-1.9648000006700084e-06,nan
-1.9616000006689172e-06,nan
-1.9584000006678259e-06,nan
-1.9552000006667347e-06,nan
-1.9520000006656435e-06,nan
-1.9488000006645523e-06,nan
-1.9456000006634611e-06,nan
-1.9424000006623698e-06,nan
-1.9392000006612786e-06,nan
-1.9360000006601874e-06,nan
-1.9328000006590962e-06,nan
-1.929600000658005e-06,nan
-1.9264000006569137e-06,nan
-1.9232000006558225e-06,nan
-1.9200000006547313e-06,nan
-1.9168000006536401e-06,nan
-1.9136000006525489e-06,nan
-1.9104000006514577e-06,nan
-1.9072000006503664e-06,nan
-1.9040000006492752e-06,nan
-1.900800000648184e-06,nan
-1.8976000006470928e-06,nan
-1.8944000006460016e-06,nan
-1.8912000006449103e-06,nan
-1.8880000006438191e-06,nan
-1.8848000006427279e-06,nan
-1.8816000006416367e-06,nan
-1.8784000006405455e-06,nan
-1.8752000006394542e-06,nan
-1.872000000638363e-06,nan
-1.8688000006372718e-06,nan
-1.8656000006361806e-06,nan
-1.8624000006350894e-06,nan
-1.8592000006339982e-06,nan
-1.8560000006329069e-06,nan
-1.8528000006318157e-06,nan
-1.8496000006307245e-06,nan
-1.8464000006296333e-06,nan
-1.8432000006285421e-06,nan
-1.8400000006274508e-06,nan
-1.8368000006263596e-06,nan
-1.8336000006252684e-06,nan
-1.8304000006241772e-06,nan
-1.827200000623086e-06,nan
-1.8240000006219947e-06,nan
-1.8208000006209035e-06,nan
-1.8176000006198123e-06,nan
-1.8144000006187211e-06,nan
-1.8112000006176299e-06,nan
-1.8080000006165386e-06,nan
-1.8048000006154474e-06,nan
-1.8016000006143562e-06,nan
-1.798400000613265e-06,nan
-1.7952000006121738e-06,nan
-1.7920000006110826e-06,nan
-1.7888000006099913e-06,nan
-1.7856000006089001e-06,nan
-1.7824000006078089e-06,nan
-1.7792000006067177e-06,nan
-1.7760000006056265e-06,nan
-1.7728000006045352e-06,nan
-1.769600000603444e-06,nan
-1.7664000006023528e-06,nan
-1.7632000006012616e-06,nan
-1.7600000006001704e-06,nan
-1.7568000005990791e-06,nan
-1.7536000005979879e-06,nan
-1.7504000005968967e-06,nan
-1.7472000005958055e-06,nan
-1.7440000005947143e-06,nan
-1.7408000005936231e-06,nan
-1.7376000005925318e-06,nan
-1.7344000005914406e-06,nan
-1.7312000005903494e-06,nan
-1.7280000005892582e-06,nan
-1.724800000588167e-06,nan
-1.7216000005870757e-06,nan
-1.7184000005859845e-06,nan
-1.7152000005848933e-06,nan
-1.7120000005838021e-06,nan
-1.7088000005827109e-06,nan
-1.7056000005816196e-06,nan
-1.7024000005805284e-06,nan
-1.6992000005794372e-06,nan
-1.696000000578346e-06,nan
-1.6928000005772548e-06,nan
-1.6896000005761636e-06,nan
-1.6864000005750723e-06,nan
-1.6832000005739811e-06,nan
-1.6800000005728899e-06,nan
-1.6768000005717987e-06,nan
-1.6736000005707075e-06,nan
-1.6704000005696162e-06,nan
-1.667200000568525e-06,nan
-1.6640000005674338e-06,nan
-1.6608000005663426e-06,nan
-1.6576000005652514e-06,nan
-1.6544000005641601e-06,nan
-1.6512000005630689e-06,nan
-1.6480000005619777e-06,nan
-1.6448000005608865e-06,nan
-1.6416000005597953e-06,nan
-1.6384000005587041e-06,nan
-1.6352000005576128e-06,nan
-1.6320000005565216e-06,nan
-1.6288000005554304e-06,nan
-1.6256000005543392e-06,nan
-1.622400000553248e-06,nan
-1.6192000005521567e-06,nan
-1.6160000005510655e-06,nan
-1.6128000005499743e-06,nan
-1.6096000005488831e-06,nan
-1.6064000005477919e-06,nan
-1.6032000005467006e-06,nan
-1.6000000005456094e-06,nan
-1.5968000005445182e-06,nan
-1.593600000543427e-06,nan
-1.5904000005423358e-06,nan
-1.5872000005412445e-06,nan
-1.5840000005401533e-06,nan
-1.5808000005390621e-06,nan
-1.5776000005379709e-06,nan
-1.5744000005368797e-06,nan
-1.5712000005357885e-06,nan
-1.5680000005346972e-06,nan
-1.564800000533606e-06,nan
-1.5616000005325148e-06,nan
-1.5584000005314236e-06,nan
-1.5552000005303324e-06,nan
-1.5520000005292411e-06,nan
-1.5488000005281499e-06,nan
-1.5456000005270587e-06,nan
-1.5424000005259675e-06,nan
-1.5392000005248763e-06,nan
-1.536000000523785e-06,nan
-1.5328000005226938e-06,nan
-1.5296000005216026e-06,nan
-1.5264000005205114e-06,nan
-1.5232000005194202e-06,nan
-1.520000000518329e-06,nan
-1.5168000005172377e-06,nan
-1.5136000005161465e-06,nan
-1.5104000005150553e-06,nan
-1.5072000005139641e-06,nan
-1.5040000005128729e-06,nan
-1.5008000005117816e-06,nan
-1.4976000005106904e-06,nan
-1.4944000005095992e-06,nan
-1.491200000508508e-06,nan
-1.4880000005074168e-06,nan
-1.4848000005063255e-06,nan
-1.4816000005052343e-06,nan
-1.4784000005041431e-06,nan
-1.4752000005030519e-06,nan
-1.4720000005019607e-06,nan
-1.4688000005008695e-06,nan
-1.4656000004997782e-06,nan
-1.462400000498687e-06,nan
-1.4592000004975958e-06,nan
-1.4560000004965046e-06,nan
-1.4528000004954134e-06,nan
-1.4496000004943221e-06,nan
-1.4464000004932309e-06,nan
-1.4432000004921397e-06,nan
-1.4400000004910485e-06,nan
-1.4368000004899573e-06,nan
-1.433600000488866e-06,nan
-1.4304000004877748e-06,nan
-1.4272000004866836e-06,nan
-1.4240000004855924e-06,nan
-1.4208000004845012e-06,nan
-1.4176000004834099e-06,nan
-1.4144000004823187e-06,nan
-1.4112000004812275e-06,nan
-1.4080000004801363e-06,nan
-1.4048000004790451e-06,nan
-1.4016000004779539e-06,nan
-1.3984000004768626e-06,nan
-1.3952000004757714e-06,nan
-1.3920000004746802e-06,nan
-1.388800000473589e-06,nan
-1.3856000004724978e-06,nan
-1.3824000004714065e-06,nan
-1.3792000004703153e-06,nan
-1.3760000004692241e-06,nan
-1.3728000004681329e-06,nan
-1.3696000004670417e-06,nan
-1.3664000004659504e-06,nan
-1.3632000004648592e-06,nan
-1.360000000463768e-06,nan
-1.3568000004626768e-06,nan
-1.3536000004615856e-06,nan
-1.3504000004604944e-06,nan
-1.3472000004594031e-06,nan
-1.3440000004583119e-06,nan
-1.3408000004572207e-06,nan
-1.3376000004561295e-06,nan
-1.3344000004550383e-06,nan
-1.331200000453947e-06,nan
-1.3280000004528558e-06,nan
-1.3248000004517646e-06,nan
-1.3216000004506734e-06,nan
-1.3184000004495822e-06,nan
-1.3152000004484909e-06,nan
-1.3120000004473997e-06,nan
-1.3088000004463085e-06,nan
-1.3056000004452173e-06,nan
-1.3024000004441261e-06,nan
-1.2992000004430349e-06,nan
-1.2960000004419436e-06,nan
-1.2928000004408524e-06,nan
-1.2896000004397612e-06,nan
-1.28640000043867e-06,nan
-1.2832000004375788e-06,nan
-1.2800000004364875e-06,nan
-1.2768000004353963e-06,nan
-1.2736000004343051e-06,nan
-1.2704000004332139e-06,nan
-1.2672000004321227e-06,nan
-1.2640000004310314e-06,nan
-1.2608000004299402e-06,nan
-1.257600000428849e-06,nan
-1.2544000004277578e-06,nan
-1.2512000004266666e-06,nan
-1.2480000004255754e-06,nan
-1.2448000004244841e-06,nan
-1.2416000004233929e-06,nan
-1.2384000004223017e-06,nan
-1.2352000004212105e-06,nan
-1.2320000004201193e-06,nan
-1.228800000419028e-06,nan
-1.2256000004179368e-06,nan
-1.2224000004168456e-06,nan
-1.2192000004157544e-06,nan
-1.2160000004146632e-06,nan
-1.2128000004135719e-06,nan
-1.2096000004124807e-06,nan
-1.2064000004113895e-06,nan
-1.2032000004102983e-06,nan
-1.2000000004092071e-06,nan
-1.1968000004081158e-06,nan
-1.1936000004070246e-06,nan
-1.1904000004059334e-06,nan
-1.1872000004048422e-06,nan
-1.184000000403751e-06,nan
-1.1808000004026598e-06,nan
-1.1776000004015685e-06,nan
-1.1744000004004773e-06,nan
-1.1712000003993861e-06,nan
-1.1680000003982949e-06,nan
-1.1648000003972037e-06,nan
-1.1616000003961124e-06,nan
-1.1584000003950212e-06,nan
-1.15520000039393e-06,nan
-1.1520000003928388e-06,nan
-1.1488000003917476e-06,nan
-1.1456000003906563e-06,nan
-1.1424000003895651e-06,nan
-1.1392000003884739e-06,nan
-1.1360000003873827e-06,nan
-1.1328000003862915e-06,nan
-1.1296000003852003e-06,nan
-1.126400000384109e-06,nan
-1.1232000003830178e-06,nan
-1.1200000003819266e-06,nan
-1.1168000003808354e-06,nan
-1.1136000003797442e-06,nan
-1.1104000003786529e-06,nan
-1.1072000003775617e-06,nan
-1.1040000003764705e-06,nan
-1.1008000003753793e-06,nan
-1.0976000003742881e-06,nan
-1.0944000003731968e-06,nan
-1.0912000003721056e-06,nan
-1.0880000003710144e-06,nan
-1.0848000003699232e-06,nan
-1.081600000368832e-06,nan
-1.0784000003677408e-06,nan
-1.0752000003666495e-06,nan
-1.0720000003655583e-06,nan
-1.0688000003644671e-06,nan
-1.0656000003633759e-06,nan
-1.0624000003622847e-06,nan
-1.0592000003611934e-06,nan
-1.0560000003601022e-06,nan
-1.052800000359011e-06,nan
-1.0496000003579198e-06,nan
-1.0464000003568286e-06,nan
-1.0432000003557373e-06,nan
-1.0400000003546461e-06,nan
-1.0368000003535549e-06,nan
-1.0336000003524637e-06,nan
-1.0304000003513725e-06,nan
-1.0272000003502813e-06,nan
-1.02400000034919e-06,nan
-1.0208000003480988e-06,nan
-1.0176000003470076e-06,nan
-1.0144000003459164e-06,nan
-1.0112000003448252e-06,nan
-1.0080000003437339e-06,nan
-1.0048000003426427e-06,nan
-1.0016000003415515e-06,nan
-9.9840000034046028e-07,nan
-9.9520000033936906e-07,nan
-9.9200000033827784e-07,nan
-9.8880000033718662e-07,nan
-9.8560000033609541e-07,nan
-9.8240000033500419e-07,nan
-9.7920000033391297e-07,nan
-9.7600000033282175e-07,nan
-9.7280000033173053e-07,nan
-9.6960000033063931e-07,nan
-9.6640000032954809e-07,nan
-9.6320000032845687e-07,nan
-9.6000000032736565e-07,nan
-9.5680000032627444e-07,nan
-9.5360000032518322e-07,nan
-9.50400000324092e-07,nan
-9.4720000032300078e-07,nan
-9.4400000032190956e-07,nan
-9.4080000032081834e-07,nan
-9.3760000031972712e-07,nan
-9.344000003186359e-07,nan
-9.3120000031754468e-07,nan
-9.2800000031645347e-07,nan
-9.2480000031536225e-07,nan
-9.2160000031427103e-07,nan
-9.1840000031317981e-07,nan
-9.1520000031208859e-07,nan
-9.1200000031099737e-07,nan
-9.0880000030990615e-07,nan
-9.0560000030881493e-07,nan
-9.0240000030772372e-07,nan
-8.992000003066325e-07,nan
-8.9600000030554128e-07,nan
-8.9280000030445006e-07,nan
-8.8960000030335884e-07,nan
-8.8640000030226762e-07,nan
-8.832000003011764e-07,nan
-8.8000000030008518e-07,nan
-8.7680000029899396e-07,nan
-8.7360000029790275e-07,nan
-8.7040000029681153e-07,nan
-8.6720000029572031e-07,nan
-8.6400000029462909e-07,nan
-8.6080000029353787e-07,nan
-8.5760000029244665e-07,nan
-8.5440000029135543e-07,nan
-8.5120000029026421e-07,nan
-8.4800000028917299e-07,nan
-8.4480000028808178e-07,nan
-8.4160000028699056e-07,nan
-8.3840000028589934e-07,nan
-8.3520000028480812e-07,nan
-8.320000002837169e-07,nan
-8.2880000028262568e-07,nan
-8.2560000028153446e-07,nan
-8.2240000028044324e-07,nan
-8.1920000027935203e-07,nan
-8.1600000027826081e-07,nan
-8.1280000027716959e-07,nan
-8.0960000027607837e-07,nan
-8.0640000027498715e-07,nan
-8.0320000027389593e-07,nan
-8.0000000027280471e-07,nan
-7.9680000027171349e-07,nan
-7.9360000027062227e-07,nan
-7.9040000026953106e-07,nan
-7.8720000026843984e-07,nan
-7.8400000026734862e-07,nan
-7.808000002662574e-07,nan
-7.7760000026516618e-07,nan
-7.7440000026407496e-07,nan
-7.7120000026298374e-07,nan
-7.6800000026189252e-07,nan
-7.648000002608013e-07,nan
-7.6160000025971009e-07,nan
-7.5840000025861887e-07,nan
-7.5520000025752765e-07,nan
-7.5200000025643643e-07,nan
-7.4880000025534521e-07,nan
-7.4560000025425399e-07,nan
-7.4240000025316277e-07,nan
-7.3920000025207155e-07,nan
-7.3600000025098034e-07,nan
-7.3280000024988912e-07,nan
-7.296000002487979e-07,nan
-7.2640000024770668e-07,nan
-7.2320000024661546e-07,nan
-7.2000000024552424e-07,nan
-7.1680000024443302e-07,nan
-7.136000002433418e-07,nan
-7.1040000024225058e-07,nan
-7.0720000024115937e-07,nan
-7.0400000024006815e-07,nan
-7.0080000023897693e-07,nan
-6.9760000023788571e-07,nan
-6.9440000023679449e-07,nan
-6.9120000023570327e-07,nan
-6.8800000023461205e-07,nan
-6.8480000023352083e-07,nan
-6.8160000023242961e-07,nan
-6.784000002313384e-07,nan
-6.7520000023024718e-07,nan
-6.7200000022915596e-07,nan
-6.6880000022806474e-07,nan
-6.6560000022697352e-07,nan
-6.624000002258823e-07,nan
-6.5920000022479108e-07,nan
-6.5600000022369986e-07,nan
-6.5280000022260865e-07,nan
-6.4960000022151743e-07,nan
-6.4640000022042621e-07,nan
-6.4320000021933499e-07,nan
-6.4000000021824377e-07,nan
-6.3680000021715255e-07,nan
-6.3360000021606133e-07,nan
-6.3040000021497011e-07,nan
-6.2720000021387889e-07,nan
-6.2400000021278768e-07,nan
-6.2080000021169646e-07,nan
-6.1760000021060524e-07,nan
-6.1440000020951402e-07,nan
-6.112000002084228e-07,nan
-6.0800000020733158e-07,nan
-6.0480000020624036e-07,nan
-6.0160000020514914e-07,nan
-5.9840000020405792e-07,nan
-5.9520000020296671e-07,nan
-5.9200000020187549e-07,nan
-5.8880000020078427e-07,nan
-5.8560000019969305e-07,nan
-5.8240000019860183e-07,nan
-5.7920000019751061e-07,nan
-5.7600000019641939e-07,nan
-5.7280000019532817e-07,nan
-5.6960000019423696e-07,nan
-5.6640000019314574e-07,nan
-5.6320000019205452e-07,nan
-5.600000001909633e-07,nan
-5.5680000018987208e-07,nan
-5.5360000018878086e-07,nan
-5.5040000018768964e-07,nan
-5.4720000018659842e-07,nan
-5.440000001855072e-07,nan
-5.4080000018441599e-07,nan
-5.3760000018332477e-07,nan
-5.3440000018223355e-07,nan
-5.3120000018114233e-07,nan
-5.2800000018005111e-07,nan
-5.2480000017895989e-07,nan
-5.2160000017786867e-07,nan
-5.1840000017677745e-07,nan
-5.1520000017568623e-07,nan
-5.1200000017459502e-07,nan
-5.088000001735038e-07,nan
-5.0560000017241258e-07,nan
-5.0240000017132136e-07,nan
-4.9920000017023014e-07,nan
-4.9600000016913892e-07,nan
-4.928000001680477e-07,nan
-4.8960000016695648e-07,nan
-4.8640000016586526e-07,nan
-4.8320000016477405e-07,nan
-4.8000000016368283e-07,nan
-4.7680000016259161e-07,nan
-4.7360000016150039e-07,nan
-4.7040000016040917e-07,nan
-4.6720000015931795e-07,nan
-4.6400000015822673e-07,nan
-4.6080000015713551e-07,nan
-4.576000001560443e-07,nan
-4.5440000015495308e-07,nan
-4.5120000015386186e-07,nan
-4.4800000015277064e-07,nan
-4.4480000015167942e-07,nan
-4.416000001505882e-07,nan
-4.3840000014949698e-07,nan
-4.3520000014840576e-07,nan
-4.3200000014731454e-07,nan
-4.2880000014622333e-07,nan
-4.2560000014513211e-07,nan
-4.2240000014404089e-07,nan
-4.1920000014294967e-07,nan
-4.1600000014185845e-07,nan
-4.1280000014076723e-07,nan
-4.0960000013967601e-07,nan
-4.0640000013858479e-07,nan
-4.0320000013749357e-07,nan
-4.0000000013640236e-07,nan
-3.9680000013531114e-07,nan
-3.9360000013421992e-07,nan
-3.904000001331287e-07,nan
-3.8720000013203748e-07,nan
-3.8400000013094626e-07,nan
-3.8080000012985504e-07,nan
-3.7760000012876382e-07,nan
-3.7440000012767261e-07,nan
-3.7120000012658139e-07,nan
-3.6800000012549017e-07,nan
-3.6480000012439895e-07,nan
-3.6160000012330773e-07,nan
-3.5840000012221651e-07,nan
-3.5520000012112529e-07,nan
-3.5200000012003407e-07,nan
-3.4880000011894285e-07,nan
-3.4560000011785164e-07,nan
-3.4240000011676042e-07,nan
-3.392000001156692e-07,nan
-3.3600000011457798e-07,nan
-3.3280000011348676e-07,nan
-3.2960000011239554e-07,nan
-3.2640000011130432e-07,nan
-3.232000001102131e-07,nan
-3.2000000010912188e-07,nan
-3.1680000010803067e-07,nan
-3.1360000010693945e-07,nan
-3.1040000010584823e-07,nan
-3.0720000010475701e-07,nan
-3.0400000010366579e-07,nan
-3.0080000010257457e-07,nan
-2.9760000010148335e-07,nan
-2.9440000010039213e-07,nan
-2.9120000009930092e-07,nan
-2.880000000982097e-07,nan
-2.8480000009711848e-07,nan
-2.8160000009602726e-07,nan
-2.7840000009493604e-07,nan
-2.7520000009384482e-07,nan
-2.720000000927536e-07,nan
-2.6880000009166238e-07,nan
-2.6560000009057116e-07,nan
-2.6240000008947995e-07,nan
-2.5920000008838873e-07,nan
-2.5600000008729751e-07,nan
-2.5280000008620629e-07,nan
-2.4960000008511507e-07,nan
-2.4640000008402385e-07,nan
-2.4320000008293263e-07,nan
-2.4000000008184141e-07,nan
-2.3680000008075019e-07,nan
-2.3360000007965898e-07,nan
-2.3040000007856776e-07,nan
-2.2720000007747654e-07,nan
-2.2400000007638532e-07,nan
-2.208000000752941e-07,nan
-2.1760000007420288e-07,nan
-2.1440000007311166e-07,nan
-2.1120000007202044e-07,nan
-2.0800000007092923e-07,nan
-2.0480000006983801e-07,nan
-2.0160000006874679e-07,nan
-1.9840000006765557e-07,nan
-1.9520000006656435e-07,nan
-1.9200000006547313e-07,nan
-1.8880000006438191e-07,nan
-1.8560000006329069e-07,nan
-1.8240000006219947e-07,nan
-1.7920000006110826e-07,nan
-1.7600000006001704e-07,nan
-1.7280000005892582e-07,nan
-1.696000000578346e-07,nan
-1.6640000005674338e-07,nan
-1.6320000005565216e-07,nan
-1.6000000005456094e-07,nan
-1.5680000005346972e-07,nan
-1.536000000523785e-07,nan
-1.5040000005128729e-07,nan
-1.4720000005019607e-07,nan
-1.4400000004910485e-07,nan
-1.4080000004801363e-07,nan
-1.3760000004692241e-07,nan
-1.3440000004583119e-07,nan
-1.3120000004473997e-07,nan
-1.2800000004364875e-07,nan
-1.2480000004255754e-07,nan
-1.2160000004146632e-07,nan
-1.184000000403751e-07,nan
-1.1520000003928388e-07,nan
-1.1200000003819266e-07,nan
-1.0880000003710144e-07,nan
-1.0560000003601022e-07,104.17633285807518
-1.02400000034919e-07,109.53021956005438
-9.9200000033827784e-08,104.58837117892659
-9.6000000032736565e-08,107.02033747964983
-9.2800000031645347e-08,nan
-8.9600000030554128e-08,nan
-8.6400000029462909e-08,nan
-8.320000002837169e-08,nan
-8.0000000027280471e-08,nan
-7.6800000026189252e-08,nan
-7.3600000025098034e-08,nan
-7.0400000024006815e-08,nan
-6.7200000022915596e-08,nan
-6.4000000021824377e-08,nan
-6.0800000020733158e-08,nan
-5.7600000019641939e-08,nan
-5.440000001855072e-08,nan
-5.1200000017459502e-08,nan
-4.8000000016368283e-08,nan
-4.4800000015277064e-08,nan
-4.1600000014185845e-08,nan
-3.8400000013094626e-08,nan
-3.5200000012003407e-08,nan
-3.2000000010912188e-08,nan
-2.880000000982097e-08,82.100533887366254
-2.5600000008729751e-08,89.076780132946766
-2.2400000007638532e-08,74.674136403675064
-1.9200000006547313e-08,67.61625261977791
-1.6000000005456094e-08,87.770224410897981
-1.2800000004364875e-08,80.537274170761947
-9.6000000032736565e-09,nan
-6.4000000021824377e-09,nan
-3.2000000010912188e-09,nan
0,425.94857162192699
3.2000000010912188e-09,435.49580034748931
6.4000000021824377e-09,445.07723841757803
9.6000000032736565e-09,450.52809784973584
1.2800000004364875e-08,450.58346460748629
1.6000000005456094e-08,448.60638780507264
1.9200000006547313e-08,445.68601830709247
2.2400000007638532e-08,441.70062888207099
2.5600000008729751e-08,438.27475615218935
2.880000000982097e-08,435.85211788027647
3.2000000010912188e-08,433.34811327111601
3.5200000012003407e-08,430.73437303475856
3.8400000013094626e-08,429.69464599939602
4.1600000014185845e-08,431.04158609187539
4.4800000015277064e-08,434.23518249875411
4.8000000016368283e-08,437.84517187777016
5.1200000017459502e-08,441.03041203150428
5.440000001855072e-08,442.51187672886772
5.7600000019641939e-08,442.12653688354698
6.0800000020733158e-08,441.34179327202105
6.4000000021824377e-08,440.76006695133083
6.7200000022915596e-08,439.60332678747335
7.0400000024006815e-08,439.0498587152303
7.3600000025098034e-08,440.9545085061448
7.6800000026189252e-08,443.17253994122996
8.0000000027280471e-08,442.46087188619293
8.320000002837169e-08,439.69400642809995
8.6400000029462909e-08,438.21055900150736
8.9600000030554128e-08,438.76861175033599
9.2800000031645347e-08,439.79378630576645
9.6000000032736565e-08,440.50649036439023
9.9200000033827784e-08,441.22103846695774
1.02400000034919e-07,442.13595050804867
1.0560000003601022e-07,443.48882435104082
1.0880000003710144e-07,445.2490903060081
1.1200000003819266e-07,445.81728653571821
1.1520000003928388e-07,443.7433628362337
1.184000000403751e-07,440.2802628586868
1.2160000004146632e-07,438.6682397095646
1.2480000004255754e-07,440.16923981297771
1.2800000004364875e-07,443.25972519471622
1.3120000004473997e-07,444.90224351401991
1.3440000004583119e-07,443.8885181280404
1.3760000004692241e-07,442.12737039237567
1.4080000004801363e-07,441.08256199622741
1.4400000004910485e-07,440.9538284080632
1.4720000005019607e-07,442.60033384542606
1.5040000005128729e-07,446.76347171026964
1.536000000523785e-07,450.84641218531863
1.5680000005346972e-07,451.63619012930576
1.6000000005456094e-07,448.93675762985464
1.6320000005565216e-07,446.10217650307914
1.6640000005674338e-07,446.00055705396727
1.696000000578346e-07,447.21318050832002
1.7280000005892582e-07,446.47567287431724
1.7600000006001704e-07,443.29633857292026
1.7920000006110826e-07,440.14431459907973
1.8240000006219947e-07,439.10095580597323
1.8560000006329069e-07,439.87040980168547
1.8880000006438191e-07,440.28945986953022
1.9200000006547313e-07,439.76932856886856
1.9520000006656435e-07,439.93780982352177
1.9840000006765557e-07,441.72941670470613
2.0160000006874679e-07,443.87385909730784
2.0480000006983801e-07,444.53166976033174
2.0800000007092923e-07,443.5429250690986
2.1120000007202044e-07,442.16191806061693
2.1440000007311166e-07,441.45006583981512
2.1760000007420288e-07,441.08758059810748
2.208000000752941e-07,440.65487283578256
2.2400000007638532e-07,440.37646688608334
2.2720000007747654e-07,441.09989825135199
2.3040000007856776e-07,443.06414589790182
2.3360000007965898e-07,445.20463532206253
2.3680000008075019e-07,446.13945921866389
2.4000000008184141e-07,446.10408113365872
2.4320000008293263e-07,446.66666145494264
2.4640000008402385e-07,447.91815923441959
2.4960000008511507e-07,448.02788194505058
2.5280000008620629e-07,446.24901289021739
2.5600000008729751e-07,444.12738201475474
2.5920000008838873e-07,443.26368449122253
2.6240000008947995e-07,443.4709454109165
2.6560000009057116e-07,443.97580965731225
2.6880000009166238e-07,444.68852105336543
2.720000000927536e-07,445.32249783766952
2.7520000009384482e-07,445.61480259396819
2.7840000009493604e-07,446.02634089630601
2.8160000009602726e-07,446.70813296761514
2.8480000009711848e-07,447.05193348677989
2.880000000982097e-07,446.63117122896165
2.9120000009930092e-07,445.28035134210091
2.9440000010039213e-07,443.46366172949558
2.9760000010148335e-07,442.26169184581124
3.0080000010257457e-07,442.08519893230687
3.0400000010366579e-07,442.59034432698894
3.0720000010475701e-07,443.57149934628791
3.1040000010584823e-07,444.82994576314235
3.1360000010693945e-07,446.22677641619384
3.1680000010803067e-07,447.58974658978019
3.2000000010912188e-07,448.55796641448597
3.232000001102131e-07,448.90537226940558
3.2640000011130432e-07,448.64761392835322
3.2960000011239554e-07,447.71373734523974
3.3280000011348676e-07,445.934066680412
3.3600000011457798e-07,443.56855810922605
3.392000001156692e-07,441.64850132693579
3.4240000011676042e-07,441.05171506648333
3.4560000011785164e-07,441.55510641594344
3.4880000011894285e-07,442.61650225493645
3.5200000012003407e-07,443.83325109148279
3.5520000012112529e-07,444.75621600976081
3.5840000012221651e-07,445.25916501209264
3.6160000012330773e-07,445.83418573810633
3.6480000012439895e-07,446.56423920092919
3.6800000012549017e-07,447.06356789822769
3.7120000012658139e-07,446.81766033402414
3.7440000012767261e-07,445.39176948083195
3.7760000012876382e-07,443.09959680644806
3.8080000012985504e-07,440.83969626318958
3.8400000013094626e-07,439.55567601642673
3.8720000013203748e-07,439.43611597340373
3.904000001331287e-07,440.11039609365628
3.9360000013421992e-07,441.1029427325692
3.9680000013531114e-07,442.55716744512802
4.0000000013640236e-07,444.65777541574045
4.0320000013749357e-07,446.77632680858807
4.0640000013858479e-07,447.67461278068419
4.0960000013967601e-07,446.99496822207919
4.1280000014076723e-07,445.44899388541933
4.1600000014185845e-07,443.93744782554808
4.1920000014294967e-07,443.19149006753543
4.2240000014404089e-07,443.27938626366085
4.2560000014513211e-07,443.56591085372094
4.2880000014622333e-07,443.4200037203409
4.3200000014731454e-07,443.23014574315016
4.3520000014840576e-07,443.78647237405534
4.3840000014949698e-07,444.80787685822554
4.416000001505882e-07,445.28248722566798
4.4480000015167942e-07,445.07903849242422
4.4800000015277064e-07,444.47645525994182
4.5120000015386186e-07,443.28954721729013
4.5440000015495308e-07,441.56545443626123
4.576000001560443e-07,440.12722716010069
4.6080000015713551e-07,440.05659316206265
4.6400000015822673e-07,441.52768859484951
4.6720000015931795e-07,443.30464267008392
4.7040000016040917e-07,444.31119423413861
4.7360000016150039e-07,444.71834193822173
4.7680000016259161e-07,445.03944429354323
4.8000000016368283e-07,445.48646540983623
4.8320000016477405e-07,446.18011932767195
4.8640000016586526e-07,446.79908060221749
4.8960000016695648e-07,446.93232074291996
4.928000001680477e-07,446.505892229822
4.9600000016913892e-07,445.65662707440976
4.9920000017023014e-07,444.46201330444677
5.0240000017132136e-07,443.29639939949897
5.0560000017241258e-07,442.45727778886317
5.088000001735038e-07,442.06410466207234
5.1200000017459502e-07,441.80571973811942
5.1520000017568623e-07,441.43670454426319
5.1840000017677745e-07,441.28378963507095
5.2160000017786867e-07,441.55880039779993
5.2480000017895989e-07,441.74527674792137
5.2800000018005111e-07,441.53224737248308
5.3120000018114233e-07,440.81023340012655
5.3440000018223355e-07,439.16329652894967
5.3760000018332477e-07,436.52971425079892
5.4080000018441599e-07,433.61436401685319
5.440000001855072e-07,430.69877475954979
5.4720000018659842e-07,427.64077510978638
5.5040000018768964e-07,424.95784924023957
5.5360000018878086e-07,423.22569886649501
5.5680000018987208e-07,421.81173690310516
5.600000001909633e-07,419.83582083602982
5.6320000019205452e-07,417.37357110610958
5.6640000019314574e-07,414.8136008293481
5.6960000019423696e-07,412.24213251773131
5.7280000019532817e-07,409.85441813673248
5.7600000019641939e-07,407.6254182340009
5.7920000019751061e-07,405.27351683566513
5.8240000019860183e-07,402.44595523594853
5.8560000019969305e-07,398.89392230218374
5.8880000020078427e-07,394.65470169570318
5.9200000020187549e-07,390.07303467111149
5.9520000020296671e-07,385.16705271116103
5.9840000020405792e-07,379.67256769507782
6.0160000020514914e-07,373.57528079065486
6.0480000020624036e-07,366.98216385811605
6.0800000020733158e-07,360.22730705467524
6.112000002084228e-07,353.60729324545918
6.1440000020951402e-07,347.37494577220809
6.1760000021060524e-07,341.44196375533977
6.2080000021169646e-07,335.80819593047028
6.2400000021278768e-07,330.54503271798046
6.2720000021387889e-07,325.38090616890685
6.3040000021497011e-07,319.47101034434894
6.3360000021606133e-07,312.10535393186558
6.3680000021715255e-07,304.20109575442552
6.4000000021824377e-07,297.2923793079608
6.4320000021933499e-07,291.17763899139919
6.4640000022042621e-07,284.37428431889157
6.4960000022151743e-07,276.67726053546369
6.5280000022260865e-07,269.24260118594179
6.5600000022369986e-07,262.67997578447432
6.5920000022479108e-07,256.96649937803977
6.624000002258823e-07,252.22432189745493
6.6560000022697352e-07,248.65942574308545
6.6880000022806474e-07,246.13711282202854
6.7200000022915596e-07,244.40010615067436
6.7520000023024718e-07,243.1917866446974
6.784000002313384e-07,242.32922486619867
6.8160000023242961e-07,241.83654527783077
6.8480000023352083e-07,241.56118389409087
6.8800000023461205e-07,241.24234177139681
6.9120000023570327e-07,241.05059760350872
6.9440000023679449e-07,241.23826608207014
6.9760000023788571e-07,241.51289560532391
7.0080000023897693e-07,241.09370502659661
7.0400000024006815e-07,240.4592074934809
7.0720000024115937e-07,240.58498562010178
7.1040000024225058e-07,241.15358316515659
7.136000002433418e-07,241.41968039771862
7.1680000024443302e-07,242.24714341517426
7.2000000024552424e-07,244.69749478006952
7.2320000024661546e-07,248.02560125495904
7.2640000024770668e-07,249.94801996301973
7.296000002487979e-07,250.63305139538326
7.3280000024988912e-07,253.06308813173237
7.3600000025098034e-07,256.94042278731831
7.3920000025207155e-07,256.69663714212794
7.4240000025316277e-07,251.59165525166421
7.4560000025425399e-07,248.2276394881772
7.4880000025534521e-07,248.69977295439378
7.5200000025643643e-07,250.14469263875503
7.5520000025752765e-07,252.04242473801276
7.5840000025861887e-07,255.2350211238107
7.6160000025971009e-07,257.45815799308036
7.648000002608013e-07,254.69630276209534
7.6800000026189252e-07,247.12176472991973
7.7120000026298374e-07,241.78092178317138
7.7440000026407496e-07,243.34046360201691
7.7760000026516618e-07,249.17835379181869
7.808000002662574e-07,255.41330728877725
7.8400000026734862e-07,260.23481187394549
7.8720000026843984e-07,263.50006885300496
7.9040000026953106e-07,265.26480620626688
7.9360000027062227e-07,265.82247704441153
7.9680000027171349e-07,266.22760197907974
8.0000000027280471e-07,267.15599107188245
8.0320000027389593e-07,268.38558707510532
8.0640000027498715e-07,269.27281875777004
8.0960000027607837e-07,269.98333924764074
8.1280000027716959e-07,271.17829977259379
8.1600000027826081e-07,272.91400133697084
8.1920000027935203e-07,274.36342879381039
8.2240000028044324e-07,274.98385580218434
8.2560000028153446e-07,275.27857747264108
8.2880000028262568e-07,276.03615423008756
8.320000002837169e-07,277.05656247772703
8.3520000028480812e-07,277.94553795453351
8.3840000028589934e-07,278.89295075389555
8.4160000028699056e-07,280.04999164903489
8.4480000028808178e-07,280.93353786946608
8.4800000028917299e-07,281.16621870531719
8.5120000029026421e-07,281.00480178047695
8.5440000029135543e-07,281.11247190503019
8.5760000029244665e-07,281.72652354347406
8.6080000029353787e-07,282.20376208915644
8.6400000029462909e-07,281.79484449322138
8.6720000029572031e-07,281.13892284670061
8.7040000029681153e-07,281.47301116127528
8.7360000029790275e-07,282.09813716231776
8.7680000029899396e-07,281.6933213854407
8.8000000030008518e-07,280.8351636762165
8.832000003011764e-07,279.59032305184445
8.8640000030226762e-07,277.46483573263816
8.8960000030335884e-07,274.76892084821628
8.9280000030445006e-07,271.76868517702769
8.9600000030554128e-07,267.99132303129687
8.992000003066325e-07,263.04299533938661
9.0240000030772372e-07,256.46911596796735
9.0560000030881493e-07,248.78046376360689
9.0880000030990615e-07,241.92105078829357
9.1200000031099737e-07,236.71766308711511
9.1520000031208859e-07,233.05576173344386
9.1840000031317981e-07,231.24415112665687
9.2160000031427103e-07,231.11536152716423
9.2480000031536225e-07,232.28290685777412
9.2800000031645347e-07,234.44943810123701
9.3120000031754468e-07,236.66827962132663
9.344000003186359e-07,236.19997568911694
9.3760000031972712e-07,232.33398118547041
9.4080000032081834e-07,227.77499403603153
9.4400000032190956e-07,223.02489972949729
9.4720000032300078e-07,218.93119583740804
9.50400000324092e-07,215.9678509324319
9.5360000032518322e-07,214.70542911271846
9.5680000032627444e-07,214.21674913529554
9.6000000032736565e-07,214.30140815729416
9.6320000032845687e-07,214.67100485195306
9.6640000032954809e-07,214.85303338751913
9.6960000033063931e-07,214.1577473502301
9.7280000033173053e-07,212.88662584480673
9.7600000033282175e-07,211.58383369553596
9.7920000033391297e-07,209.43376510012047
9.8240000033500419e-07,201.99323970361925
9.8560000033609541e-07,nan
9.8880000033718662e-07,nan
9.9200000033827784e-07,nan
9.9520000033936906e-07,200.17383081762208
9.9840000034046028e-07,202.24779706204544
1.0016000003415515e-06,203.39153628606212
1.0048000003426427e-06,205.12245948996812
1.0080000003437339e-06,209.16661368156952
1.0112000003448252e-06,216.7284935847068
1.0144000003459164e-06,232.14022886819632
1.0176000003470076e-06,245.81646697630939
1.0208000003480988e-06,nan
1.02400000034919e-06,236.65811749138442
1.0272000003502813e-06,232.11910945794469
1.0304000003513725e-06,232.05598803383751
1.0336000003524637e-06,231.31448550829424
1.0368000003535549e-06,222.08885815876172
1.0400000003546461e-06,210.82381540169089
1.0432000003557373e-06,212.44017641955006
1.0464000003568286e-06,233.91230443052302
1.0496000003579198e-06,245.61817509279706
1.052800000359011e-06,241.99019253705501
1.0560000003601022e-06,nan
1.0592000003611934e-06,nan
1.0624000003622847e-06,nan
1.0656000003633759e-06,nan
1.0688000003644671e-06,nan
1.0720000003655583e-06,373.07358499900158
1.0752000003666495e-06,378.58291757700368
1.0784000003677408e-06,393.78289760085732
1.081600000368832e-06,399.46538329848579
1.0848000003699232e-06,389.04777301706542
1.0880000003710144e-06,nan
1.0912000003721056e-06,397.97400955437502
1.0944000003731968e-06,410.5550650009464
1.0976000003742881e-06,406.8412149363931
1.1008000003753793e-06,408.83046886331113
1.1040000003764705e-06,413.63860419355177
1.1072000003775617e-06,408.38415720084453
1.1104000003786529e-06,393.91682729388185
1.1136000003797442e-06,392.19410272398744
1.1168000003808354e-06,398.81852098246674
1.1200000003819266e-06,399.14453258874107
1.1232000003830178e-06,396.18630889953994
1.126400000384109e-06,390.06372234633716
1.1296000003852003e-06,381.07047806980273
1.1328000003862915e-06,374.98921634995759
1.1360000003873827e-06,355.3019233810324
1.1392000003884739e-06,nan
1.1424000003895651e-06,414.41873938485355
1.1456000003906563e-06,402.65554082051813
1.1488000003917476e-06,401.62834158688645
1.1520000003928388e-06,405.13336546432794
1.15520000039393e-06,410.07101034342151
1.1584000003950212e-06,409.61123521433251
1.1616000003961124e-06,402.02144543144061
1.1648000003972037e-06,397.42037034294725
1.1680000003982949e-06,402.1913425028207
1.1712000003993861e-06,410.61767853094682
1.1744000004004773e-06,411.13679282976818
1.1776000004015685e-06,405.93050059321865
1.1808000004026598e-06,401.72904981419327
1.184000000403751e-06,399.649902295137
1.1872000004048422e-06,398.61476527669231
1.1904000004059334e-06,396.61390295595282
1.1936000004070246e-06,393.63315844804879
1.1968000004081158e-06,391.01992035045635
1.2000000004092071e-06,388.1683489984207
1.2032000004102983e-06,390.97465583364436
1.2064000004113895e-06,405.34410622055748
1.2096000004124807e-06,417.72471917092383
1.2128000004135719e-06,416.74520549169995
1.2160000004146632e-06,404.69380672449267
1.2192000004157544e-06,394.72007754133585
1.2224000004168456e-06,391.16023572453543
1.2256000004179368e-06,nan
1.228800000419028e-06,nan
1.2320000004201193e-06,nan
1.2352000004212105e-06,nan
1.2384000004223017e-06,408.93530299163655
1.2416000004233929e-06,416.1492985545076
1.2448000004244841e-06,407.43063254586798
1.2480000004255754e-06,398.22280460550502
1.2512000004266666e-06,400.06107302983787
1.2544000004277578e-06,404.16337112652656
1.257600000428849e-06,406.36730650987613
1.2608000004299402e-06,408.41333703719516
1.2640000004310314e-06,413.91286895102365
1.2672000004321227e-06,418.2948367696282
1.2704000004332139e-06,414.10097950764941
1.2736000004343051e-06,405.43605705717465
1.2768000004353963e-06,404.17008253394363
1.2800000004364875e-06,420.8389527142437
1.2832000004375788e-06,427.51622333213567
1.28640000043867e-06,417.34666333533158
1.2896000004397612e-06,408.01209630219864
1.2928000004408524e-06,406.72426082066471
1.2960000004419436e-06,404.7466593749927
1.2992000004430349e-06,404.72220669446682
1.3024000004441261e-06,406.26129045109485
1.3056000004452173e-06,406.734724099137
1.3088000004463085e-06,406.45450879957372
1.3120000004473997e-06,409.47632792784952
1.3152000004484909e-06,414.03442380753125
1.3184000004495822e-06,416.4337635447402
1.3216000004506734e-06,418.49776848614721
1.3248000004517646e-06,419.8095914849672
1.3280000004528558e-06,416.82582065185704
1.331200000453947e-06,410.12234892444206
1.3344000004550383e-06,406.50697983278235
1.3376000004561295e-06,405.23079282810687
1.3408000004572207e-06,404.15097843442618
1.3440000004583119e-06,402.39896153645134
1.3472000004594031e-06,402.51273758833895
1.3504000004604944e-06,404.08562663210591
1.3536000004615856e-06,404.85321687004222
1.3568000004626768e-06,404.58571567934968
1.360000000463768e-06,404.65352468414585
1.3632000004648592e-06,404.89462259815707
1.3664000004659504e-06,404.19736978447401
1.3696000004670417e-06,403.54242723855458
1.3728000004681329e-06,404.76053113718075
1.3760000004692241e-06,405.90629954639343
1.3792000004703153e-06,405.43045100520106
1.3824000004714065e-06,403.23916402681732
1.3856000004724978e-06,402.69429330951408
1.388800000473589e-06,402.93928860889383
1.3920000004746802e-06,401.78654281764796
1.3952000004757714e-06,nan
1.3984000004768626e-06,nan
1.4016000004779539e-06,nan
1.4048000004790451e-06,415.93082300624167
1.4080000004801363e-06,405.74401771486566
1.4112000004812275e-06,401.64010540263104
1.4144000004823187e-06,401.66761798870283
1.4176000004834099e-06,403.999987089922
1.4208000004845012e-06,406.15380684180241
1.4240000004855924e-06,407.39282093817548
1.4272000004866836e-06,407.85548523133548
1.4304000004877748e-06,406.73509352532784
1.433600000488866e-06,405.94571458039314
1.4368000004899573e-06,407.3215323114498
1.4400000004910485e-06,407.71221116447668
1.4432000004921397e-06,406.9854301371526
1.4464000004932309e-06,406.76419603565819
1.4496000004943221e-06,409.81783764166909
1.4528000004954134e-06,415.60388822735047
1.4560000004965046e-06,417.64689784759702
1.4592000004975958e-06,412.9577578106676
1.462400000498687e-06,408.1235339353168
1.4656000004997782e-06,406.11653499729692
1.4688000005008695e-06,405.32164601181523
1.4720000005019607e-06,407.11456046933245
1.4752000005030519e-06,411.16123609208654
1.4784000005041431e-06,412.82322437929753
1.4816000005052343e-06,410.30716026785342
1.4848000005063255e-06,408.35982150959052
1.4880000005074168e-06,408.77873360202295
1.491200000508508e-06,409.27433144386521
1.4944000005095992e-06,409.36942724150231
1.4976000005106904e-06,409.44367056636037
1.5008000005117816e-06,410.11556900200242
1.5040000005128729e-06,410.96586192705212
1.5072000005139641e-06,410.80440646270193
1.5104000005150553e-06,410.12309143106046
1.5136000005161465e-06,410.08084433899342
1.5168000005172377e-06,411.02483631678115
1.520000000518329e-06,412.30775044176926
1.5232000005194202e-06,412.50033004804368
1.5264000005205114e-06,412.42389012510296
1.5296000005216026e-06,413.22371028070427
1.5328000005226938e-06,413.51751716285344
1.536000000523785e-06,412.26068351875705
1.5392000005248763e-06,410.98280137219103
1.5424000005259675e-06,410.00502351892379
1.5456000005270587e-06,409.84069478841633
1.5488000005281499e-06,409.18608736373164
1.5520000005292411e-06,407.76732145049067
1.5552000005303324e-06,409.39377834831146
1.5584000005314236e-06,413.16315978050352
1.5616000005325148e-06,412.56783316714859
1.564800000533606e-06,408.1786836963559
1.5680000005346972e-06,405.53136038129458
1.5712000005357885e-06,406.66074058048463
1.5744000005368797e-06,411.66829933650979
1.5776000005379709e-06,415.38439907941404
1.5808000005390621e-06,417.86443936794433
1.5840000005401533e-06,420.75733161334341
1.5872000005412445e-06,416.6295951561944
1.5904000005423358e-06,407.28733655993767
1.593600000543427e-06,403.07547092751275
1.5968000005445182e-06,401.47728994003205
1.6000000005456094e-06,405.35512778147165
1.6032000005467006e-06,413.91458076770056
1.6064000005477919e-06,410.90137268716995
1.6096000005488831e-06,395.77830530200879
1.6128000005499743e-06,393.65334070528218
1.6160000005510655e-06,402.29232451692008
1.6192000005521567e-06,407.03018165228724
1.622400000553248e-06,406.15685059365251
1.6256000005543392e-06,403.50918666927402
1.6288000005554304e-06,401.85356002599087
1.6320000005565216e-06,399.98916938449094
1.6352000005576128e-06,399.47718868011998
1.6384000005587041e-06,399.34944478166176
1.6416000005597953e-06,398.94742768733903
1.6448000005608865e-06,399.87982658876308
1.6480000005619777e-06,405.32134861661058
1.6512000005630689e-06,411.25221950610927
1.6544000005641601e-06,410.22244063615369
1.6576000005652514e-06,402.33989679099881
1.6608000005663426e-06,395.4155419099651
1.6640000005674338e-06,396.34847727615335
1.667200000568525e-06,400.11356951662862
1.6704000005696162e-06,397.08466282794956
1.6736000005707075e-06,387.44463231157346
1.6768000005717987e-06,385.54190290836044
1.6800000005728899e-06,393.45747252736913
1.6832000005739811e-06,402.5164131501212
1.6864000005750723e-06,403.30663224664642
1.6896000005761636e-06,397.25043043412484
1.6928000005772548e-06,392.92436151405764
1.696000000578346e-06,396.99729624501248
1.6992000005794372e-06,403.41653747631739
1.7024000005805284e-06,406.23496817039461
1.7056000005816196e-06,407.62111468490866
1.7088000005827109e-06,408.37268936672353
1.7120000005838021e-06,405.86783720966446
1.7152000005848933e-06,401.77366673629115
1.7184000005859845e-06,400.7890612620734
1.7216000005870757e-06,401.08643085821876
1.724800000588167e-06,402.45940288732544
1.7280000005892582e-06,404.80789185167146
1.7312000005903494e-06,407.36231266610315
1.7344000005914406e-06,409.07630519820464
1.7376000005925318e-06,412.13076546941829
1.7408000005936231e-06,412.57714044389866
1.7440000005947143e-06,409.58529807357797
1.7472000005958055e-06,407.18923267311936
1.7504000005968967e-06,405.81003060569589
1.7536000005979879e-06,403.26377302080556
1.7568000005990791e-06,402.00081380664574
1.7600000006001704e-06,407.85162500711317
1.7632000006012616e-06,416.1381469275704
1.7664000006023528e-06,418.41436666654056
1.769600000603444e-06,417.4327971771803
1.7728000006045352e-06,418.33558476090207
1.7760000006056265e-06,414.81676335143794
1.7792000006067177e-06,410.92237485545934
1.7824000006078089e-06,nan
1.7856000006089001e-06,nan
1.7888000006099913e-06,nan
1.7920000006110826e-06,nan
1.7952000006121738e-06,nan
1.798400000613265e-06,416.42166615627383
1.8016000006143562e-06,412.43260934442355
1.8048000006154474e-06,409.76500246499478
1.8080000006165386e-06,407.26264053869386
1.8112000006176299e-06,408.87137526469508
1.8144000006187211e-06,412.56514430810614
1.8176000006198123e-06,414.29032767712334
1.8208000006209035e-06,410.04111362769822
1.8240000006219947e-06,410.29774282341731
1.827200000623086e-06,417.19837268104129
1.8304000006241772e-06,420.55147237945044
1.8336000006252684e-06,418.0455454416263
1.8368000006263596e-06,414.77235421948637
1.8400000006274508e-06,408.40419218380691
1.8432000006285421e-06,403.86003817037198
1.8464000006296333e-06,408.12372904742034
1.8496000006307245e-06,416.78111841956513
1.8528000006318157e-06,416.81103606414371
1.8560000006329069e-06,407.67404397722009
1.8592000006339982e-06,403.28880702671944
1.8624000006350894e-06,404.07320346913565
1.8656000006361806e-06,409.27151766294617
1.8688000006372718e-06,416.98366624774536
1.872000000638363e-06,415.25931233092939
1.8752000006394542e-06,403.51395301551753
1.8784000006405455e-06,398.00964662199584
1.8816000006416367e-06,407.42797768328359
1.8848000006427279e-06,417.79323236196336
1.8880000006438191e-06,414.65024375308082
1.8912000006449103e-06,405.40541966596601
1.8944000006460016e-06,403.56660205298118
1.8976000006470928e-06,404.47764866537096
1.900800000648184e-06,406.40658623047449
1.9040000006492752e-06,411.72757396788131
1.9072000006503664e-06,414.36100688947255
1.9104000006514577e-06,412.53455900063659
1.9136000006525489e-06,408.97812611375554
1.9168000006536401e-06,404.17833035469295
1.9200000006547313e-06,401.98671553765166
1.9232000006558225e-06,403.86187624442306
1.9264000006569137e-06,407.14066096260689
1.929600000658005e-06,406.2806395478093
1.9328000006590962e-06,404.58189059662266
1.9360000006601874e-06,404.03716641398626
1.9392000006612786e-06,405.18346042265875
1.9424000006623698e-06,406.8412917946427
1.9456000006634611e-06,409.93358806397532
1.9488000006645523e-06,410.3896778407925
1.9520000006656435e-06,408.34987923436728
1.9552000006667347e-06,410.01351481782052
1.9584000006678259e-06,414.64199075906589
1.9616000006689172e-06,420.77690773910564
1.9648000006700084e-06,423.40180679411878
1.9680000006710996e-06,419.90457297539513
1.9712000006721908e-06,413.17865842959242
1.974400000673282e-06,409.42013752217895
1.9776000006743732e-06,409.11156804166825
1.9808000006754645e-06,410.99588712221947
1.9840000006765557e-06,409.76419964042589
1.9872000006776469e-06,407.31988236743547
1.9904000006787381e-06,406.38333576830217
1.9936000006798293e-06,405.77574295932533
1.9968000006809206e-06,405.12483699511455
2.0000000006820118e-06,406.91398413582363
2.003200000683103e-06,408.17776813449535
2.0064000006841942e-06,407.25406433008823
2.0096000006852854e-06,407.27869669906676
2.0128000006863767e-06,408.40453310664242
2.0160000006874679e-06,407.58333841352726
2.0192000006885591e-06,406.1701451343244
2.0224000006896503e-06,406.10392729106701
2.0256000006907415e-06,406.32003551930046
2.0288000006918328e-06,407.86335114064411
2.032000000692924e-06,410.57250576938884
2.0352000006940152e-06,nan
2.0384000006951064e-06,nan
2.0416000006961976e-06,nan
2.0448000006972888e-06,nan
2.0480000006983801e-06,401.3334529206906
2.0512000006994713e-06,401.80771141726416
2.0544000007005625e-06,403.27164479238252
2.0576000007016537e-06,403.78083058908652
2.0608000007027449e-06,405.17942521597439
2.0640000007038362e-06,404.02470667361041
2.0672000007049274e-06,400.74658082937344
2.0704000007060186e-06,396.71798835621485
2.0736000007071098e-06,396.25549940012695
2.076800000708201e-06,400.88451037971237
2.0800000007092923e-06,nan
2.0832000007103835e-06,382.01899331798614
2.0864000007114747e-06,372.67958143120546
2.0896000007125659e-06,378.97381012946289
2.0928000007136571e-06,390.88669697474921
2.0960000007147483e-06,401.44660941406539
2.0992000007158396e-06,407.4780910891393
2.1024000007169308e-06,406.40271363861876
2.105600000718022e-06,402.83707545264627
2.1088000007191132e-06,402.38400878894311
2.1120000007202044e-06,405.77304800077974
2.1152000007212957e-06,408.68469867271511
2.1184000007223869e-06,408.55541455139121
2.1216000007234781e-06,408.38030121547143
2.1248000007245693e-06,410.87361678922332
2.1280000007256605e-06,411.7017581437679
2.1312000007267518e-06,408.97749629720579
2.134400000727843e-06,405.77072457361817
2.1376000007289342e-06,404.19574110144919
2.1408000007300254e-06,402.77314310065702
2.1440000007311166e-06,401.68296870916851
2.1472000007322078e-06,405.36846554254771
2.1504000007332991e-06,422.30849189366853
2.1536000007343903e-06,nan
2.1568000007354815e-06,nan
2.1600000007365727e-06,nan
2.1632000007376639e-06,nan
2.1664000007387552e-06,nan
2.1696000007398464e-06,nan
2.1728000007409376e-06,nan
2.1760000007420288e-06,409.18815553710118
2.17920000074312e-06,403.45151305571761
2.1824000007442113e-06,402.22847644857626
2.1856000007453025e-06,405.17736114781258
2.1888000007463937e-06,412.95092817776691
2.1920000007474849e-06,424.85873920810087
2.1952000007485761e-06,426.98221039894179
2.1984000007496673e-06,414.75214815012527
2.2016000007507586e-06,404.72637928573948
2.2048000007518498e-06,404.12282066930982
2.208000000752941e-06,405.81483293939311
2.2112000007540322e-06,407.17178115650358
2.2144000007551234e-06,408.88112364294602
2.2176000007562147e-06,410.48667261592766
2.2208000007573059e-06,410.60798014394214
2.2240000007583971e-06,410.34332298573366
2.2272000007594883e-06,411.21575213034043
2.2304000007605795e-06,412.67860512465091
2.2336000007616708e-06,412.20658463897519
2.236800000762762e-06,411.26020136491985
2.2400000007638532e-06,411.27827323388385
2.2432000007649444e-06,409.57624377623449
2.2464000007660356e-06,408.8215806674354
2.2496000007671269e-06,410.9143381449752
2.2528000007682181e-06,412.36309576090264
2.2560000007693093e-06,408.88451513523927
2.2592000007704005e-06,406.9463543860694
2.2624000007714917e-06,406.61051105422933
2.2656000007725829e-06,407.95327838101394
2.2688000007736742e-06,408.69254289931905
2.2720000007747654e-06,406.33458505478859
2.2752000007758566e-06,401.84819351280936
2.2784000007769478e-06,399.39232983724787
2.281600000778039e-06,400.84924352650563
2.2848000007791303e-06,401.60631105996538
2.2880000007802215e-06,401.85647666462626
2.2912000007813127e-06,403.70139949967387
2.2944000007824039e-06,404.07133690458164
2.2976000007834951e-06,400.70261699113075
2.3008000007845864e-06,399.96890532481137
2.3040000007856776e-06,406.03697523144012
2.3072000007867688e-06,410.94195685391867
2.31040000078786e-06,409.19542979351718
2.3136000007889512e-06,406.35083709978471
2.3168000007900424e-06,404.1503321996633
2.3200000007911337e-06,401.64750021566311
2.3232000007922249e-06,403.71954241463999
2.3264000007933161e-06,407.74632192210777
2.3296000007944073e-06,408.6656569455717
2.3328000007954985e-06,405.81737160677557
2.3360000007965898e-06,403.36333645746521
2.339200000797681e-06,402.14360955659618
2.3424000007987722e-06,404.71733768739165
2.3456000007998634e-06,408.59917216318581
2.3488000008009546e-06,411.64185687357178
2.3520000008020459e-06,412.98216786235764
2.3552000008031371e-06,413.62577006167243
2.3584000008042283e-06,412.88224189199883
2.3616000008053195e-06,410.68301031599981
2.3648000008064107e-06,407.91211517664794
2.3680000008075019e-06,409.88141735667813
2.3712000008085932e-06,417.59658684341656
2.3744000008096844e-06,418.65097987153678
2.3776000008107756e-06,413.65639552426774
2.3808000008118668e-06,413.12638062702558
2.384000000812958e-06,413.77354695452942
2.3872000008140493e-06,410.48605729793906
2.3904000008151405e-06,408.92224211104298
2.3936000008162317e-06,408.64117478399868
2.3968000008173229e-06,407.60312688004785
2.4000000008184141e-06,410.40607879011719
2.4032000008195054e-06,414.04300492376467
2.4064000008205966e-06,410.88341305995272
2.4096000008216878e-06,402.47467520717868
2.412800000822779e-06,404.85811459570635
2.4160000008238702e-06,415.66561144248675
2.4192000008249614e-06,418.90400611476088
2.4224000008260527e-06,407.93000982979271
2.4256000008271439e-06,397.92529055920397
2.4288000008282351e-06,399.9964992663817
2.4320000008293263e-06,404.4280225478102
2.4352000008304175e-06,403.85516551421586
2.4384000008315088e-06,400.60222784596061
2.4416000008326e-06,403.57944576983181
2.4448000008336912e-06,406.29759251243297
2.4480000008347824e-06,403.35054372668492
2.4512000008358736e-06,400.43228837374562
2.4544000008369649e-06,401.33011329104477
2.4576000008380561e-06,402.97548875483773
2.4608000008391473e-06,402.97197474919602
2.4640000008402385e-06,404.93529642302718
2.4672000008413297e-06,416.20442220394744
2.470400000842421e-06,418.74924491210959
2.4736000008435122e-06,409.05606210367631
2.4768000008446034e-06,403.35264069054841
2.4800000008456946e-06,404.50600367328701
2.4832000008467858e-06,405.01905159774037
2.486400000847877e-06,407.61744565722262
2.4896000008489683e-06,411.79848186598446
2.4928000008500595e-06,411.66833418966809
2.4960000008511507e-06,405.38851078377451
2.4992000008522419e-06,399.82311618312281
2.5024000008533331e-06,399.89835152479458
2.5056000008544244e-06,409.04044788815412
2.5088000008555156e-06,426.01420334790049
2.5120000008566068e-06,nan
2.515200000857698e-06,nan
2.5184000008587892e-06,nan
2.5216000008598805e-06,nan
2.5248000008609717e-06,405.99046386689884
2.5280000008620629e-06,402.78435866108958
2.5312000008631541e-06,404.63962152204886
2.5344000008642453e-06,406.33070627486995
2.5376000008653365e-06,406.09373382014957
2.5408000008664278e-06,405.93079838018951
2.544000000867519e-06,407.25614113094252
2.5472000008686102e-06,406.75395330761995
2.5504000008697014e-06,404.65246432041511
2.5536000008707926e-06,405.54063550043162
2.5568000008718839e-06,409.7345004442243
2.5600000008729751e-06,410.88298286678037
2.5632000008740663e-06,413.33636294983245
2.5664000008751575e-06,417.38878473314145
2.5696000008762487e-06,414.30432994761424
2.57280000087734e-06,406.74066476235038
2.5760000008784312e-06,404.58835380348393
2.5792000008795224e-06,409.82945598249461
2.5824000008806136e-06,413.16260984963185
2.5856000008817048e-06,409.78704986103821
2.588800000882796e-06,404.42880289842304
2.5920000008838873e-06,404.97215476666986
2.5952000008849785e-06,409.38281257736827
2.5984000008860697e-06,412.02578500252179
2.6016000008871609e-06,411.39858259571793
2.6048000008882521e-06,409.1719482374279
2.6080000008893434e-06,407.41024357913619
2.6112000008904346e-06,405.89764644602087
2.6144000008915258e-06,406.18957579409465
2.617600000892617e-06,409.38766684929652
2.6208000008937082e-06,412.52536706335479
2.6240000008947995e-06,414.23007542759825
2.6272000008958907e-06,408.7280767698702
2.6304000008969819e-06,400.11090265378664
2.6336000008980731e-06,395.9319106096217
2.6368000008991643e-06,403.16722360527018
2.6400000009002556e-06,413.46495720291585
2.6432000009013468e-06,414.61090366358127
2.646400000902438e-06,413.7553128769062
2.6496000009035292e-06,417.90695847903123
2.6528000009046204e-06,416.45838704899774
2.6560000009057116e-06,401.51341891217356
2.6592000009068029e-06,387.91948290404576
2.6624000009078941e-06,385.8572124906691
2.6656000009089853e-06,392.10741495016708
2.6688000009100765e-06,nan
2.6720000009111677e-06,nan
2.675200000912259e-06,408.22991805075759
2.6784000009133502e-06,404.23322196512396
2.6816000009144414e-06,399.6853642676362
2.6848000009155326e-06,393.06341878692001
2.6880000009166238e-06,393.60602711495591
2.6912000009177151e-06,399.25827048408178
2.6944000009188063e-06,400.34537051085988
2.6976000009198975e-06,396.01807578019731
2.7008000009209887e-06,392.4383388766388
2.7040000009220799e-06,387.28154709331034
2.7072000009231711e-06,384.72956357672575
2.7104000009242624e-06,391.57443727696563
2.7136000009253536e-06,402.90645992038912
2.7168000009264448e-06,405.95683882859345
2.720000000927536e-06,401.62442409679943
