configuration_id,channel_name,window_name,window_length_samples,overlap_samples,hop_samples,nfft,peak_method,best_offset_frames,time_offset_ns,paired_count,bias_m_s,mae_m_s,rmse_m_s,maximum_absolute_error_m_s,pearson_correlation,runtime_s,estimated_peak_working_memory_mb,estimated_full_spectrum_one_copy_mb,frequency_grid_spacing_hz,window_time_support_ns,unzero_padded_window_frequency_scale_hz,plateau_velocity_min_m_s,plateau_velocity_median_m_s,plateau_velocity_max_m_s,plateau_velocity_standard_deviation_m_s,plateau_first_difference_absolute_median_m_s,plateau_first_difference_absolute_p95_m_s,plateau_first_difference_absolute_maximum_m_s,plateau_signed_first_difference_standard_deviation_m_s,plateau_second_difference_rms_m_s,plateau_adjacent_change_correlation_with_legacy,decline_velocity_min_m_s,decline_velocity_median_m_s,decline_velocity_max_m_s,decline_velocity_standard_deviation_m_s,decline_first_difference_absolute_median_m_s,decline_first_difference_absolute_p95_m_s,decline_first_difference_absolute_maximum_m_s,decline_signed_first_difference_standard_deviation_m_s,decline_second_difference_rms_m_s,decline_adjacent_change_correlation_with_legacy,two_channel_all_paired_count,two_channel_all_absolute_difference_median_m_s,two_channel_all_absolute_difference_p95_m_s,two_channel_all_absolute_difference_maximum_m_s,two_channel_all_pearson_correlation,two_channel_plateau_paired_count,two_channel_plateau_absolute_difference_median_m_s,two_channel_plateau_absolute_difference_p95_m_s,two_channel_plateau_absolute_difference_maximum_m_s,two_channel_decline_paired_count,two_channel_decline_absolute_difference_median_m_s,two_channel_decline_absolute_difference_p95_m_s,two_channel_decline_absolute_difference_maximum_m_s,difference_to_nfft256000_bias_m_s,difference_to_nfft256000_mae_m_s,difference_to_nfft256000_rmse_m_s,difference_to_nfft8192_mae_m_s,difference_to_nfft8192_rmse_m_s,decline_onset_relative_us
blackman_w416_n4096_subbin,pdv_channel_1,blackman,416,288,128,4096,subbin,4,12.799999999971739,199,-0.04790561677446587,0.3061206681569624,0.5273174868046985,3.663535211265696,0.9999579414715151,0.011022999999113381,1.1682205200195312,19.446990966796875,9765624.996669864,10.400000003546461,96153846.12105712,558.4453350719763,564.2351520595172,568.5402796298649,1.9129236175681514,0.8232221290248845,2.662182839403613,5.244498805986268,1.3848015264840137,1.689748336137421,0.9754199020237908,279.4836500019088,499.01354162313316,562.1605953618173,84.60996902993023,5.858530624261903,14.686194131590526,18.901535134639403,4.65185033551297,1.8884942017754704,0.9508327065535765,199,0.08196826077710284,1.066511588245973,12.374409491930692,0.9998691490384891,132,0.06577139591132664,0.1859143981357363,0.2190300698619012,42,0.31564452186117364,7.385276466728967,12.374409491930692,0.000785796164844929,0.029160660020228636,0.034595569312280694,0.002074217622617344,0.005136657069866305,0.5152000000000497
blackman_w416_n8192_subbin,pdv_channel_1,blackman,416,288,128,8192,subbin,4,12.799999999971739,199,-0.04792876543990787,0.3064600693346514,0.5278627059983458,3.666530416615217,0.9999578619650941,0.018026400008238852,2.2314529418945312,38.884490966796875,4882812.498334932,10.400000003546461,96153846.12105712,558.4480124262102,564.2354414750534,568.5384904226592,1.912906745605849,0.8228002660184757,2.6630280376982682,5.24170190577297,1.3844347271158828,1.6889495427385768,0.9753490718833417,279.4805536836485,499.01331867058474,562.1598732489433,84.61051683285363,5.8577607657186945,14.684294160305626,18.899334281527672,4.6518128103290515,1.8874173480591787,0.9507783399075165,199,0.08201788259316345,1.0671182540564275,12.373680504453262,0.9998691281356319,132,0.06578573594720183,0.185477015534002,0.2189256857403734,42,0.3155647023915549,7.387389308253943,12.373680504453262,0.000802174385368006,0.028919324109416427,0.03380695770899206,0.0,0.0,0.5152000000000497
blackman_w416_n256000_discrete,pdv_channel_1,blackman,416,288,128,256000,discrete,4,12.799999999971739,199,-0.0492896014338351,0.30364719819078484,0.5274164584350773,3.6328126142183237,0.9999579483238624,0.6874460999970324,9.176094055175781,1214.8532409667969,156249.99994671784,10.400000003546461,96153846.12105712,558.4843748095536,564.2363279325921,568.5351560561262,1.912859955599758,0.8476562497108944,2.6640624990915285,5.207031248224325,1.3867539034752647,1.6936816067890397,0.9748977890145728,279.4843749046942,499.02734357982877,562.1171873083148,84.60867232881976,5.812499998017927,14.773437494962195,18.89062499355822,4.653914072868906,1.8951268588538237,0.9514283088497416,199,0.12109374995861799,1.029296874648977,12.351562495788073,0.9998685501684346,132,0.12109374995861799,0.12109374995884536,0.24218749991746336,42,0.30273437489677235,7.380664059983107,12.351562495788073,0.0,0.0,0.0,0.028919324109416427,0.03380695770899206,0.5152000000000497
blackman_w416_n4096_subbin,pdv_channel_2,blackman,416,288,128,4096,subbin,4,12.799999999971739,199,0.2298902391486771,0.5254452706161287,1.4634028193931143,12.608910892870256,0.9998200541954791,0.01171200000680983,1.1682205200195312,19.446990966796875,9765624.996669864,10.400000003546461,96153846.12105712,558.5086313327416,564.2274117488143,568.6154981180164,1.9143857996814462,0.8714409446195077,2.58229664150889,5.30014802646474,1.385909690463626,1.6828826050332992,0.9655535030177097,286.7124262351542,498.81628886996043,562.1414962821015,82.22984379982174,5.7116322858157105,13.325229772485216,13.92063896383155,4.203382912721169,1.06861182739367,0.9041236943279466,199,0.08196826077710284,1.066511588245973,12.374409491930692,0.9998691490384891,132,0.06577139591132664,0.1859143981357363,0.2190300698619012,42,0.31564452186117364,7.385276466728967,12.374409491930692,-0.00024060706300087334,0.029275215596950174,0.033873893363828206,0.0009402788791363514,0.0018116474418156856,0.5152000000000497
blackman_w416_n8192_subbin,pdv_channel_2,blackman,416,288,128,8192,subbin,4,12.799999999971739,199,0.22994286797341715,0.5256507578784799,1.463467781060983,12.608195412815803,0.9998200134348347,0.015789900033269078,2.2314529418945312,38.884490966796875,4882812.498334932,10.400000003546461,96153846.12105712,558.5111255706148,564.2276588602336,568.613735374525,1.9143645856217857,0.8714348966680063,2.583139404475787,5.297627750881588,1.385541474902766,1.6820848241756925,0.9654885668146639,286.7125490592243,498.8161012934684,562.1407411099931,82.22983961628928,5.710983142686246,13.324549210719113,13.921221713364048,4.203357725243835,1.0680885529181439,0.9041246228575248,199,0.08201788259316345,1.0671182540564275,12.373680504453262,0.9998691281356319,132,0.06578573594720183,0.185477015534002,0.2189256857403734,42,0.3155647023915549,7.387389308253943,12.373680504453262,-0.0002706393922615408,0.029116107794836515,0.03364553793013832,0.0,0.0,0.5152000000000497
blackman_w416_n256000_discrete,pdv_channel_2,blackman,416,288,128,256000,discrete,4,12.799999999971739,199,0.2306255994757365,0.5227112468872263,1.4643643311790706,12.593749893834001,0.9998196322409572,0.6850268000271171,9.176094055175781,1214.8532409667969,156249.99994671784,10.400000003546461,96153846.12105712,558.4843748095536,564.1757810576128,568.6562498060849,1.918254169076426,0.8476562497108944,2.6035156241121626,5.328124998183057,1.3893105062380087,1.683327095199623,0.9640340760219454,286.7499999022166,498.8457029548907,562.1171873083148,82.22876610575285,5.691406248059252,13.320312495457756,13.925781245251187,4.204357165287198,1.0802146228441352,0.9030563723058955,199,0.12109374995861799,1.029296874648977,12.351562495788073,0.9998685501684346,132,0.12109374995861799,0.12109374995884536,0.24218749991746336,42,0.30273437489677235,7.380664059983107,12.351562495788073,0.0,0.0,0.0,0.029116107794836515,0.03364553793013832,0.5152000000000497
blackman_w408_n4096_subbin,pdv_channel_1,blackman,408,280,128,4096,subbin,4,12.799999999971739,199,-0.005530365102014281,0.27559553108189283,0.4944769043940855,3.2184847650781307,0.9999597815016257,0.012253799999598414,1.1662063598632812,19.446990966796875,9765624.996669864,10.20000000347826,98039215.65284257,558.3562968452518,564.2020265221254,568.5272280058755,1.9194050826471198,0.8046460103759046,2.6612178593936733,5.102285933705502,1.4000243148577398,1.7208956639374495,0.9796457429047719,279.7375545293889,499.20435869316,562.1679536146513,84.4884683562637,5.8543916809026655,14.744137436248593,18.87691689911918,4.655827829639899,1.8895662580954868,0.9503342079067224,199,0.08148713139200936,1.0496994321027298,12.258522273071094,0.9998688728550329,132,0.06994002128402599,0.19508691133289058,0.23236617875261345,42,0.32089235423666196,7.317299724594298,12.258522273071094,0.003641314024124596,0.03292239551463765,0.037810700569699436,0.0021116542121430884,0.005214636338082204,0.5152000000000497
blackman_w408_n8192_subbin,pdv_channel_1,blackman,408,280,128,8192,subbin,4,12.799999999971739,199,-0.005546749424519219,0.27593014594674,0.49495792412464784,3.2211266902218654,0.9999597073968931,0.014646099996753037,2.2294387817382812,38.884490966796875,4882812.498334932,10.20000000347826,98039215.65284257,558.3588508797571,564.202281729677,568.5255445482615,1.9193929078538945,0.8048647333729377,2.661389996982905,5.099465203127579,1.3996737232538947,1.720134143001339,0.9795866947055667,279.7344379563518,499.2041916757871,562.167302389361,84.48898526807905,5.853613814848416,14.74266750771659,18.874498771475885,4.655800926977634,1.8886007319400742,0.9502858942329246,199,0.08158295094460755,1.0502984324238096,12.257425973284455,0.9998688555778822,132,0.06993060643509352,0.19493870218235537,0.23233979826329687,42,0.32079612009403036,7.320649218549749,12.257425973284455,0.0036770048313648014,0.03259635798776757,0.037142855497051874,0.0,0.0,0.5152000000000497
blackman_w408_n256000_discrete,pdv_channel_1,blackman,408,280,128,256000,discrete,4,12.799999999971739,199,-0.010344877829026298,0.2695705647232454,0.4927457662583408,3.2695313643421855,0.9999601141730345,0.656043499999214,9.175788879394531,1214.8532409667969,156249.99994671784,10.20000000347826,98039215.65284257,558.3632810595949,564.1757810576128,568.5351560561262,1.9210010152866626,0.8476562497108944,2.6640624990915853,5.085937498265707,1.4047981579471323,1.7315201127187794,0.9797209005236204,279.7265624046116,499.2089842047668,562.1171873083148,84.49693626470372,5.9335937479766585,14.773437494962138,18.89062499355822,4.659659246746341,1.8895087857812456,0.9503283910006497,199,0.12109374995873168,1.0292968746489828,12.351562495788073,0.9998661054897621,132,0.12109374995861799,0.24218749991734967,0.24218749991746336,42,0.3632812498761382,7.386718747481095,12.351562495788073,0.0,0.0,0.0,0.03259635798776757,0.037142855497051874,0.5152000000000497
blackman_w408_n4096_subbin,pdv_channel_2,blackman,408,280,128,4096,subbin,4,12.799999999971739,199,0.2715509479024423,0.5244786204531497,1.5237787132707814,13.039664659252765,0.9998285368305325,0.01088389998767525,1.1662063598632812,19.446990966796875,9765624.996669864,10.20000000347826,98039215.65284257,558.4035513305412,564.2124441687749,568.6161067662742,1.9207605596450177,0.8536906947184661,2.573044064323142,5.182973011701506,1.4007046065185655,1.7127255106172299,0.9698033741510057,287.0552437730499,498.9997838734049,562.1623758863267,82.10875251068268,5.682928850225949,13.418766266136629,13.928293488375175,4.2066415278558225,1.0817511689382149,0.9041221105117272,199,0.08148713139200936,1.0496994321027298,12.258522273071094,0.9998688728550329,132,0.06994002128402599,0.19508691133289058,0.23236617875261345,42,0.32089235423666196,7.317299724594298,12.258522273071094,-0.0029546834201115,0.030141539868581528,0.03503331926907991,0.0010872851837972785,0.003138205294628584,0.5152000000000497
blackman_w408_n8192_subbin,pdv_channel_2,blackman,408,280,128,8192,subbin,4,12.799999999971739,199,0.27160498429462754,0.5246627295025482,1.5238353213840243,13.0388771027894,0.9998285012692583,0.01666189997922629,2.2294387817382812,38.884490966796875,4882812.498334932,10.20000000347826,98039215.65284257,558.4058785157872,564.2126814210715,568.6144831208305,1.9207424060391236,0.8541409252491121,2.5732814183722326,5.180482092466377,1.4003472713487268,1.7119451448362306,0.9697453250421139,287.05555207471565,498.99965113136636,562.1616607956591,82.10874104914745,5.682212305443102,13.418078183023681,13.928888920273778,4.2066127260654325,1.081251291167714,0.9041208062360646,199,0.08158295094460755,1.0502984324238096,12.257425973284455,0.9998688555778822,132,0.06993060643509352,0.19493870218235537,0.23233979826329687,42,0.32079612009403036,7.320649218549749,12.257425973284455,-0.0028119583672500752,0.02978327739398785,0.03453132466938812,0.0,0.0,0.5152000000000497
blackman_w408_n256000_discrete,pdv_channel_2,blackman,408,280,128,256000,discrete,4,12.799999999971739,199,0.273829902224822,0.5233197574017119,1.5287426753871907,13.078124893668814,0.9998280029580574,0.6621891999966465,9.175788879394531,1214.8532409667969,156249.99994671784,10.20000000347826,98039215.65284257,558.3632810595949,564.1757810576128,568.6562498060849,1.924987046361744,0.8476562497108944,2.6035156241122763,5.207031248224439,1.4027011482936327,1.7169316068924225,0.9691648233491514,287.1132811520927,498.96679670484946,562.1171873083148,82.09696095227389,5.691406248059195,13.441406245416431,13.925781245251187,4.207654803305064,1.0990550400174235,0.9043864379512988,199,0.12109374995873168,1.0292968746489828,12.351562495788073,0.9998661054897621,132,0.12109374995861799,0.24218749991734967,0.24218749991746336,42,0.3632812498761382,7.386718747481095,12.351562495788073,0.0,0.0,0.0,0.02978327739398785,0.03453132466938812,0.5152000000000497
