case_name,noise_name,noise_standard_deviation,random_seed,configuration_id,window_name,window_length_samples,overlap_samples,hop_samples,nfft,peak_method,runtime_s,estimated_peak_working_memory_mb,paired_count,frequency_bias_hz,frequency_rmse_hz,velocity_rmse_m_s,plateau_jitter_hz,transition_onset_error_ns,transition_shape_rmse_hz,maximum_pointwise_error_hz,wrong_branch_frame_count
constant,none,0.0,20260714,hann_w768_n4096_subbin,hann,768,640,128,4096,subbin,0.013407399994321167,1.2568435668945312,232,-535.8653817875631,1676.0708363750832,0.0012989548981906895,1588.1000412910832,,,2766.620197057724,0
constant,none,0.0,20260714,blackman_w416_n4096_subbin,blackman,416,288,128,4096,subbin,0.012829400016926229,1.1682205200195312,235,-272.363947154106,11577.084121254678,0.008972240193972376,11573.87984346208,,,16429.811947107315,0
constant,none,0.0,20260714,hann_w512_n4096_subbin,hann,512,384,128,4096,subbin,0.011385800025891513,1.1923904418945312,234,-371.5588845982511,9134.473653760877,0.00707921708166468,9126.913658325453,,,13144.427045464516,0
constant,none,0.0,20260714,blackman_w416_n256000_discrete,blackman,416,288,128,256000,discrete,0.648144599981606,9.176094055175781,235,-0.21483361721038818,0.21483361721038818,1.6649605333805084e-07,0.0,,,0.21483361721038818,0
constant,medium,0.3,20260715,hann_w768_n4096_subbin,hann,768,640,128,4096,subbin,0.010592899983748794,1.2568435668945312,232,5246.102792298486,719899.1393907387,0.5579218330278225,719880.0242408584,,,2138734.1621067524,0
constant,medium,0.3,20260715,blackman_w416_n4096_subbin,blackman,416,288,128,4096,subbin,0.009468100033700466,1.1682205200195312,235,2785.3062556038512,2108195.7517172564,1.6338517075808736,2108193.911770867,,,8403139.032010436,0
constant,medium,0.3,20260715,hann_w512_n4096_subbin,hann,512,384,128,4096,subbin,0.010056799976155162,1.1923904418945312,234,9972.682699315059,1343671.9959496865,1.041345796861007,1343634.9870032384,,,4729944.144619465,0
constant,medium,0.3,20260715,blackman_w416_n256000_discrete,blackman,416,288,128,256000,discrete,0.6539323999895714,9.176094055175781,235,664.6787831331822,2106867.845332883,1.632822580132984,2106867.7404858,,,8437499.782289147,0
constant,real_pre_event_proxy,0.007037619775193778,20260716,hann_w768_n4096_subbin,hann,768,640,128,4096,subbin,0.011530399962794036,1.2568435668945312,232,-575.9877631659137,15776.261845304714,0.012226602930111153,15765.743747387893,,,43502.17561841011,0
constant,real_pre_event_proxy,0.007037619775193778,20260716,blackman_w416_n4096_subbin,blackman,416,288,128,4096,subbin,0.009293299983255565,1.1682205200195312,235,-54.595251921389966,44610.212212969804,0.0345729144650516,44610.178805342926,,,121793.17107903957,0
constant,real_pre_event_proxy,0.007037619775193778,20260716,hann_w512_n4096_subbin,hann,512,384,128,4096,subbin,0.009702700015623122,1.1923904418945312,234,-264.16428021997467,29726.419590749756,0.02303797518283106,29725.24581762726,,,70406.58099424839,0
constant,real_pre_event_proxy,0.007037619775193778,20260716,blackman_w416_n256000_discrete,blackman,416,288,128,256000,discrete,0.6726375000434928,9.176094055175781,235,4654.040483944466,44428.60479973147,0.034432168719791885,44184.16946853848,,,156250.21478033066,0
slow_modulation,none,0.0,20260814,hann_w768_n4096_subbin,hann,768,640,128,4096,subbin,0.009545699984300882,1.2568435668945312,232,173.66574966856118,8765.090947166751,0.006792945484054232,8763.370328788838,,,17280.443406701088,0
slow_modulation,none,0.0,20260814,blackman_w416_n4096_subbin,blackman,416,288,128,4096,subbin,0.011245800007600337,1.1682205200195312,235,1782.9974676436566,8840.249508730281,0.006851193369265968,8658.575599195416,,,22182.84286761284,0
slow_modulation,none,0.0,20260814,hann_w512_n4096_subbin,hann,512,384,128,4096,subbin,0.00919640000211075,1.1923904418945312,234,1382.429325835827,8259.243481752896,0.006400913698358494,8142.726327830672,,,19761.96959233284,0
slow_modulation,none,0.0,20260814,blackman_w416_n256000_discrete,blackman,416,288,128,256000,discrete,0.6322396000032313,9.176094055175781,235,2098.8620167950367,45968.47838358409,0.03562557074727767,45920.537705219576,,,94441.49466896057,0
slow_modulation,medium,0.3,20260815,hann_w768_n4096_subbin,hann,768,640,128,4096,subbin,0.009930200001690537,1.2568435668945312,232,7277.5436375058935,714430.6184902757,0.5536837293299637,714393.5511991987,,,2325385.778991103,0
slow_modulation,medium,0.3,20260815,blackman_w416_n4096_subbin,blackman,416,288,128,4096,subbin,0.011236899998039007,1.1682205200195312,235,13945.493634657656,2022146.26543683,1.5671633557135431,2022098.178137601,,,6878999.605412364,0
slow_modulation,medium,0.3,20260815,hann_w512_n4096_subbin,hann,512,384,128,4096,subbin,0.008992500021122396,1.1923904418945312,234,13827.561997452862,1363705.960542046,1.0568721194200856,1363635.8551120276,,,4052947.2024760246,0
slow_modulation,medium,0.3,20260815,blackman_w416_n256000_discrete,blackman,416,288,128,256000,discrete,0.6309580000233836,9.176094055175781,235,15396.734352682499,2019504.018416051,1.5651156142724396,2019445.3250756382,,,6817493.757235169,0
slow_modulation,real_pre_event_proxy,0.007037619775193778,20260816,hann_w768_n4096_subbin,hann,768,640,128,4096,subbin,0.00827920000301674,1.2568435668945312,232,121.1612287821441,16983.953344808404,0.013162563842226513,16983.521165390543,,,48464.613486766815,0
slow_modulation,real_pre_event_proxy,0.007037619775193778,20260816,blackman_w416_n4096_subbin,blackman,416,288,128,4096,subbin,0.009038199961651117,1.1682205200195312,235,1715.9371769448544,41747.21187938487,0.03235408920652327,41711.93185776741,,,119722.71079063416,0
slow_modulation,real_pre_event_proxy,0.007037619775193778,20260816,hann_w512_n4096_subbin,hann,512,384,128,4096,subbin,0.010691100033000112,1.1923904418945312,234,1470.5189000999826,27345.325315490132,0.021192627119504853,27305.757465678078,,,99303.30152416229,0
slow_modulation,real_pre_event_proxy,0.007037619775193778,20260816,blackman_w416_n256000_discrete,blackman,416,288,128,256000,discrete,0.6353617000277154,9.176094055175781,235,3428.6492503840873,63162.918719882866,0.04895126200790922,63069.79202068427,,,145262.24565947056,0
fast_decline,none,0.0,20260914,hann_w768_n4096_subbin,hann,768,640,128,4096,subbin,0.009320000011939555,1.2568435668945312,232,-11470.747152476475,177777.92581956094,0.13777789251015973,1251.4658616067939,0.0,422860.6528946321,705418.936460495,0
fast_decline,none,0.0,20260914,blackman_w416_n4096_subbin,blackman,416,288,128,4096,subbin,0.009461099980399013,1.1682205200195312,235,-7768.41942471139,72730.5563339717,0.05636618115882807,6464.897276156649,0.0,134005.1460054296,331874.7589561939,0
fast_decline,none,0.0,20260914,hann_w512_n4096_subbin,hann,512,384,128,4096,subbin,0.010232999979052693,1.1923904418945312,234,-11124.26812730029,89576.68055894514,0.06942192743318248,3884.546900335745,0.0,192098.13676848094,340282.6762960553,0
fast_decline,none,0.0,20260914,blackman_w416_n256000_discrete,blackman,416,288,128,256000,discrete,0.6909700999967754,9.176094055175781,235,-8623.034034295539,79614.1747324663,0.061700985417661385,0.0,0.0,144387.8810581461,310611.0967436433,0
fast_decline,medium,0.3,20260915,hann_w768_n4096_subbin,hann,768,640,128,4096,subbin,0.00988530000904575,1.2568435668945312,232,-22286.32534521073,666829.0724760338,0.5167925311689262,681645.2128727826,0.0,726269.469957097,2019270.6596586704,0
fast_decline,medium,0.3,20260915,blackman_w416_n4096_subbin,blackman,416,288,128,4096,subbin,0.008589900040533394,1.1682205200195312,235,-2025.1509579645826,2062383.9886210747,1.598347591181333,1926074.5025453167,0.0,2165312.4140594946,7468431.250422001,0
fast_decline,medium,0.3,20260915,hann_w512_n4096_subbin,hann,512,384,128,4096,subbin,0.008681299979798496,1.1923904418945312,234,-19021.499181573206,1260645.457501471,0.9770002295636401,1231666.4571130536,0.0,1217556.8906675852,3864727.08455956,0
fast_decline,medium,0.3,20260915,blackman_w416_n256000_discrete,blackman,416,288,128,256000,discrete,0.646526199998334,9.176094055175781,235,-4633.672333510885,2062403.0094975245,1.5983623323605813,1926694.8598580512,0.0,2165276.513033002,7500000.246376753,0
fast_decline,real_pre_event_proxy,0.007037619775193778,20260916,hann_w768_n4096_subbin,hann,768,640,128,4096,subbin,0.010427100001834333,1.2568435668945312,232,-11615.741683856424,176415.17763993997,0.13672176267095348,14809.715057039588,0.0,418325.4543067832,692399.4208461046,0
fast_decline,real_pre_event_proxy,0.007037619775193778,20260916,blackman_w416_n4096_subbin,blackman,416,288,128,4096,subbin,0.009571800008416176,1.1682205200195312,235,-7581.731834979768,81880.22423304977,0.06345717378061357,49026.66051796417,0.0,130897.84874795473,262765.7292048931,0
fast_decline,real_pre_event_proxy,0.007037619775193778,20260916,hann_w512_n4096_subbin,hann,512,384,128,4096,subbin,0.010710200003813952,1.1923904418945312,234,-11096.041004681689,92075.35573242421,0.07135840069262876,29251.85287906691,0.0,188771.01655235203,316646.4907860756,0
fast_decline,real_pre_event_proxy,0.007037619775193778,20260916,blackman_w416_n256000_discrete,blackman,416,288,128,256000,discrete,0.6482695000013337,9.176094055175781,235,-3303.885099939336,87330.54939398506,0.06768117578033842,49537.01557782451,0.0,130067.9097984951,312499.90441179276,0
competition,none,0.0,20261014,hann_w768_n4096_subbin,hann,768,640,128,4096,subbin,0.009464200004003942,1.2568435668945312,232,8724177.794182166,20912331.50131865,16.207056913521953,19005639.44297963,,,27571844.742437363,0
competition,none,0.0,20261014,blackman_w416_n4096_subbin,blackman,416,288,128,4096,subbin,0.008836599998176098,1.1682205200195312,235,9135042.806524359,31811829.898726713,24.654168171513202,30472011.985238038,,,63071744.302811265,0
competition,none,0.0,20261014,hann_w512_n4096_subbin,hann,512,384,128,4096,subbin,0.008145099971443415,1.1923904418945312,234,8960095.134695495,27182630.182697523,21.06653839159058,25663438.56201862,,,41062525.09925091,0
competition,none,0.0,20261014,blackman_w416_n256000_discrete,blackman,416,288,128,256000,discrete,0.6620020000264049,9.176094055175781,235,9106382.760784406,31808581.51657667,24.651650675346918,30477198.87244875,,,62968750.193360925,0
competition,medium,0.3,20261015,hann_w768_n4096_subbin,hann,768,640,128,4096,subbin,0.009845699998550117,1.2568435668945312,232,8769549.742677929,21014117.12919304,16.285940775124608,19096809.053612642,,,28619800.858425617,0
competition,medium,0.3,20261015,blackman_w416_n4096_subbin,blackman,416,288,128,4096,subbin,0.010268500016536564,1.1682205200195312,235,9025985.488195758,32166513.19786297,24.929047728343804,30874198.89284858,,,66641676.51357341,8
competition,medium,0.3,20261015,hann_w512_n4096_subbin,hann,512,384,128,4096,subbin,0.011949400010053068,1.1923904418945312,234,8961229.375680547,27327047.963226497,21.178462171500534,25815962.474037677,,,42198689.22213411,0
competition,medium,0.3,20261015,blackman_w416_n256000_discrete,blackman,416,288,128,256000,discrete,0.6397401000140235,9.176094055175781,235,9003989.143798048,32159862.70228199,24.92389359426854,30873693.470785044,,,66562500.19213545,7
competition,real_pre_event_proxy,0.007037619775193778,20261016,hann_w768_n4096_subbin,hann,768,640,128,4096,subbin,0.011851499963086098,1.2568435668945312,232,8722941.05825984,20911645.45911265,16.206525230812304,19005452.24670414,,,27587658.06769049,0
competition,real_pre_event_proxy,0.007037619775193778,20261016,blackman_w416_n4096_subbin,blackman,416,288,128,4096,subbin,0.012529800005722791,1.1682205200195312,235,9133707.257812273,31809836.010126762,24.65262290784824,30470330.794393174,,,63066705.10853493,0
competition,real_pre_event_proxy,0.007037619775193778,20261016,hann_w512_n4096_subbin,hann,512,384,128,4096,subbin,0.008333400008268654,1.1923904418945312,234,8958634.49431771,27182096.19421712,21.066124550518268,25663382.892925348,,,41056855.7171427,0
competition,real_pre_event_proxy,0.007037619775193778,20261016,blackman_w416_n256000_discrete,blackman,416,288,128,256000,discrete,0.6539403999922797,9.176094055175781,235,9114361.484185942,31813539.05183505,24.655492765172163,30479988.217488233,,,62968750.193360925,0
