case_id,method,top_k,frequency_rmse_hz,velocity_rmse_m_s,wrong_branch_frame_count,wrong_branch_fraction,valid_selected_coverage,null_false_negative_count,false_pre_event_detection_count,recovery_after_dropout_frames,rank_1_fraction,rank_2_fraction,rank_3_fraction,rank_4_plus_fraction,null_fraction,evaluated_top_k
A_clean_ridge,raw_framewise_argmax,,146779.2084463423,0.11375388654591528,0,0.0,1.0,0,0,,1.0,0.0,0.0,0.0,0.0,3
A_clean_ridge,current_production_ridge,,146779.2084463423,0.11375388654591528,0,0.0,1.0,0,0,,1.0,0.0,0.0,0.0,0.0,3
A_clean_ridge,task021a_global_path,3,146779.2084463423,0.11375388654591528,0,0.0,1.0,0,0,,1.0,0.0,0.0,0.0,0.0,3
B_isolated_stronger_distractor,raw_framewise_argmax,,158123584.9237597,122.54577831591376,2,0.025,1.0,0,0,,1.0,0.0,0.0,0.0,0.0,3
B_isolated_stronger_distractor,current_production_ridge,,158123584.9237597,122.54577831591376,2,0.025,1.0,0,0,,1.0,0.0,0.0,0.0,0.0,3
B_isolated_stronger_distractor,task021a_global_path,3,160382.82171341524,0.12429668682789681,0,0.0,1.0,0,0,,0.975,0.025,0.0,0.0,0.0,3
C_sustained_competing_branch,raw_framewise_argmax,,632483802.0512868,490.17494658974726,50,0.625,1.0,0,0,,1.0,0.0,0.0,0.0,0.0,3
C_sustained_competing_branch,current_production_ridge,,192968.0013612942,0.14955020105500302,0,0.0,0.375,50,0,,0.375,0.0,0.0,0.0,0.625,3
C_sustained_competing_branch,task021a_global_path,3,174954.3165917739,0.13558959535862478,0,0.0,1.0,0,0,,0.375,0.625,0.0,0.0,0.0,3
D_temporarily_weak_true_ridge,raw_framewise_argmax,,282875990.389137,219.2288925515812,10,0.125,1.0,0,0,,1.0,0.0,0.0,0.0,0.0,3
D_temporarily_weak_true_ridge,current_production_ridge,,282875990.389137,219.2288925515812,10,0.125,1.0,0,0,,1.0,0.0,0.0,0.0,0.0,3
D_temporarily_weak_true_ridge,task021a_global_path,3,234085.0703773244,0.18141592954242639,0,0.0,1.0,0,0,,0.875,0.125,0.0,0.0,0.0,3
E_temporary_dropout,raw_framewise_argmax,,135008.76053387826,0.10463178941375564,0,0.0,1.0,0,0,0,1.0,0.0,0.0,0.0,0.0,3
E_temporary_dropout,current_production_ridge,,135008.76053387826,0.10463178941375564,0,0.0,1.0,0,0,0,0.925,0.0,0.0,0.0,0.075,3
E_temporary_dropout,task021a_global_path,3,135008.76053387826,0.10463178941375564,0,0.0,1.0,0,0,0,0.925,0.0,0.0,0.0,0.075,3
F_shock_like_onset,raw_framewise_argmax,,159974.8280793937,0.1239804917615301,0,0.0,1.0,0,20,,1.0,0.0,0.0,0.0,0.0,3
F_shock_like_onset,current_production_ridge,,159974.8280793937,0.1239804917615301,0,0.0,1.0,0,0,,0.75,0.0,0.0,0.0,0.25,3
F_shock_like_onset,task021a_global_path,3,159974.8280793937,0.1239804917615301,0,0.0,1.0,0,0,,0.75,0.0,0.0,0.0,0.25,3
G_plateau_and_unloading,raw_framewise_argmax,,150958.23885388472,0.11699263511176065,0,0.0,1.0,0,0,,1.0,0.0,0.0,0.0,0.0,3
G_plateau_and_unloading,current_production_ridge,,150958.23885388472,0.11699263511176065,0,0.0,1.0,0,0,,1.0,0.0,0.0,0.0,0.0,3
G_plateau_and_unloading,task021a_global_path,3,150958.23885388472,0.11699263511176065,0,0.0,1.0,0,0,,1.0,0.0,0.0,0.0,0.0,3
H_pure_noise,raw_framewise_argmax,,nan,nan,0,0.0,1.0,0,80,,1.0,0.0,0.0,0.0,0.0,3
H_pure_noise,current_production_ridge,,nan,nan,0,0.0,1.0,0,2,,0.025,0.0,0.0,0.0,0.975,3
H_pure_noise,task021a_global_path,3,nan,nan,0,0.0,1.0,0,0,,0.0,0.0,0.0,0.0,1.0,3
A_clean_ridge,raw_framewise_argmax,,146779.2084463423,0.11375388654591528,0,0.0,1.0,0,0,,1.0,0.0,0.0,0.0,0.0,5
A_clean_ridge,current_production_ridge,,146779.2084463423,0.11375388654591528,0,0.0,1.0,0,0,,1.0,0.0,0.0,0.0,0.0,5
A_clean_ridge,task021a_global_path,5,146779.2084463423,0.11375388654591528,0,0.0,1.0,0,0,,1.0,0.0,0.0,0.0,0.0,5
B_isolated_stronger_distractor,raw_framewise_argmax,,158123584.9237597,122.54577831591376,2,0.025,1.0,0,0,,1.0,0.0,0.0,0.0,0.0,5
B_isolated_stronger_distractor,current_production_ridge,,158123584.9237597,122.54577831591376,2,0.025,1.0,0,0,,1.0,0.0,0.0,0.0,0.0,5
B_isolated_stronger_distractor,task021a_global_path,5,160382.82171341524,0.12429668682789681,0,0.0,1.0,0,0,,0.975,0.025,0.0,0.0,0.0,5
C_sustained_competing_branch,raw_framewise_argmax,,632483802.0512868,490.17494658974726,50,0.625,1.0,0,0,,1.0,0.0,0.0,0.0,0.0,5
C_sustained_competing_branch,current_production_ridge,,192968.0013612942,0.14955020105500302,0,0.0,0.375,50,0,,0.375,0.0,0.0,0.0,0.625,5
C_sustained_competing_branch,task021a_global_path,5,174954.3165917739,0.13558959535862478,0,0.0,1.0,0,0,,0.375,0.625,0.0,0.0,0.0,5
D_temporarily_weak_true_ridge,raw_framewise_argmax,,282875990.389137,219.2288925515812,10,0.125,1.0,0,0,,1.0,0.0,0.0,0.0,0.0,5
D_temporarily_weak_true_ridge,current_production_ridge,,282875990.389137,219.2288925515812,10,0.125,1.0,0,0,,1.0,0.0,0.0,0.0,0.0,5
D_temporarily_weak_true_ridge,task021a_global_path,5,234085.0703773244,0.18141592954242639,0,0.0,1.0,0,0,,0.875,0.125,0.0,0.0,0.0,5
E_temporary_dropout,raw_framewise_argmax,,135008.76053387826,0.10463178941375564,0,0.0,1.0,0,0,0,1.0,0.0,0.0,0.0,0.0,5
E_temporary_dropout,current_production_ridge,,135008.76053387826,0.10463178941375564,0,0.0,1.0,0,0,0,0.925,0.0,0.0,0.0,0.075,5
E_temporary_dropout,task021a_global_path,5,135008.76053387826,0.10463178941375564,0,0.0,1.0,0,0,0,0.925,0.0,0.0,0.0,0.075,5
F_shock_like_onset,raw_framewise_argmax,,159974.8280793937,0.1239804917615301,0,0.0,1.0,0,20,,1.0,0.0,0.0,0.0,0.0,5
F_shock_like_onset,current_production_ridge,,159974.8280793937,0.1239804917615301,0,0.0,1.0,0,0,,0.75,0.0,0.0,0.0,0.25,5
F_shock_like_onset,task021a_global_path,5,159974.8280793937,0.1239804917615301,0,0.0,1.0,0,0,,0.75,0.0,0.0,0.0,0.25,5
G_plateau_and_unloading,raw_framewise_argmax,,150958.23885388472,0.11699263511176065,0,0.0,1.0,0,0,,1.0,0.0,0.0,0.0,0.0,5
G_plateau_and_unloading,current_production_ridge,,150958.23885388472,0.11699263511176065,0,0.0,1.0,0,0,,1.0,0.0,0.0,0.0,0.0,5
G_plateau_and_unloading,task021a_global_path,5,150958.23885388472,0.11699263511176065,0,0.0,1.0,0,0,,1.0,0.0,0.0,0.0,0.0,5
H_pure_noise,raw_framewise_argmax,,nan,nan,0,0.0,1.0,0,80,,1.0,0.0,0.0,0.0,0.0,5
H_pure_noise,current_production_ridge,,nan,nan,0,0.0,1.0,0,2,,0.025,0.0,0.0,0.0,0.975,5
H_pure_noise,task021a_global_path,5,nan,nan,0,0.0,1.0,0,0,,0.0,0.0,0.0,0.0,1.0,5
A_clean_ridge,raw_framewise_argmax,,146779.2084463423,0.11375388654591528,0,0.0,1.0,0,0,,1.0,0.0,0.0,0.0,0.0,10
A_clean_ridge,current_production_ridge,,146779.2084463423,0.11375388654591528,0,0.0,1.0,0,0,,1.0,0.0,0.0,0.0,0.0,10
A_clean_ridge,task021a_global_path,10,146779.2084463423,0.11375388654591528,0,0.0,1.0,0,0,,1.0,0.0,0.0,0.0,0.0,10
B_isolated_stronger_distractor,raw_framewise_argmax,,158123584.9237597,122.54577831591376,2,0.025,1.0,0,0,,1.0,0.0,0.0,0.0,0.0,10
B_isolated_stronger_distractor,current_production_ridge,,158123584.9237597,122.54577831591376,2,0.025,1.0,0,0,,1.0,0.0,0.0,0.0,0.0,10
B_isolated_stronger_distractor,task021a_global_path,10,160382.82171341524,0.12429668682789681,0,0.0,1.0,0,0,,0.975,0.025,0.0,0.0,0.0,10
C_sustained_competing_branch,raw_framewise_argmax,,632483802.0512868,490.17494658974726,50,0.625,1.0,0,0,,1.0,0.0,0.0,0.0,0.0,10
C_sustained_competing_branch,current_production_ridge,,192968.0013612942,0.14955020105500302,0,0.0,0.375,50,0,,0.375,0.0,0.0,0.0,0.625,10
C_sustained_competing_branch,task021a_global_path,10,174954.3165917739,0.13558959535862478,0,0.0,1.0,0,0,,0.375,0.625,0.0,0.0,0.0,10
D_temporarily_weak_true_ridge,raw_framewise_argmax,,282875990.389137,219.2288925515812,10,0.125,1.0,0,0,,1.0,0.0,0.0,0.0,0.0,10
D_temporarily_weak_true_ridge,current_production_ridge,,282875990.389137,219.2288925515812,10,0.125,1.0,0,0,,1.0,0.0,0.0,0.0,0.0,10
D_temporarily_weak_true_ridge,task021a_global_path,10,234085.0703773244,0.18141592954242639,0,0.0,1.0,0,0,,0.875,0.125,0.0,0.0,0.0,10
E_temporary_dropout,raw_framewise_argmax,,135008.76053387826,0.10463178941375564,0,0.0,1.0,0,0,0,1.0,0.0,0.0,0.0,0.0,10
E_temporary_dropout,current_production_ridge,,135008.76053387826,0.10463178941375564,0,0.0,1.0,0,0,0,0.925,0.0,0.0,0.0,0.075,10
E_temporary_dropout,task021a_global_path,10,135008.76053387826,0.10463178941375564,0,0.0,1.0,0,0,0,0.925,0.0,0.0,0.0,0.075,10
F_shock_like_onset,raw_framewise_argmax,,159974.8280793937,0.1239804917615301,0,0.0,1.0,0,20,,1.0,0.0,0.0,0.0,0.0,10
F_shock_like_onset,current_production_ridge,,159974.8280793937,0.1239804917615301,0,0.0,1.0,0,0,,0.75,0.0,0.0,0.0,0.25,10
F_shock_like_onset,task021a_global_path,10,159974.8280793937,0.1239804917615301,0,0.0,1.0,0,0,,0.75,0.0,0.0,0.0,0.25,10
G_plateau_and_unloading,raw_framewise_argmax,,150958.23885388472,0.11699263511176065,0,0.0,1.0,0,0,,1.0,0.0,0.0,0.0,0.0,10
G_plateau_and_unloading,current_production_ridge,,150958.23885388472,0.11699263511176065,0,0.0,1.0,0,0,,1.0,0.0,0.0,0.0,0.0,10
G_plateau_and_unloading,task021a_global_path,10,150958.23885388472,0.11699263511176065,0,0.0,1.0,0,0,,1.0,0.0,0.0,0.0,0.0,10
H_pure_noise,raw_framewise_argmax,,nan,nan,0,0.0,1.0,0,80,,1.0,0.0,0.0,0.0,0.0,10
H_pure_noise,current_production_ridge,,nan,nan,0,0.0,1.0,0,2,,0.025,0.0,0.0,0.0,0.975,10
H_pure_noise,task021a_global_path,10,nan,nan,0,0.0,1.0,0,0,,0.0,0.0,0.0,0.0,1.0,10
