original_path,final_path,classification,file_count,size_bytes,action_status,verification
outputs/demo_pipeline,artifacts/legacy_outputs/migration_20260727_010406/demo_pipeline,development_output,9,837829,moved,source_absent_and_target_tree_matches
outputs/ridge_refinement_preview,artifacts/legacy_outputs/migration_20260727_010406/ridge_refinement_preview,development_output,7,607564,moved,source_absent_and_target_tree_matches
outputs/stft_preview,artifacts/legacy_outputs/migration_20260727_010406/stft_preview,development_output,8,2675910,moved,source_absent_and_target_tree_matches
outputs/task009_linewidth_audit,artifacts/legacy_outputs/migration_20260727_010406/task009_linewidth_audit,validation_output,81,18219258,moved,source_absent_and_target_tree_matches
outputs/task010_legacy_velocity_audit,artifacts/legacy_outputs/migration_20260727_010406/task010_legacy_velocity_audit,validation_output,25,2267194,moved,source_absent_and_target_tree_matches
outputs/task011b_runs,artifacts/legacy_outputs/migration_20260727_010406/task011b_runs,development_output,20,2730254,moved,source_absent_and_target_tree_matches
outputs/task011b_validation,artifacts/legacy_outputs/migration_20260727_010406/task011b_validation,validation_output,57,11663159,moved,source_absent_and_target_tree_matches
outputs/task013_baseline,artifacts/legacy_outputs/migration_20260727_010406/task013_baseline,validation_output,30,6524071,moved,source_absent_and_target_tree_matches
outputs/task013_validation,artifacts/legacy_outputs/migration_20260727_010406/task013_validation,validation_output,108,27600957,moved,source_absent_and_target_tree_matches
outputs/task013ar_validation,artifacts/legacy_outputs/migration_20260727_010406/task013ar_validation,validation_output,44,10150250,moved,source_absent_and_target_tree_matches
