time_s,time_from_event_s,coarse_peak_frequency_hz,refined_frequency_hz,apparent_velocity_m_s,angle_corrected_apparent_velocity_m_s,corrected_velocity_m_s,display_velocity_m_s,ridge_quality_flag,ridge_refinement_status,ridge_selection_origin,selected_candidate_rank,signal_state,velocity_origin,is_pre_event_display_only,channel,analysis_mode
0.00018258935314000328,nan,2490234374.1508155,nan,nan,nan,nan,nan,candidate,refined,strongest_peak,1,ambiguous_peak,ambiguous_peak,false,ch4,automatic
0.00018259255314000437,nan,3457031248.8211322,nan,nan,nan,nan,nan,candidate,refined,strongest_peak,1,no_detectable_beat,no_detectable_beat,false,ch4,automatic
0.00018259575314000546,nan,1435546874.5104702,nan,nan,nan,nan,nan,candidate,refined,strongest_peak,1,no_detectable_beat,no_detectable_beat,false,ch4,automatic
0.00018259895314000655,nan,4951171873.3116217,nan,nan,nan,nan,nan,candidate,refined,strongest_peak,1,no_detectable_beat,no_detectable_beat,false,ch4,automatic
0.00018260215314000764,nan,1865234374.3639441,nan,nan,nan,nan,nan,candidate,refined,strongest_peak,1,no_detectable_beat,no_detectable_beat,false,ch4,automatic
0.00018260535314000874,nan,4716796873.3915443,nan,nan,nan,nan,nan,candidate,refined,strongest_peak,1,ambiguous_peak,ambiguous_peak,false,ch4,automatic
0.00018260855314000983,nan,4726562498.3882141,nan,nan,nan,nan,nan,candidate,refined,strongest_peak,1,ambiguous_peak,ambiguous_peak,false,ch4,automatic
0.00018261175314001092,nan,1777343749.3939154,nan,nan,nan,nan,nan,candidate,refined,strongest_peak,1,ambiguous_peak,ambiguous_peak,false,ch4,automatic
0.00018261495314001201,nan,4863281248.3415928,nan,nan,nan,nan,nan,candidate,refined,strongest_peak,1,ambiguous_peak,ambiguous_peak,false,ch4,automatic
0.0001826181531400131,nan,4863281248.3415928,nan,nan,nan,nan,nan,candidate,refined,strongest_peak,1,ambiguous_peak,ambiguous_peak,false,ch4,automatic
0.00018262135314001419,nan,4873046873.3382626,nan,nan,nan,nan,nan,candidate,refined,strongest_peak,1,ambiguous_peak,ambiguous_peak,false,ch4,automatic
0.00018262455314001528,nan,2646484374.0975332,nan,nan,nan,nan,nan,candidate,refined,strongest_peak,1,ambiguous_peak,ambiguous_peak,false,ch4,automatic
0.00018262775314001637,nan,4443359373.4847879,nan,nan,nan,nan,nan,candidate,refined,strongest_peak,1,no_detectable_beat,no_detectable_beat,false,ch4,automatic
0.00018263095314001747,nan,4423828123.4914484,nan,nan,nan,nan,nan,candidate,refined,strongest_peak,1,ambiguous_peak,ambiguous_peak,false,ch4,automatic
0.00018263415314001856,nan,2246093749.2340689,nan,nan,nan,nan,nan,candidate,refined,strongest_peak,1,ambiguous_peak,ambiguous_peak,false,ch4,automatic
0.00018263735314001965,nan,1630859374.4438674,nan,nan,nan,nan,nan,candidate,refined,strongest_peak,1,ambiguous_peak,ambiguous_peak,false,ch4,automatic
0.00018264055314002074,nan,4707031248.3948746,nan,nan,nan,nan,nan,candidate,refined,strongest_peak,1,no_detectable_beat,no_detectable_beat,false,ch4,automatic
0.00018264375314002183,nan,3876953123.6779361,nan,nan,nan,nan,nan,candidate,refined,strongest_peak,1,no_detectable_beat,no_detectable_beat,false,ch4,automatic
0.00018264695314002292,nan,2529296874.137495,nan,nan,nan,nan,nan,candidate,refined,strongest_peak,1,no_detectable_beat,no_detectable_beat,false,ch4,automatic
0.00018265015314002401,nan,2529296874.137495,nan,nan,nan,nan,nan,candidate,refined,strongest_peak,1,no_detectable_beat,no_detectable_beat,false,ch4,automatic
0.0001826533531400251,nan,1787109374.3905852,nan,nan,nan,nan,nan,candidate,refined,strongest_peak,1,ambiguous_peak,ambiguous_peak,false,ch4,automatic
0.00018265655314002619,nan,1796874999.387255,nan,nan,nan,nan,nan,candidate,refined,strongest_peak,1,ambiguous_peak,ambiguous_peak,false,ch4,automatic
0.00018265975314002729,nan,1806640624.383925,nan,nan,nan,nan,nan,candidate,refined,strongest_peak,1,ambiguous_peak,ambiguous_peak,false,ch4,automatic
0.00018266295314002838,nan,4277343748.5414004,nan,nan,nan,nan,nan,candidate,refined,strongest_peak,1,ambiguous_peak,ambiguous_peak,false,ch4,automatic
0.00018266615314002947,nan,2431640624.1707964,nan,nan,nan,nan,nan,candidate,refined,strongest_peak,1,no_detectable_beat,no_detectable_beat,false,ch4,automatic
0.00018266935314003056,nan,2695312499.0808825,nan,nan,nan,nan,nan,candidate,refined,strongest_peak,1,ambiguous_peak,ambiguous_peak,false,ch4,automatic
0.00018267255314003165,nan,2724609374.0708923,nan,nan,nan,nan,nan,candidate,refined,strongest_peak,1,ambiguous_peak,ambiguous_peak,false,ch4,automatic
0.00018267575314003274,nan,5371093748.1684256,nan,nan,nan,nan,nan,candidate,refined,strongest_peak,1,ambiguous_peak,ambiguous_peak,false,ch4,automatic
0.00018267895314003383,nan,5371093748.1684256,nan,nan,nan,nan,nan,candidate,refined,strongest_peak,1,ambiguous_peak,ambiguous_peak,false,ch4,automatic
0.00018268215314003492,nan,5869140622.9985886,nan,nan,nan,nan,nan,candidate,refined,strongest_peak,1,ambiguous_peak,ambiguous_peak,false,ch4,automatic
0.00018268535314003602,nan,3955078123.6512952,nan,nan,nan,nan,nan,candidate,refined,strongest_peak,1,no_detectable_beat,no_detectable_beat,false,ch4,automatic
0.00018268855314003711,nan,3916015623.6646156,nan,nan,nan,nan,nan,candidate,refined,strongest_peak,1,no_detectable_beat,no_detectable_beat,false,ch4,automatic
0.0001826917531400382,nan,1699218749.4205563,nan,nan,nan,nan,nan,candidate,refined,strongest_peak,1,no_detectable_beat,no_detectable_beat,false,ch4,automatic
0.00018269495314003929,nan,4160156248.5813622,nan,nan,nan,nan,nan,candidate,refined,strongest_peak,1,ambiguous_peak,ambiguous_peak,false,ch4,automatic
0.00018269815314004038,nan,4179687498.5747018,nan,nan,nan,nan,nan,candidate,refined,strongest_peak,1,ambiguous_peak,ambiguous_peak,false,ch4,automatic
0.00018270135314004147,nan,4169921873.578032,nan,nan,nan,nan,nan,candidate,refined,strongest_peak,1,ambiguous_peak,ambiguous_peak,false,ch4,automatic
0.00018270455314004256,nan,4130859373.5913525,nan,nan,nan,nan,nan,candidate,refined,strongest_peak,1,no_detectable_beat,no_detectable_beat,false,ch4,automatic
0.00018270775314004365,nan,3720703123.7312183,nan,nan,nan,nan,nan,candidate,refined,strongest_peak,1,ambiguous_peak,ambiguous_peak,false,ch4,automatic
0.00018271095314004475,nan,3720703123.7312183,nan,nan,nan,nan,nan,candidate,refined,strongest_peak,1,ambiguous_peak,ambiguous_peak,false,ch4,automatic
0.00018271415314004584,nan,5107421873.2583389,nan,nan,nan,nan,nan,candidate,refined,strongest_peak,1,ambiguous_peak,ambiguous_peak,false,ch4,automatic
0.00018271735314004693,nan,5117187498.2550087,nan,nan,nan,nan,nan,candidate,refined,strongest_peak,1,ambiguous_peak,ambiguous_peak,false,ch4,automatic
0.00018272055314004802,nan,2207031249.2473893,nan,nan,nan,nan,nan,candidate,refined,strongest_peak,1,ambiguous_peak,ambiguous_peak,false,ch4,automatic
0.00018272375314004911,nan,2216796874.2440591,nan,nan,nan,nan,nan,candidate,refined,strongest_peak,1,ambiguous_peak,ambiguous_peak,false,ch4,automatic
0.0001827269531400502,nan,2236328124.2373991,nan,nan,nan,nan,nan,candidate,refined,strongest_peak,1,no_detectable_beat,no_detectable_beat,false,ch4,automatic
0.00018273015314005129,nan,1835937499.3739345,nan,nan,nan,nan,nan,candidate,refined,strongest_peak,1,ambiguous_peak,ambiguous_peak,false,ch4,automatic
0.00018273335314005238,nan,1835937499.3739345,nan,nan,nan,nan,nan,candidate,refined,strongest_peak,1,ambiguous_peak,ambiguous_peak,false,ch4,automatic
0.00018273655314005348,nan,1826171874.3772647,nan,nan,nan,nan,nan,candidate,refined,strongest_peak,1,ambiguous_peak,ambiguous_peak,false,ch4,automatic
0.00018273975314005457,nan,1826171874.3772647,nan,nan,nan,nan,nan,candidate,refined,strongest_peak,1,ambiguous_peak,ambiguous_peak,false,ch4,automatic
0.00018274295314005566,nan,2666015624.0908728,nan,nan,nan,nan,nan,candidate,refined,strongest_peak,1,ambiguous_peak,ambiguous_peak,false,ch4,automatic
0.00018274615314005675,nan,2431640624.1707964,nan,nan,nan,nan,nan,candidate,refined,strongest_peak,1,ambiguous_peak,ambiguous_peak,false,ch4,automatic
0.00018274935314005784,nan,4433593748.4881182,nan,nan,nan,nan,nan,candidate,refined,strongest_peak,1,no_detectable_beat,no_detectable_beat,false,ch4,automatic
0.00018275255314005893,nan,4199218748.5680418,nan,nan,nan,nan,nan,candidate,refined,strongest_peak,1,no_detectable_beat,no_detectable_beat,false,ch4,automatic
0.00018275575314006002,nan,2226562499.2407289,nan,nan,nan,nan,nan,candidate,refined,strongest_peak,1,ambiguous_peak,ambiguous_peak,false,ch4,automatic
0.00018275895314006111,nan,2216796874.2440591,nan,nan,nan,nan,nan,candidate,refined,strongest_peak,1,ambiguous_peak,ambiguous_peak,false,ch4,automatic
0.0001827621531400622,nan,1806640624.383925,nan,nan,nan,nan,nan,candidate,refined,strongest_peak,1,ambiguous_peak,ambiguous_peak,false,ch4,automatic
0.0001827653531400633,nan,1806640624.383925,1809324509.1952701,1402.2264946263342,1402.2264946263342,1103.9931890400742,1103.9931890400742,candidate,refined,continuity_assisted_alternative,2,measured,quality_gated_measurement,false,ch4,automatic
0.00018276855314006439,nan,1835937499.3739345,nan,nan,nan,nan,nan,candidate,refined,strongest_peak,1,ambiguous_peak,ambiguous_peak,false,ch4,automatic
0.00018277175314006548,nan,1845703124.3706043,nan,nan,nan,nan,nan,candidate,refined,strongest_peak,1,ambiguous_peak,ambiguous_peak,false,ch4,automatic
0.00018277495314006657,nan,1855468749.3672743,nan,nan,nan,nan,nan,candidate,refined,strongest_peak,1,unstable_detection,unstable_detection,false,ch4,automatic
0.00018277815314006766,nan,1845703124.3706043,nan,nan,nan,nan,nan,candidate,refined,strongest_peak,1,ambiguous_peak,ambiguous_peak,false,ch4,automatic
0.00018278135314006875,nan,1835937499.3739345,nan,nan,nan,nan,nan,candidate,refined,strongest_peak,1,ambiguous_peak,ambiguous_peak,false,ch4,automatic
0.00018278455314006984,nan,1835937499.3739345,nan,nan,nan,nan,nan,candidate,refined,strongest_peak,1,unstable_detection,unstable_detection,false,ch4,automatic
0.00018278775314007093,nan,1845703124.3706043,nan,nan,nan,nan,nan,candidate,refined,strongest_peak,1,unstable_detection,unstable_detection,false,ch4,automatic
0.00018279095314007203,nan,1826171874.3772647,nan,nan,nan,nan,nan,candidate,refined,strongest_peak,1,ambiguous_peak,ambiguous_peak,false,ch4,automatic
0.00018279415314007312,nan,1826171874.3772647,nan,nan,nan,nan,nan,candidate,refined,strongest_peak,1,ambiguous_peak,ambiguous_peak,false,ch4,automatic
0.00018279735314007421,nan,1835937499.3739345,1833947998.4282513,1421.3096987818947,1421.3096987818947,1118.8936430901549,1118.8936430901549,candidate,refined,continuity_assisted_alternative,2,measured,quality_gated_measurement,false,ch4,automatic
0.0001828005531400753,nan,1816406249.3805947,nan,nan,nan,nan,nan,candidate,refined,strongest_peak,1,no_detectable_beat,no_detectable_beat,false,ch4,automatic
0.00018280375314007639,nan,1796874999.387255,1798904823.8612692,1394.1512384924836,1394.1512384924836,1097.6874076607867,1097.6874076607867,candidate,refined,continuity_assisted_alternative,2,measured,quality_gated_measurement,false,ch4,automatic
0.00018280695314007748,nan,1816406249.3805947,nan,nan,nan,nan,nan,candidate,refined,strongest_peak,1,ambiguous_peak,ambiguous_peak,false,ch4,automatic
0.00018281015314007857,nan,1826171874.3772647,nan,nan,nan,nan,nan,candidate,refined,strongest_peak,1,unstable_detection,unstable_detection,false,ch4,automatic
0.00018281335314007966,nan,1826171874.3772647,nan,nan,nan,nan,nan,candidate,refined,strongest_peak,1,unstable_detection,unstable_detection,false,ch4,automatic
0.00018281655314008076,nan,1835937499.3739345,nan,nan,nan,nan,nan,candidate,refined,strongest_peak,1,ambiguous_peak,ambiguous_peak,false,ch4,automatic
0.00018281975314008185,nan,1845703124.3706043,nan,nan,nan,nan,nan,candidate,refined,strongest_peak,1,ambiguous_peak,ambiguous_peak,false,ch4,automatic
0.00018282295314008294,nan,1835937499.3739345,nan,nan,nan,nan,nan,candidate,refined,strongest_peak,1,no_detectable_beat,no_detectable_beat,false,ch4,automatic
0.00018282615314008403,nan,1816406249.3805947,nan,nan,nan,nan,nan,candidate,refined,strongest_peak,1,ambiguous_peak,ambiguous_peak,false,ch4,automatic
0.00018282935314008512,nan,5849609373.005249,nan,nan,nan,nan,nan,candidate,refined,strongest_peak,1,ambiguous_peak,ambiguous_peak,false,ch4,automatic
0.00018283255314008621,nan,5146484373.245018,nan,nan,nan,nan,nan,candidate,refined,strongest_peak,1,ambiguous_peak,ambiguous_peak,false,ch4,automatic
0.0001828357531400873,nan,5117187498.2550087,nan,nan,nan,nan,nan,candidate,refined,strongest_peak,1,ambiguous_peak,ambiguous_peak,false,ch4,automatic
0.00018283895314008839,nan,3603515623.7711802,nan,nan,nan,nan,nan,candidate,refined,strongest_peak,1,ambiguous_peak,ambiguous_peak,false,ch4,automatic
0.00018284215314008949,nan,3476562498.8144717,nan,nan,nan,nan,nan,candidate,refined,strongest_peak,1,ambiguous_peak,ambiguous_peak,false,ch4,automatic
0.00018284535314009058,nan,3496093748.8078113,nan,nan,nan,nan,nan,candidate,refined,strongest_peak,1,ambiguous_peak,ambiguous_peak,false,ch4,automatic
0.00018284855314009167,nan,3505859373.8044815,nan,nan,nan,nan,nan,candidate,refined,strongest_peak,1,unstable_detection,unstable_detection,false,ch4,automatic
0.00018285175314009276,nan,3515624998.8011513,nan,nan,nan,nan,nan,candidate,refined,strongest_peak,1,ambiguous_peak,ambiguous_peak,false,ch4,automatic
0.00018285495314009385,nan,1484374999.4938195,nan,nan,nan,nan,nan,candidate,refined,strongest_peak,1,no_detectable_beat,no_detectable_beat,false,ch4,automatic
0.00018285815314009494,nan,3007812498.974318,nan,nan,nan,nan,nan,candidate,refined,strongest_peak,1,no_detectable_beat,no_detectable_beat,false,ch4,automatic
0.00018286135314009603,nan,4511718748.4614773,nan,nan,nan,nan,nan,candidate,refined,strongest_peak,1,ambiguous_peak,ambiguous_peak,false,ch4,automatic
0.00018286455314009712,nan,4521484373.458147,nan,nan,nan,nan,nan,candidate,refined,strongest_peak,1,ambiguous_peak,ambiguous_peak,false,ch4,automatic
0.00018286775314009822,nan,4560546873.4448271,nan,nan,nan,nan,nan,candidate,refined,strongest_peak,1,ambiguous_peak,ambiguous_peak,false,ch4,automatic
0.00018287095314009931,nan,3769531248.7145677,nan,nan,nan,nan,nan,candidate,refined,strongest_peak,1,ambiguous_peak,ambiguous_peak,false,ch4,automatic
0.0001828741531401004,nan,3652343748.7545295,nan,nan,nan,nan,nan,candidate,refined,strongest_peak,1,ambiguous_peak,ambiguous_peak,false,ch4,automatic
0.00018287735314010149,nan,4941406248.3149509,nan,nan,nan,nan,nan,candidate,refined,strongest_peak,1,ambiguous_peak,ambiguous_peak,false,ch4,automatic
0.00018288055314010258,nan,3105468748.9410167,nan,nan,nan,nan,nan,candidate,refined,strongest_peak,1,ambiguous_peak,ambiguous_peak,false,ch4,automatic
0.00018288375314010367,nan,1630859374.4438674,nan,nan,nan,nan,nan,candidate,refined,strongest_peak,1,ambiguous_peak,ambiguous_peak,false,ch4,automatic
0.00018288695314010476,nan,4091796873.6046729,nan,nan,nan,nan,nan,candidate,refined,strongest_peak,1,no_detectable_beat,no_detectable_beat,false,ch4,automatic
0.00018289015314010585,nan,2675781249.087543,nan,nan,nan,nan,nan,candidate,refined,strongest_peak,1,no_detectable_beat,no_detectable_beat,false,ch4,automatic
0.00018289335314010694,nan,2744140624.0642319,nan,nan,nan,nan,nan,candidate,refined,strongest_peak,1,no_detectable_beat,no_detectable_beat,false,ch4,automatic
0.00018289655314010804,nan,2119140624.2773604,nan,nan,nan,nan,nan,candidate,refined,strongest_peak,1,no_detectable_beat,no_detectable_beat,false,ch4,automatic
0.00018289975314010913,nan,2392578124.1841168,nan,nan,nan,nan,nan,candidate,refined,strongest_peak,1,no_detectable_beat,no_detectable_beat,false,ch4,automatic
0.00018290295314011022,nan,2402343749.1807866,nan,nan,nan,nan,nan,candidate,refined,strongest_peak,1,ambiguous_peak,ambiguous_peak,false,ch4,automatic
0.00018290615314011131,nan,2392578124.1841168,nan,nan,nan,nan,nan,candidate,refined,strongest_peak,1,unstable_detection,unstable_detection,false,ch4,automatic
0.0001829093531401124,nan,2353515624.1974373,nan,nan,nan,nan,nan,candidate,refined,strongest_peak,1,ambiguous_peak,ambiguous_peak,false,ch4,automatic
0.00018291255314011349,nan,2851562499.0276003,nan,nan,nan,nan,nan,candidate,refined,strongest_peak,1,no_detectable_beat,no_detectable_beat,false,ch4,automatic
0.00018291575314011458,nan,2802734374.044251,nan,nan,nan,nan,nan,candidate,refined,strongest_peak,1,no_detectable_beat,no_detectable_beat,false,ch4,automatic
0.00018291895314011567,nan,2753906249.0609016,nan,nan,nan,nan,nan,candidate,refined,strongest_peak,1,ambiguous_peak,ambiguous_peak,false,ch4,automatic
0.00018292215314011677,nan,3974609373.6446347,nan,nan,nan,nan,nan,candidate,refined,strongest_peak,1,ambiguous_peak,ambiguous_peak,false,ch4,automatic
0.00018292535314011786,nan,4482421873.471468,nan,nan,nan,nan,nan,candidate,refined,strongest_peak,1,ambiguous_peak,ambiguous_peak,false,ch4,automatic
0.00018292855314011895,nan,4492187498.4681377,nan,nan,nan,nan,nan,candidate,refined,strongest_peak,1,no_detectable_beat,no_detectable_beat,false,ch4,automatic
0.00018293175314012004,nan,4677734373.4048653,nan,nan,nan,nan,nan,candidate,refined,strongest_peak,1,no_detectable_beat,no_detectable_beat,false,ch4,automatic
0.00018293495314012113,nan,1425781249.5138001,nan,nan,nan,nan,nan,candidate,refined,strongest_peak,1,no_detectable_beat,no_detectable_beat,false,ch4,automatic
0.00018293815314012222,nan,2167968749.2607098,nan,nan,nan,nan,nan,candidate,refined,strongest_peak,1,ambiguous_peak,ambiguous_peak,false,ch4,automatic
0.00018294135314012331,nan,3642578123.7578592,nan,nan,nan,nan,nan,candidate,refined,strongest_peak,1,no_detectable_beat,no_detectable_beat,false,ch4,automatic
0.0001829445531401244,nan,3964843748.647965,nan,nan,nan,nan,nan,candidate,refined,strongest_peak,1,no_detectable_beat,no_detectable_beat,false,ch4,automatic
0.0001829477531401255,nan,3984374998.6413045,nan,nan,nan,nan,nan,candidate,refined,strongest_peak,1,ambiguous_peak,ambiguous_peak,false,ch4,automatic
0.00018295095314012659,nan,5410156248.1551046,nan,nan,nan,nan,nan,candidate,refined,strongest_peak,1,ambiguous_peak,ambiguous_peak,false,ch4,automatic
0.00018295415314012768,nan,5400390623.1584349,nan,nan,nan,nan,nan,candidate,refined,strongest_peak,1,ambiguous_peak,ambiguous_peak,false,ch4,automatic
0.00018295735314012877,nan,1806640624.383925,nan,nan,nan,nan,nan,candidate,refined,strongest_peak,1,ambiguous_peak,ambiguous_peak,false,ch4,automatic
0.00018296055314012986,nan,1806640624.383925,nan,nan,nan,nan,nan,candidate,refined,strongest_peak,1,ambiguous_peak,ambiguous_peak,false,ch4,automatic
0.00018296375314013095,nan,1835937499.3739345,nan,nan,nan,nan,nan,candidate,refined,strongest_peak,1,ambiguous_peak,ambiguous_peak,false,ch4,automatic
0.00018296695314013204,nan,1855468749.3672743,nan,nan,nan,nan,nan,candidate,refined,strongest_peak,1,ambiguous_peak,ambiguous_peak,false,ch4,automatic
0.00018297015314013313,nan,3476562498.8144717,nan,nan,nan,nan,nan,candidate,refined,strongest_peak,1,ambiguous_peak,ambiguous_peak,false,ch4,automatic
0.00018297335314013423,nan,3486328123.8111415,nan,nan,nan,nan,nan,candidate,refined,strongest_peak,1,no_detectable_beat,no_detectable_beat,false,ch4,automatic
0.00018297655314013532,nan,1826171874.3772647,nan,nan,nan,nan,nan,candidate,refined,strongest_peak,1,no_detectable_beat,no_detectable_beat,false,ch4,automatic
0.00018297975314013641,nan,1787109374.3905852,nan,nan,nan,nan,nan,candidate,refined,strongest_peak,1,no_detectable_beat,no_detectable_beat,false,ch4,automatic
0.0001829829531401375,nan,4472656248.4747982,nan,nan,nan,nan,nan,candidate,refined,strongest_peak,1,no_detectable_beat,no_detectable_beat,false,ch4,automatic
0.00018298615314013859,nan,3769531248.7145677,nan,nan,nan,nan,nan,candidate,refined,strongest_peak,1,no_detectable_beat,no_detectable_beat,false,ch4,automatic
0.00018298935314013968,nan,1562499999.4671783,nan,nan,nan,nan,nan,candidate,refined,strongest_peak,1,no_detectable_beat,no_detectable_beat,false,ch4,automatic
0.00018299255314014077,nan,1943359374.3373029,nan,nan,nan,nan,nan,candidate,refined,strongest_peak,1,ambiguous_peak,ambiguous_peak,false,ch4,automatic
0.00018299575314014186,nan,1943359374.3373029,nan,nan,nan,nan,nan,candidate,refined,strongest_peak,1,ambiguous_peak,ambiguous_peak,false,ch4,automatic
0.00018299895314014296,nan,3681640623.7445388,nan,nan,nan,nan,nan,candidate,refined,strongest_peak,1,ambiguous_peak,ambiguous_peak,false,ch4,automatic
0.00018300215314014405,nan,3701171873.7378788,nan,nan,nan,nan,nan,candidate,refined,strongest_peak,1,ambiguous_peak,ambiguous_peak,false,ch4,automatic
0.00018300535314014514,nan,2753906249.0609016,nan,nan,nan,nan,nan,candidate,refined,strongest_peak,1,ambiguous_peak,ambiguous_peak,false,ch4,automatic
0.00018300855314014623,nan,2773437499.0542417,nan,nan,nan,nan,nan,candidate,refined,strongest_peak,1,no_detectable_beat,no_detectable_beat,false,ch4,automatic
0.00018301175314014732,nan,3417968748.8344526,nan,nan,nan,nan,nan,candidate,refined,strongest_peak,1,no_detectable_beat,no_detectable_beat,false,ch4,automatic
0.00018301495314014841,nan,2001953124.3173223,nan,nan,nan,nan,nan,candidate,refined,strongest_peak,1,ambiguous_peak,ambiguous_peak,false,ch4,automatic
0.0001830181531401495,nan,2011718749.313992,nan,nan,nan,nan,nan,candidate,refined,strongest_peak,1,ambiguous_peak,ambiguous_peak,false,ch4,automatic
0.00018302135314015059,nan,4580078123.4381666,nan,nan,nan,nan,nan,candidate,refined,strongest_peak,1,ambiguous_peak,ambiguous_peak,false,ch4,automatic
0.00018302455314015168,nan,4589843748.4348364,nan,nan,nan,nan,nan,candidate,refined,strongest_peak,1,ambiguous_peak,ambiguous_peak,false,ch4,automatic
0.00018302775314015278,nan,4580078123.4381666,nan,nan,nan,nan,nan,candidate,refined,strongest_peak,1,no_detectable_beat,no_detectable_beat,false,ch4,automatic
0.00018303095314015387,nan,2675781249.087543,nan,nan,nan,nan,nan,candidate,refined,strongest_peak,1,no_detectable_beat,no_detectable_beat,false,ch4,automatic
0.00018303415314015496,nan,5556640623.1051531,nan,nan,nan,nan,nan,candidate,refined,strongest_peak,1,no_detectable_beat,no_detectable_beat,false,ch4,automatic
0.00018303735314015605,nan,5556640623.1051531,nan,nan,nan,nan,nan,candidate,refined,strongest_peak,1,ambiguous_peak,ambiguous_peak,false,ch4,automatic
0.00018304055314015714,nan,5410156248.1551046,nan,nan,nan,nan,nan,candidate,refined,strongest_peak,1,ambiguous_peak,ambiguous_peak,false,ch4,automatic
0.00018304375314015823,nan,5419921873.1517744,nan,nan,nan,nan,nan,candidate,refined,strongest_peak,1,no_detectable_beat,no_detectable_beat,false,ch4,automatic
0.00018304695314015932,nan,3964843748.647965,nan,nan,nan,nan,nan,candidate,refined,strongest_peak,1,no_detectable_beat,no_detectable_beat,false,ch4,automatic
0.00018305015314016041,nan,3974609373.6446347,nan,nan,nan,nan,nan,candidate,refined,strongest_peak,1,no_detectable_beat,no_detectable_beat,false,ch4,automatic
0.00018305335314016151,nan,3652343748.7545295,nan,nan,nan,nan,nan,candidate,refined,strongest_peak,1,no_detectable_beat,no_detectable_beat,false,ch4,automatic
0.0001830565531401626,nan,2392578124.1841168,nan,nan,nan,nan,nan,candidate,refined,strongest_peak,1,no_detectable_beat,no_detectable_beat,false,ch4,automatic
0.00018305975314016369,nan,2246093749.2340689,nan,nan,nan,nan,nan,candidate,refined,strongest_peak,1,no_detectable_beat,no_detectable_beat,false,ch4,automatic
0.00018306295314016478,nan,2343749999.2007675,nan,nan,nan,nan,nan,candidate,refined,strongest_peak,1,no_detectable_beat,no_detectable_beat,false,ch4,automatic
0.00018306615314016587,nan,2851562499.0276003,nan,nan,nan,nan,nan,candidate,refined,strongest_peak,1,no_detectable_beat,no_detectable_beat,false,ch4,automatic
0.00018306935314016696,nan,2148437499.2673702,nan,nan,nan,nan,nan,candidate,refined,strongest_peak,1,ambiguous_peak,ambiguous_peak,false,ch4,automatic
0.00018307255314016805,nan,2167968749.2607098,nan,nan,nan,nan,nan,candidate,refined,strongest_peak,1,ambiguous_peak,ambiguous_peak,false,ch4,automatic
0.00018307575314016914,nan,4746093748.3815536,nan,nan,nan,nan,nan,candidate,refined,strongest_peak,1,ambiguous_peak,ambiguous_peak,false,ch4,automatic
0.00018307895314017024,nan,2421874999.1741261,nan,nan,nan,nan,nan,candidate,refined,strongest_peak,1,ambiguous_peak,ambiguous_peak,false,ch4,automatic
0.00018308215314017133,nan,2412109374.1774564,nan,nan,nan,nan,nan,candidate,refined,strongest_peak,1,no_detectable_beat,no_detectable_beat,false,ch4,automatic
0.00018308535314017242,nan,3398437498.8411126,nan,nan,nan,nan,nan,candidate,refined,strongest_peak,1,no_detectable_beat,no_detectable_beat,false,ch4,automatic
0.00018308855314017351,nan,4560546873.4448271,nan,nan,nan,nan,nan,candidate,refined,strongest_peak,1,ambiguous_peak,ambiguous_peak,false,ch4,automatic
0.0001830917531401746,nan,4580078123.4381666,nan,nan,nan,nan,nan,candidate,refined,strongest_peak,1,ambiguous_peak,ambiguous_peak,false,ch4,automatic
0.00018309495314017569,nan,3525390623.797821,nan,nan,nan,nan,nan,candidate,refined,strongest_peak,1,no_detectable_beat,no_detectable_beat,false,ch4,automatic
0.00018309815314017678,nan,3544921873.7911606,nan,nan,nan,nan,nan,candidate,refined,strongest_peak,1,no_detectable_beat,no_detectable_beat,false,ch4,automatic
0.00018310135314017787,nan,3613281248.7678499,nan,nan,nan,nan,nan,candidate,refined,strongest_peak,1,no_detectable_beat,no_detectable_beat,false,ch4,automatic
0.00018310455314017897,nan,3212890623.9043856,nan,nan,nan,nan,nan,candidate,refined,strongest_peak,1,no_detectable_beat,no_detectable_beat,false,ch4,automatic
0.00018310775314018006,nan,3330078123.8644238,nan,nan,nan,nan,nan,candidate,refined,strongest_peak,1,no_detectable_beat,no_detectable_beat,false,ch4,automatic
0.00018311095314018115,nan,3437499998.8277922,nan,nan,nan,nan,nan,candidate,refined,strongest_peak,1,no_detectable_beat,no_detectable_beat,false,ch4,automatic
0.00018311415314018224,nan,4873046873.3382626,nan,nan,nan,nan,nan,candidate,refined,strongest_peak,1,ambiguous_peak,ambiguous_peak,false,ch4,automatic
0.00018311735314018333,nan,4140624998.5880222,nan,nan,nan,nan,nan,candidate,refined,strongest_peak,1,ambiguous_peak,ambiguous_peak,false,ch4,automatic
0.00018312055314018442,nan,4111328123.5980129,nan,nan,nan,nan,nan,candidate,refined,strongest_peak,1,unstable_detection,unstable_detection,false,ch4,automatic
0.00018312375314018551,nan,4091796873.6046729,nan,nan,nan,nan,nan,candidate,refined,strongest_peak,1,ambiguous_peak,ambiguous_peak,false,ch4,automatic
0.0001831269531401866,nan,2919921874.0042896,nan,nan,nan,nan,nan,candidate,refined,strongest_peak,1,ambiguous_peak,ambiguous_peak,false,ch4,automatic
0.0001831301531401877,nan,2949218748.9942989,nan,nan,nan,nan,nan,candidate,refined,strongest_peak,1,ambiguous_peak,ambiguous_peak,false,ch4,automatic
0.00018313335314018879,nan,5478515623.131794,nan,nan,nan,nan,nan,candidate,refined,strongest_peak,1,ambiguous_peak,ambiguous_peak,false,ch4,automatic
0.00018313655314018988,nan,3281249998.8810744,nan,nan,nan,nan,nan,candidate,refined,strongest_peak,1,ambiguous_peak,ambiguous_peak,false,ch4,automatic
0.00018313975314019097,nan,1582031249.4605181,nan,nan,nan,nan,nan,candidate,refined,strongest_peak,1,ambiguous_peak,ambiguous_peak,false,ch4,automatic
0.00018314295314019206,nan,5263671873.2050571,nan,nan,nan,nan,nan,candidate,refined,strongest_peak,1,no_detectable_beat,no_detectable_beat,false,ch4,automatic
0.00018314615314019315,nan,3583984373.7778401,nan,nan,nan,nan,nan,candidate,refined,strongest_peak,1,ambiguous_peak,ambiguous_peak,false,ch4,automatic
0.00018314935314019424,nan,1894531249.3539536,nan,nan,nan,nan,nan,candidate,refined,strongest_peak,1,no_detectable_beat,no_detectable_beat,false,ch4,automatic
0.00018315255314019533,nan,4775390623.3715639,nan,nan,nan,nan,nan,candidate,refined,strongest_peak,1,no_detectable_beat,no_detectable_beat,false,ch4,automatic
0.00018315575314019642,nan,2304687499.214088,nan,nan,nan,nan,nan,candidate,refined,strongest_peak,1,ambiguous_peak,ambiguous_peak,false,ch4,automatic
0.00018315895314019752,nan,3974609373.6446347,nan,nan,nan,nan,nan,candidate,refined,strongest_peak,1,ambiguous_peak,ambiguous_peak,false,ch4,automatic
0.00018316215314019861,nan,2216796874.2440591,nan,nan,nan,nan,nan,candidate,refined,strongest_peak,1,ambiguous_peak,ambiguous_peak,false,ch4,automatic
0.0001831653531401997,nan,1445312499.5071399,nan,nan,nan,nan,nan,candidate,refined,strongest_peak,1,no_detectable_beat,no_detectable_beat,false,ch4,automatic
0.00018316855314020079,nan,1904296874.3506236,nan,nan,nan,nan,nan,candidate,refined,strongest_peak,1,ambiguous_peak,ambiguous_peak,false,ch4,automatic
0.00018317175314020188,nan,1874999999.3606138,nan,nan,nan,nan,nan,candidate,refined,strongest_peak,1,ambiguous_peak,ambiguous_peak,false,ch4,automatic
0.00018317495314020297,nan,1845703124.3706043,nan,nan,nan,nan,nan,candidate,refined,strongest_peak,1,ambiguous_peak,ambiguous_peak,false,ch4,automatic
0.00018317815314020406,nan,2802734374.044251,nan,nan,nan,nan,nan,candidate,refined,strongest_peak,1,ambiguous_peak,ambiguous_peak,false,ch4,automatic
0.00018318135314020515,nan,2783203124.0509114,nan,nan,nan,nan,nan,candidate,refined,strongest_peak,1,ambiguous_peak,ambiguous_peak,false,ch4,automatic
0.00018318455314020625,nan,2783203124.0509114,nan,nan,nan,nan,nan,candidate,refined,strongest_peak,1,ambiguous_peak,ambiguous_peak,false,ch4,automatic
0.00018318775314020734,nan,4169921873.578032,nan,nan,nan,nan,nan,candidate,refined,strongest_peak,1,no_detectable_beat,no_detectable_beat,false,ch4,automatic
0.00018319095314020843,nan,2900390624.0109496,nan,nan,nan,nan,nan,candidate,refined,strongest_peak,1,ambiguous_peak,ambiguous_peak,false,ch4,automatic
0.00018319415314020952,nan,2919921874.0042896,nan,nan,nan,nan,nan,candidate,refined,strongest_peak,1,ambiguous_peak,ambiguous_peak,false,ch4,automatic
0.00018319735314021061,nan,2939453123.9976292,nan,nan,nan,nan,nan,candidate,refined,strongest_peak,1,no_detectable_beat,no_detectable_beat,false,ch4,automatic
0.0001832005531402117,nan,3017578123.9709883,nan,nan,nan,nan,nan,candidate,refined,strongest_peak,1,ambiguous_peak,ambiguous_peak,false,ch4,automatic
0.00018320375314021279,nan,4218749998.5613813,nan,nan,nan,nan,nan,candidate,refined,strongest_peak,1,ambiguous_peak,ambiguous_peak,false,ch4,automatic
0.00018320695314021388,nan,4199218748.5680418,nan,nan,nan,nan,nan,candidate,refined,strongest_peak,1,no_detectable_beat,no_detectable_beat,false,ch4,automatic
0.00018321015314021498,nan,2656249999.094203,nan,nan,nan,nan,nan,candidate,refined,strongest_peak,1,no_detectable_beat,no_detectable_beat,false,ch4,automatic
0.00018321335314021607,nan,2646484374.0975332,nan,nan,nan,nan,nan,candidate,refined,strongest_peak,1,ambiguous_peak,ambiguous_peak,false,ch4,automatic
0.00018321655314021716,nan,3076171873.9510074,nan,nan,nan,nan,nan,candidate,refined,strongest_peak,1,ambiguous_peak,ambiguous_peak,false,ch4,automatic
0.00018321975314021825,nan,2871093749.0209403,nan,nan,nan,nan,nan,candidate,refined,strongest_peak,1,ambiguous_peak,ambiguous_peak,false,ch4,automatic
0.00018322295314021934,nan,2871093749.0209403,nan,nan,nan,nan,nan,candidate,refined,strongest_peak,1,ambiguous_peak,ambiguous_peak,false,ch4,automatic
0.00018322615314022043,nan,3935546873.6579552,nan,nan,nan,nan,nan,candidate,refined,strongest_peak,1,ambiguous_peak,ambiguous_peak,false,ch4,automatic
0.00018322935314022152,nan,1855468749.3672743,nan,nan,nan,nan,nan,candidate,refined,strongest_peak,1,no_detectable_beat,no_detectable_beat,false,ch4,automatic
0.00018323255314022261,nan,1845703124.3706043,nan,nan,nan,nan,nan,candidate,refined,strongest_peak,1,ambiguous_peak,ambiguous_peak,false,ch4,automatic
0.00018323575314022371,nan,1738281249.4072359,nan,nan,nan,nan,nan,candidate,refined,strongest_peak,1,no_detectable_beat,no_detectable_beat,false,ch4,automatic
0.0001832389531402248,nan,1718749999.4138961,nan,nan,nan,nan,nan,candidate,refined,strongest_peak,1,no_detectable_beat,no_detectable_beat,false,ch4,automatic
0.00018324215314022589,nan,1728515624.4105661,nan,nan,nan,nan,nan,candidate,refined,strongest_peak,1,ambiguous_peak,ambiguous_peak,false,ch4,automatic
0.00018324535314022698,nan,2656249999.094203,nan,nan,nan,nan,nan,candidate,refined,strongest_peak,1,ambiguous_peak,ambiguous_peak,false,ch4,automatic
0.00018324855314022807,nan,2646484374.0975332,nan,nan,nan,nan,nan,candidate,refined,strongest_peak,1,ambiguous_peak,ambiguous_peak,false,ch4,automatic
0.00018325175314022916,nan,2636718749.1008635,nan,nan,nan,nan,nan,candidate,refined,strongest_peak,1,no_detectable_beat,no_detectable_beat,false,ch4,automatic
0.00018325495314023025,nan,4550781248.4481564,nan,nan,nan,nan,nan,candidate,refined,strongest_peak,1,no_detectable_beat,no_detectable_beat,false,ch4,automatic
0.00018325815314023134,nan,4453124998.4814577,nan,nan,nan,nan,nan,candidate,refined,strongest_peak,1,no_detectable_beat,no_detectable_beat,false,ch4,automatic
0.00018326135314023244,nan,3085937498.9476771,nan,nan,nan,nan,nan,candidate,refined,strongest_peak,1,ambiguous_peak,ambiguous_peak,false,ch4,automatic
0.00018326455314023353,nan,4921874998.3216114,nan,nan,nan,nan,nan,candidate,refined,strongest_peak,1,ambiguous_peak,ambiguous_peak,false,ch4,automatic
0.00018326775314023462,nan,3339843748.8610935,nan,nan,nan,nan,nan,candidate,refined,strongest_peak,1,no_detectable_beat,no_detectable_beat,false,ch4,automatic
0.00018327095314023571,nan,3330078123.8644238,nan,nan,nan,nan,nan,candidate,refined,strongest_peak,1,no_detectable_beat,no_detectable_beat,false,ch4,automatic
0.0001832741531402368,nan,2128906249.2740304,nan,nan,nan,nan,nan,candidate,refined,strongest_peak,1,no_detectable_beat,no_detectable_beat,false,ch4,automatic
0.00018327735314023789,nan,1933593749.3406332,nan,nan,nan,nan,nan,candidate,refined,strongest_peak,1,no_detectable_beat,no_detectable_beat,false,ch4,automatic
0.00018328055314023898,nan,1943359374.3373029,nan,nan,nan,nan,nan,candidate,refined,strongest_peak,1,ambiguous_peak,ambiguous_peak,false,ch4,automatic
0.00018328375314024007,nan,3398437498.8411126,nan,nan,nan,nan,nan,candidate,refined,strongest_peak,1,no_detectable_beat,no_detectable_beat,false,ch4,automatic
0.00018328695314024116,nan,3408203123.8377829,nan,nan,nan,nan,nan,candidate,refined,strongest_peak,1,ambiguous_peak,ambiguous_peak,false,ch4,automatic
0.00018329015314024226,nan,5507812498.1218033,nan,nan,nan,nan,nan,candidate,refined,strongest_peak,1,ambiguous_peak,ambiguous_peak,false,ch4,automatic
0.00018329335314024335,nan,3955078123.6512952,nan,nan,nan,nan,nan,candidate,refined,strongest_peak,1,no_detectable_beat,no_detectable_beat,false,ch4,automatic
0.00018329655314024444,nan,3046874998.9609976,nan,nan,nan,nan,nan,candidate,refined,strongest_peak,1,no_detectable_beat,no_detectable_beat,false,ch4,automatic
0.00018329975314024553,nan,3027343748.967658,nan,nan,nan,nan,nan,candidate,refined,strongest_peak,1,ambiguous_peak,ambiguous_peak,false,ch4,automatic
0.00018330295314024662,nan,3027343748.967658,nan,nan,nan,nan,nan,candidate,refined,strongest_peak,1,ambiguous_peak,ambiguous_peak,false,ch4,automatic
0.00018330615314024771,nan,1826171874.3772647,nan,nan,nan,nan,nan,candidate,refined,strongest_peak,1,no_detectable_beat,no_detectable_beat,false,ch4,automatic
0.0001833093531402488,nan,2148437499.2673702,nan,nan,nan,nan,nan,candidate,refined,strongest_peak,1,no_detectable_beat,no_detectable_beat,false,ch4,automatic
0.00018331255314024989,nan,1660156249.433877,nan,nan,nan,nan,nan,candidate,refined,strongest_peak,1,no_detectable_beat,no_detectable_beat,false,ch4,automatic
0.00018331575314025099,nan,2343749999.2007675,nan,nan,nan,nan,nan,candidate,refined,strongest_peak,1,ambiguous_peak,ambiguous_peak,false,ch4,automatic
0.00018331895314025208,nan,2333984374.2040977,nan,nan,nan,nan,nan,candidate,refined,strongest_peak,1,no_detectable_beat,no_detectable_beat,false,ch4,automatic
0.00018332215314025317,nan,3720703123.7312183,nan,nan,nan,nan,nan,candidate,refined,strongest_peak,1,no_detectable_beat,no_detectable_beat,false,ch4,automatic
0.00018332535314025426,nan,5029296873.2849798,nan,nan,nan,nan,nan,candidate,refined,strongest_peak,1,ambiguous_peak,ambiguous_peak,false,ch4,automatic
0.00018332855314025535,nan,5058593748.2749901,nan,nan,nan,nan,nan,candidate,refined,strongest_peak,1,ambiguous_peak,ambiguous_peak,false,ch4,automatic
0.00018333175314025644,nan,5078124998.2683296,nan,nan,nan,nan,nan,candidate,refined,strongest_peak,1,ambiguous_peak,ambiguous_peak,false,ch4,automatic
0.00018333495314025753,nan,3496093748.8078113,nan,nan,nan,nan,nan,candidate,refined,strongest_peak,1,ambiguous_peak,ambiguous_peak,false,ch4,automatic
0.00018333815314025862,nan,5488281248.1284637,nan,nan,nan,nan,nan,candidate,refined,strongest_peak,1,ambiguous_peak,ambiguous_peak,false,ch4,automatic
0.00018334135314025972,nan,5468749998.1351242,nan,nan,nan,nan,nan,candidate,refined,strongest_peak,1,no_detectable_beat,no_detectable_beat,false,ch4,automatic
0.00018334455314026081,nan,5195312498.2283678,nan,nan,nan,nan,nan,candidate,refined,strongest_peak,1,no_detectable_beat,no_detectable_beat,false,ch4,automatic
0.0001833477531402619,nan,4736328123.3848839,nan,nan,nan,nan,nan,candidate,refined,strongest_peak,1,ambiguous_peak,ambiguous_peak,false,ch4,automatic
0.00018335095314026299,nan,2939453123.9976292,nan,nan,nan,nan,nan,candidate,refined,strongest_peak,1,no_detectable_beat,no_detectable_beat,false,ch4,automatic
0.00018335415314026408,nan,2919921874.0042896,nan,nan,nan,nan,nan,candidate,refined,strongest_peak,1,ambiguous_peak,ambiguous_peak,false,ch4,automatic
0.00018335735314026517,nan,3964843748.647965,nan,nan,nan,nan,nan,candidate,refined,strongest_peak,1,no_detectable_beat,no_detectable_beat,false,ch4,automatic
0.00018336055314026626,nan,2451171874.1641359,nan,nan,nan,nan,nan,candidate,refined,strongest_peak,1,ambiguous_peak,ambiguous_peak,false,ch4,automatic
0.00018336375314026735,nan,2441406249.1674662,nan,nan,nan,nan,nan,candidate,refined,strongest_peak,1,ambiguous_peak,ambiguous_peak,false,ch4,automatic
0.00018336695314026845,nan,2431640624.1707964,nan,nan,nan,nan,nan,candidate,refined,strongest_peak,1,ambiguous_peak,ambiguous_peak,false,ch4,automatic
0.00018337015314026954,nan,2431640624.1707964,nan,nan,nan,nan,nan,candidate,refined,strongest_peak,1,ambiguous_peak,ambiguous_peak,false,ch4,automatic
0.00018337335314027063,nan,2285156249.2207484,nan,nan,nan,nan,nan,candidate,refined,strongest_peak,1,ambiguous_peak,ambiguous_peak,false,ch4,automatic
0.00018337655314027172,nan,2285156249.2207484,nan,nan,nan,nan,nan,candidate,refined,strongest_peak,1,ambiguous_peak,ambiguous_peak,false,ch4,automatic
0.00018337975314027281,nan,5859374998.0019188,nan,nan,nan,nan,nan,candidate,refined,strongest_peak,1,no_detectable_beat,no_detectable_beat,false,ch4,automatic
0.0001833829531402739,nan,2412109374.1774564,nan,nan,nan,nan,nan,candidate,refined,strongest_peak,1,no_detectable_beat,no_detectable_beat,false,ch4,automatic
0.00018338615314027499,nan,1787109374.3905852,nan,nan,nan,nan,nan,candidate,refined,strongest_peak,1,no_detectable_beat,no_detectable_beat,false,ch4,automatic
0.00018338935314027608,nan,1787109374.3905852,nan,nan,nan,nan,nan,candidate,refined,strongest_peak,1,ambiguous_peak,ambiguous_peak,false,ch4,automatic
0.00018339255314027718,nan,2343749999.2007675,nan,nan,nan,nan,nan,candidate,refined,strongest_peak,1,no_detectable_beat,no_detectable_beat,false,ch4,automatic
0.00018339575314027827,nan,2734374999.0675621,nan,nan,nan,nan,nan,candidate,refined,strongest_peak,1,no_detectable_beat,no_detectable_beat,false,ch4,automatic
0.00018339895314027936,nan,2744140624.0642319,nan,nan,nan,nan,nan,candidate,refined,strongest_peak,1,ambiguous_peak,ambiguous_peak,false,ch4,automatic
0.00018340215314028045,nan,1679687499.4272168,nan,nan,nan,nan,nan,candidate,refined,strongest_peak,1,ambiguous_peak,ambiguous_peak,false,ch4,automatic
0.00018340535314028154,nan,1669921874.4305468,nan,nan,nan,nan,nan,candidate,refined,strongest_peak,1,ambiguous_peak,ambiguous_peak,false,ch4,automatic
0.00018340855314028263,nan,3701171873.7378788,nan,nan,nan,nan,nan,candidate,refined,strongest_peak,1,ambiguous_peak,ambiguous_peak,false,ch4,automatic
0.00018341175314028372,nan,3730468748.7278881,nan,nan,nan,nan,nan,candidate,refined,strongest_peak,1,ambiguous_peak,ambiguous_peak,false,ch4,automatic
0.00018341495314028481,nan,3798828123.704577,nan,nan,nan,nan,nan,candidate,refined,strongest_peak,1,ambiguous_peak,ambiguous_peak,false,ch4,automatic
0.0001834181531402859,nan,4082031248.6080031,nan,nan,nan,nan,nan,candidate,refined,strongest_peak,1,ambiguous_peak,ambiguous_peak,false,ch4,automatic
0.000183421353140287,nan,4082031248.6080031,nan,nan,nan,nan,nan,candidate,refined,strongest_peak,1,ambiguous_peak,ambiguous_peak,false,ch4,automatic
0.00018342455314028809,nan,1679687499.4272168,nan,nan,nan,nan,nan,candidate,refined,strongest_peak,1,no_detectable_beat,no_detectable_beat,false,ch4,automatic
0.00018342775314028918,nan,1679687499.4272168,1681037758.1698263,1302.8042625816154,1302.8042625816154,1026.3353699627667,1026.3353699627667,candidate,refined,continuity_assisted_alternative,2,measured,quality_gated_measurement,false,ch4,automatic
0.00018343095314029027,nan,1689453124.4238865,nan,nan,nan,nan,nan,candidate,refined,strongest_peak,1,ambiguous_peak,ambiguous_peak,false,ch4,automatic
0.00018343415314029136,nan,1708984374.4172263,nan,nan,nan,nan,nan,candidate,refined,strongest_peak,1,ambiguous_peak,ambiguous_peak,false,ch4,automatic
0.00018343735314029245,nan,3906249998.6679459,nan,nan,nan,nan,nan,candidate,refined,strongest_peak,1,ambiguous_peak,ambiguous_peak,false,ch4,automatic
0.00018344055314029354,nan,2968749998.987639,nan,nan,nan,nan,nan,candidate,refined,strongest_peak,1,ambiguous_peak,ambiguous_peak,false,ch4,automatic
0.00018344375314029463,nan,2988281248.9809785,nan,nan,nan,nan,nan,candidate,refined,strongest_peak,1,ambiguous_peak,ambiguous_peak,false,ch4,automatic
0.00018344695314029573,nan,3007812498.974318,nan,nan,nan,nan,nan,candidate,refined,strongest_peak,1,ambiguous_peak,ambiguous_peak,false,ch4,automatic
0.00018345015314029682,nan,2060546874.2973413,nan,nan,nan,nan,nan,candidate,refined,strongest_peak,1,ambiguous_peak,ambiguous_peak,false,ch4,automatic
0.00018345335314029791,nan,3613281248.7678499,nan,nan,nan,nan,nan,candidate,refined,strongest_peak,1,no_detectable_beat,no_detectable_beat,false,ch4,automatic
0.000183456553140299,nan,2822265624.037591,nan,nan,nan,nan,nan,candidate,refined,strongest_peak,1,ambiguous_peak,ambiguous_peak,false,ch4,automatic
0.00018345975314030009,nan,2841796874.0309305,nan,nan,nan,nan,nan,candidate,refined,strongest_peak,1,no_detectable_beat,no_detectable_beat,false,ch4,automatic
0.00018346295314030118,nan,4785156248.3682337,nan,nan,nan,nan,nan,candidate,refined,strongest_peak,1,no_detectable_beat,no_detectable_beat,false,ch4,automatic
0.00018346615314030227,nan,1943359374.3373029,nan,nan,nan,nan,nan,candidate,refined,strongest_peak,1,no_detectable_beat,no_detectable_beat,false,ch4,automatic
0.00018346935314030336,nan,2236328124.2373991,nan,nan,nan,nan,nan,candidate,refined,strongest_peak,1,ambiguous_peak,ambiguous_peak,false,ch4,automatic
0.00018347255314030446,nan,2255859374.2307386,nan,nan,nan,nan,nan,candidate,refined,strongest_peak,1,ambiguous_peak,ambiguous_peak,false,ch4,automatic
0.00018347575314030555,nan,2246093749.2340689,nan,nan,nan,nan,nan,candidate,refined,strongest_peak,1,ambiguous_peak,ambiguous_peak,false,ch4,automatic
0.00018347895314030664,nan,1669921874.4305468,nan,nan,nan,nan,nan,candidate,refined,strongest_peak,1,ambiguous_peak,ambiguous_peak,false,ch4,automatic
0.00018348215314030773,nan,5449218748.1417847,nan,nan,nan,nan,nan,candidate,refined,strongest_peak,1,ambiguous_peak,ambiguous_peak,false,ch4,automatic
0.00018348535314030882,nan,5429687498.1484442,nan,nan,nan,nan,nan,candidate,refined,strongest_peak,1,ambiguous_peak,ambiguous_peak,false,ch4,automatic
0.00018348855314030991,nan,4882812498.3349323,nan,nan,nan,nan,nan,candidate,refined,strongest_peak,1,ambiguous_peak,ambiguous_peak,false,ch4,automatic
0.000183491753140311,nan,1718749999.4138961,nan,nan,nan,nan,nan,candidate,refined,strongest_peak,1,ambiguous_peak,ambiguous_peak,false,ch4,automatic
0.00018349495314031209,nan,1855468749.3672743,nan,nan,nan,nan,nan,candidate,refined,strongest_peak,1,no_detectable_beat,no_detectable_beat,false,ch4,automatic
0.00018349815314031319,nan,2314453124.2107577,nan,nan,nan,nan,nan,candidate,refined,strongest_peak,1,ambiguous_peak,ambiguous_peak,false,ch4,automatic
0.00018350135314031428,nan,4804687498.3615732,nan,nan,nan,nan,nan,candidate,refined,strongest_peak,1,ambiguous_peak,ambiguous_peak,false,ch4,automatic
0.00018350455314031537,nan,4814453123.358243,nan,nan,nan,nan,nan,candidate,refined,strongest_peak,1,ambiguous_peak,ambiguous_peak,false,ch4,automatic
0.00018350775314031646,nan,3740234373.7245579,nan,nan,nan,nan,nan,candidate,refined,strongest_peak,1,ambiguous_peak,ambiguous_peak,false,ch4,automatic
0.00018351095314031755,nan,3701171873.7378788,nan,nan,nan,nan,nan,candidate,refined,strongest_peak,1,ambiguous_peak,ambiguous_peak,false,ch4,automatic
0.00018351415314031864,nan,3701171873.7378788,nan,nan,nan,nan,nan,candidate,refined,strongest_peak,1,ambiguous_peak,ambiguous_peak,false,ch4,automatic
0.00018351735314031973,nan,3720703123.7312183,nan,nan,nan,nan,nan,candidate,refined,strongest_peak,1,ambiguous_peak,ambiguous_peak,false,ch4,automatic
0.00018352055314032082,nan,3144531248.9276962,nan,nan,nan,nan,nan,candidate,refined,strongest_peak,1,ambiguous_peak,ambiguous_peak,false,ch4,automatic
0.00018352375314032192,nan,2978515623.9843087,nan,nan,nan,nan,nan,candidate,refined,strongest_peak,1,ambiguous_peak,ambiguous_peak,false,ch4,automatic
0.00018352695314032301,nan,5117187498.2550087,nan,nan,nan,nan,nan,candidate,refined,strongest_peak,1,ambiguous_peak,ambiguous_peak,false,ch4,automatic
0.0001835301531403241,nan,4580078123.4381666,nan,nan,nan,nan,nan,candidate,refined,strongest_peak,1,ambiguous_peak,ambiguous_peak,false,ch4,automatic
0.00018353335314032519,nan,4570312498.4414968,nan,nan,nan,nan,nan,candidate,refined,strongest_peak,1,ambiguous_peak,ambiguous_peak,false,ch4,automatic
0.00018353655314032628,nan,4580078123.4381666,nan,nan,nan,nan,nan,candidate,refined,strongest_peak,1,ambiguous_peak,ambiguous_peak,false,ch4,automatic
0.00018353975314032737,nan,2119140624.2773604,nan,nan,nan,nan,nan,candidate,refined,strongest_peak,1,no_detectable_beat,no_detectable_beat,false,ch4,automatic
0.00018354295314032846,nan,4121093748.5946827,nan,nan,nan,nan,nan,candidate,refined,strongest_peak,1,no_detectable_beat,no_detectable_beat,false,ch4,automatic
0.00018354615314032955,nan,3173828123.917706,nan,nan,nan,nan,nan,candidate,refined,strongest_peak,1,ambiguous_peak,ambiguous_peak,false,ch4,automatic
0.00018354935314033064,nan,3544921873.7911606,nan,nan,nan,nan,nan,candidate,refined,strongest_peak,1,no_detectable_beat,no_detectable_beat,false,ch4,automatic
0.00018355255314033174,nan,2490234374.1508155,nan,nan,nan,nan,nan,candidate,refined,strongest_peak,1,ambiguous_peak,ambiguous_peak,false,ch4,automatic
0.00018355575314033283,nan,2490234374.1508155,nan,nan,nan,nan,nan,candidate,refined,strongest_peak,1,ambiguous_peak,ambiguous_peak,false,ch4,automatic
0.00018355895314033392,nan,3222656248.9010553,nan,nan,nan,nan,nan,candidate,refined,strongest_peak,1,ambiguous_peak,ambiguous_peak,false,ch4,automatic
0.00018356215314033501,nan,3251953123.8910646,nan,nan,nan,nan,nan,candidate,refined,strongest_peak,1,ambiguous_peak,ambiguous_peak,false,ch4,automatic
0.0001835653531403361,nan,3291015623.8777442,nan,nan,nan,nan,nan,candidate,refined,strongest_peak,1,ambiguous_peak,ambiguous_peak,false,ch4,automatic
0.00018356855314033719,nan,3759765623.7178979,nan,nan,nan,nan,nan,candidate,refined,strongest_peak,1,ambiguous_peak,ambiguous_peak,false,ch4,automatic
0.00018357175314033828,nan,3789062498.7079072,3791708307.6941948,2938.573938463001,2938.573938463001,2299.5880157205879,2299.5880157205879,candidate,refined,strongest_peak,1,measured,quality_gated_measurement,false,ch4,automatic
0.00018357495314033937,nan,3789062498.7079072,3793003555.4408021,2939.5777554666215,2939.5777554666215,2300.3671125872306,2300.3671125872306,candidate,refined,strongest_peak,1,measured,quality_gated_measurement,false,ch4,automatic
0.00018357815314034047,nan,3769531248.7145677,3773629233.7154045,2924.5626561294384,2924.5626561294384,2288.713149928888,2288.713149928888,candidate,refined,strongest_peak,1,measured,quality_gated_measurement,false,ch4,automatic
0.00018358135314034156,nan,3749999998.7212276,3750707411.6843791,2906.7982440553938,2906.7982440553938,2274.9246755888084,2274.9246755888084,candidate,refined,strongest_peak,1,measured,quality_gated_measurement,false,ch4,automatic
0.00018358455314034265,nan,3935546873.6579552,nan,nan,nan,nan,nan,candidate,refined,strongest_peak,1,ambiguous_peak,ambiguous_peak,false,ch4,automatic
0.00018358775314034374,nan,3828124998.6945868,nan,nan,nan,nan,nan,candidate,refined,strongest_peak,1,ambiguous_peak,ambiguous_peak,false,ch4,automatic
0.00018359095314034483,nan,3837890623.6912565,nan,nan,nan,nan,nan,candidate,refined,strongest_peak,1,ambiguous_peak,ambiguous_peak,false,ch4,automatic
0.00018359415314034592,nan,3847656248.6879263,3848190825.6620808,2982.3478898881126,2982.3478898881126,2333.5604663475701,2333.5604663475701,candidate,refined,strongest_peak,1,measured,quality_gated_measurement,false,ch4,automatic
0.00018359735314034701,nan,3847656248.6879263,3850108399.7422857,2983.8340098002714,2983.8340098002714,2334.7137544885891,2334.7137544885891,candidate,refined,strongest_peak,1,measured,quality_gated_measurement,false,ch4,automatic
0.0001836005531403481,nan,3828124998.6945868,3824267654.4142942,2963.8074321710778,2963.8074321710778,2319.171937083825,2319.171937083825,candidate,refined,strongest_peak,1,measured,quality_gated_measurement,false,ch4,automatic
0.0001836037531403492,nan,3808593748.7012472,3805102903.5657177,2948.9547502634314,2948.9547502634314,2307.64481516055,2307.64481516055,candidate,refined,strongest_peak,1,measured,quality_gated_measurement,false,ch4,automatic
0.00018360695314035029,nan,3818359373.697917,3819206126.6749129,2959.8847481730577,2959.8847481730577,2316.1275999156842,2316.1275999156842,candidate,refined,strongest_peak,1,measured,quality_gated_measurement,false,ch4,automatic
0.00018361015314035138,nan,3837890623.6912565,3842365948.6639223,2977.8336102145399,2977.8336102145399,2330.0571769212916,2330.0571769212916,candidate,refined,strongest_peak,1,measured,quality_gated_measurement,false,ch4,automatic
0.00018361335314035247,nan,3847656248.6879263,3843692148.0750899,2978.8614147581948,2978.8614147581948,2330.8548045217572,2330.8548045217572,candidate,refined,strongest_peak,1,measured,quality_gated_measurement,false,ch4,automatic
0.00018361655314035356,nan,3818359373.697917,nan,nan,nan,nan,nan,candidate,refined,strongest_peak,1,ambiguous_peak,ambiguous_peak,false,ch4,automatic
0.00018361975314035465,nan,3779296873.7112374,nan,nan,nan,nan,nan,candidate,refined,strongest_peak,1,unstable_detection,unstable_detection,false,ch4,automatic
0.00018362295314035574,nan,3779296873.7112374,nan,nan,nan,nan,nan,candidate,refined,strongest_peak,1,unstable_detection,unstable_detection,false,ch4,automatic
0.00018362615314035683,nan,3769531248.7145677,nan,nan,nan,nan,nan,candidate,refined,strongest_peak,1,ambiguous_peak,ambiguous_peak,false,ch4,automatic
0.00018362935314035793,nan,3759765623.7178979,3757479387.8580537,2912.0465255899917,2912.0465255899917,2278.9983859455269,2278.9983859455269,candidate,refined,strongest_peak,1,measured,quality_gated_measurement,false,ch4,automatic
0.00018363255314035902,nan,3749999998.7212276,3752858816.3630075,2908.4655826813309,2908.4655826813309,2276.2188685286346,2276.2188685286346,candidate,refined,strongest_peak,1,measured,quality_gated_measurement,false,ch4,automatic
0.00018363575314036011,nan,3759765623.7178979,3763983205.3020439,2917.0869841090839,2917.0869841090839,2282.9107276302329,2282.9107276302329,candidate,refined,strongest_peak,1,measured,quality_gated_measurement,false,ch4,automatic
0.0001836389531403612,nan,3769531248.7145677,3765188316.0663996,2918.0209449514596,2918.0209449514596,2283.6356504174182,2283.6356504174182,candidate,refined,strongest_peak,1,measured,quality_gated_measurement,false,ch4,automatic
0.00018364215314036229,nan,3779296873.7112374,3775875110.2423959,2926.3032104378567,2926.3032104378567,2290.0641054724465,2290.0641054724465,candidate,refined,strongest_peak,1,measured,quality_gated_measurement,false,ch4,automatic
0.00018364535314036338,nan,3789062498.7079072,nan,nan,nan,nan,nan,candidate,refined,strongest_peak,1,ambiguous_peak,ambiguous_peak,false,ch4,automatic
0.00018364855314036447,nan,3759765623.7178979,nan,nan,nan,nan,nan,candidate,refined,strongest_peak,1,ambiguous_peak,ambiguous_peak,false,ch4,automatic
0.00018365175314036556,nan,3730468748.7278881,3734981780.2346992,2894.6108796818917,2894.6108796818917,2265.4646239301919,2265.4646239301919,candidate,refined,strongest_peak,1,measured,quality_gated_measurement,false,ch4,automatic
0.00018365495314036666,nan,3749999998.7212276,3752625850.7066011,2908.2850342976158,2908.2850342976158,2276.0787266582151,2276.0787266582151,candidate,refined,strongest_peak,1,measured,quality_gated_measurement,false,ch4,automatic
0.00018365815314036775,nan,3798828123.704577,3794138649.7128983,2940.457453527496,2940.457453527496,2301.0498746841304,2301.0498746841304,candidate,refined,strongest_peak,1,measured,quality_gated_measurement,false,ch4,automatic
0.00018366135314036884,nan,3808593748.7012472,3806802352.835216,2950.2718234472923,2950.2718234472923,2308.6670109132533,2308.6670109132533,candidate,refined,strongest_peak,1,measured,quality_gated_measurement,false,ch4,automatic
0.00018366455314036993,nan,3798828123.704577,3799210308.9727893,2944.3879894539118,2944.3879894539118,2304.1004701979559,2304.1004701979559,candidate,refined,strongest_peak,1,measured,quality_gated_measurement,false,ch4,automatic
0.00018366775314037102,nan,3789062498.7079072,3788030149.5434904,2935.723365896205,2935.723365896205,2297.3755765082465,2297.3755765082465,candidate,refined,strongest_peak,1,measured,quality_gated_measurement,false,ch4,automatic
0.00018367095314037211,nan,3789062498.7079072,3789342369.2639856,2936.7403361795887,2936.7403361795887,2298.1648883532293,2298.1648883532293,candidate,refined,strongest_peak,1,measured,quality_gated_measurement,false,ch4,automatic
0.0001836741531403732,nan,3789062498.7079072,3787267480.2239928,2935.1322971735945,2935.1322971735945,2296.9168230920804,2296.9168230920804,candidate,refined,strongest_peak,1,measured,quality_gated_measurement,false,ch4,automatic
0.00018367735314037429,nan,4033203123.6246538,nan,nan,nan,nan,nan,candidate,refined,strongest_peak,1,ambiguous_peak,ambiguous_peak,false,ch4,automatic
0.00018368055314037538,nan,4013671873.6313143,nan,nan,nan,nan,nan,candidate,refined,strongest_peak,1,unstable_detection,unstable_detection,false,ch4,automatic
0.00018368375314037648,nan,4013671873.6313143,nan,nan,nan,nan,nan,candidate,refined,strongest_peak,1,unstable_detection,unstable_detection,false,ch4,automatic
0.00018368695314037757,nan,3994140623.6379743,nan,nan,nan,nan,nan,candidate,refined,strongest_peak,1,ambiguous_peak,ambiguous_peak,false,ch4,automatic
0.00018369015314037866,nan,3798828123.704577,3799950891.4033251,2944.961940837577,2944.961940837577,2304.5459266350613,2304.5459266350613,candidate,refined,strongest_peak,1,measured,quality_gated_measurement,false,ch4,automatic
0.00018369335314037975,nan,3759765623.7178979,3757270378.4173861,2911.8845432734743,2911.8845432734743,2278.8726563504842,2278.8726563504842,candidate,refined,strongest_peak,1,measured,quality_gated_measurement,false,ch4,automatic
0.00018369655314038084,nan,3740234373.7245579,3739551213.3446116,2898.1521903420739,2898.1521903420739,2268.2134866282108,2268.2134866282108,candidate,refined,strongest_peak,1,measured,quality_gated_measurement,false,ch4,automatic
0.00018369975314038193,nan,3720703123.7312183,nan,nan,nan,nan,nan,candidate,refined,strongest_peak,1,ambiguous_peak,ambiguous_peak,false,ch4,automatic
0.00018370295314038302,nan,3417968748.8344526,3419997046.057858,2650.49771069484,2650.49771069484,2075.9088617396296,2075.9088617396296,candidate,refined,strongest_peak,1,measured,quality_gated_measurement,false,ch4,automatic
0.00018370615314038411,nan,3349609373.8577633,3346147290.6759286,2593.2641502738447,2593.2641502738447,2031.4463035174724,2031.4463035174724,candidate,refined,strongest_peak,1,measured,quality_gated_measurement,false,ch4,automatic
0.00018370935314038521,nan,3330078123.8644238,3327046001.2896004,2578.4606509994401,2578.4606509994401,2019.9447298461939,2019.9447298461939,candidate,refined,strongest_peak,1,measured,quality_gated_measurement,false,ch4,automatic
0.0001837125531403863,nan,3320312498.867754,3323699542.7200994,2575.867145608077,2575.867145608077,2017.92965106985,2017.92965106985,candidate,refined,strongest_peak,1,measured,quality_gated_measurement,false,ch4,automatic
0.00018371575314038739,nan,3359374998.8544335,3355357454.4982381,2600.4020272361345,2600.4020272361345,2036.9918820003536,2036.9918820003536,candidate,refined,strongest_peak,1,measured,quality_gated_measurement,false,ch4,automatic
0.00018371895314038848,nan,3095703123.9443469,nan,nan,nan,nan,nan,candidate,refined,strongest_peak,1,ambiguous_peak,ambiguous_peak,false,ch4,automatic
0.00018372215314038957,nan,1523437499.4804988,nan,nan,nan,nan,nan,candidate,refined,strongest_peak,1,ambiguous_peak,ambiguous_peak,false,ch4,automatic
0.00018372535314039066,nan,1494140624.4904892,nan,nan,nan,nan,nan,candidate,refined,strongest_peak,1,ambiguous_peak,ambiguous_peak,false,ch4,automatic
0.00018372855314039175,nan,1464843749.5004797,nan,nan,nan,nan,nan,candidate,refined,strongest_peak,1,ambiguous_peak,ambiguous_peak,false,ch4,automatic
0.00018373175314039284,nan,1259765624.5704124,nan,nan,nan,nan,nan,candidate,refined,strongest_peak,1,ambiguous_peak,ambiguous_peak,false,ch4,automatic
0.00018373495314039394,nan,1249999999.5737426,1252810410.2287991,970.92806792731926,970.92806792731926,766.73317814307075,766.73317814307075,candidate,refined,strongest_peak,1,measured,quality_gated_measurement,false,ch4,automatic
0.00018373815314039503,nan,1249999999.5737426,1253269673.0887513,971.2839966437823,971.2839966437823,767.01194663151864,767.01194663151864,candidate,refined,strongest_peak,1,measured,quality_gated_measurement,false,ch4,automatic
0.00018374135314039612,nan,1259765624.5704124,1259120410.1020174,975.81831782906352,975.81831782906352,770.56321897659666,770.56321897659666,candidate,refined,strongest_peak,1,measured,quality_gated_measurement,false,ch4,automatic
0.00018374455314039721,nan,1259765624.5704124,1256081545.2315876,973.46319755448042,973.46319755448042,768.71870986507724,768.71870986507724,candidate,refined,strongest_peak,1,measured,quality_gated_measurement,false,ch4,automatic
0.0001837477531403983,nan,1249999999.5737426,1245363088.1120696,965.15639328685393,965.15639328685393,762.21260238787602,762.21260238787602,candidate,refined,strongest_peak,1,measured,quality_gated_measurement,false,ch4,automatic
0.00018375095314039939,nan,1240234374.5770729,1241635131.1489038,962.26722664040051,962.26722664040051,759.94962369258303,759.94962369258303,candidate,refined,strongest_peak,1,measured,quality_gated_measurement,false,ch4,automatic
0.00018375415314040048,nan,1249999999.5737426,1253729905.8682775,971.64067704791512,971.64067704791512,767.29130301223097,767.29130301223097,candidate,refined,strongest_peak,1,measured,quality_gated_measurement,false,ch4,automatic
0.00018375735314040157,nan,1269531249.5670824,1267507658.1194601,982.31843504258154,982.31843504258154,775.6538634374549,775.6538634374549,candidate,refined,strongest_peak,1,measured,quality_gated_measurement,false,ch4,automatic
0.00018376055314040267,nan,1269531249.5670824,1274389786.9076829,987.6520848534542,987.6520848534542,779.83076862172379,779.83076862172379,candidate,refined,strongest_peak,1,measured,quality_gated_measurement,false,ch4,automatic
0.00018376375314040376,nan,1269531249.5670824,1265778850.3878458,980.97860905058042,980.97860905058042,774.60458536329952,774.60458536329952,candidate,refined,strongest_peak,1,measured,quality_gated_measurement,false,ch4,automatic
0.00018376695314040485,nan,2412109374.1774564,nan,nan,nan,nan,nan,candidate,refined,strongest_peak,1,ambiguous_peak,ambiguous_peak,false,ch4,automatic
0.00018377015314040594,nan,2451171874.1641359,nan,nan,nan,nan,nan,candidate,refined,strongest_peak,1,unstable_detection,unstable_detection,false,ch4,automatic
0.00018377335314040703,nan,2460937499.1608057,nan,nan,nan,nan,nan,candidate,refined,strongest_peak,1,ambiguous_peak,ambiguous_peak,false,ch4,automatic
0.00018377655314040812,nan,1318359374.5504317,nan,nan,nan,nan,nan,candidate,refined,strongest_peak,1,unstable_detection,unstable_detection,false,ch4,automatic
0.00018377975314040921,nan,2333984374.2040977,nan,nan,nan,nan,nan,candidate,refined,strongest_peak,1,ambiguous_peak,ambiguous_peak,false,ch4,automatic
0.0001837829531404103,nan,2353515624.1974373,nan,nan,nan,nan,nan,candidate,refined,strongest_peak,1,ambiguous_peak,ambiguous_peak,false,ch4,automatic
0.0001837861531404114,nan,1767578124.3972454,nan,nan,nan,nan,nan,candidate,refined,strongest_peak,1,ambiguous_peak,ambiguous_peak,false,ch4,automatic
0.00018378935314041249,nan,1787109374.3905852,nan,nan,nan,nan,nan,candidate,refined,strongest_peak,1,ambiguous_peak,ambiguous_peak,false,ch4,automatic
0.00018379255314041358,nan,2187499999.2540498,nan,nan,nan,nan,nan,candidate,refined,strongest_peak,1,ambiguous_peak,ambiguous_peak,false,ch4,automatic
0.00018379575314041467,nan,2207031249.2473893,nan,nan,nan,nan,nan,candidate,refined,strongest_peak,1,ambiguous_peak,ambiguous_peak,false,ch4,automatic
0.00018379895314041576,nan,3789062498.7079072,nan,nan,nan,nan,nan,candidate,refined,strongest_peak,1,no_detectable_beat,no_detectable_beat,false,ch4,automatic
0.00018380215314041685,nan,3828124998.6945868,nan,nan,nan,nan,nan,candidate,refined,strongest_peak,1,ambiguous_peak,ambiguous_peak,false,ch4,automatic
0.00018380535314041794,nan,2343749999.2007675,nan,nan,nan,nan,nan,candidate,refined,strongest_peak,1,ambiguous_peak,ambiguous_peak,false,ch4,automatic
0.00018380855314041903,nan,2353515624.1974373,nan,nan,nan,nan,nan,candidate,refined,strongest_peak,1,ambiguous_peak,ambiguous_peak,false,ch4,automatic
0.00018381175314042012,nan,4179687498.5747018,nan,nan,nan,nan,nan,candidate,refined,strongest_peak,1,ambiguous_peak,ambiguous_peak,false,ch4,automatic
0.00018381495314042122,nan,4130859373.5913525,nan,nan,nan,nan,nan,candidate,refined,strongest_peak,1,unstable_detection,unstable_detection,false,ch4,automatic
0.00018381815314042231,nan,4101562498.6013432,nan,nan,nan,nan,nan,candidate,refined,strongest_peak,1,ambiguous_peak,ambiguous_peak,false,ch4,automatic
0.0001838213531404234,nan,3242187498.8943949,nan,nan,nan,nan,nan,candidate,refined,strongest_peak,1,ambiguous_peak,ambiguous_peak,false,ch4,automatic
0.00018382455314042449,nan,3242187498.8943949,nan,nan,nan,nan,nan,candidate,refined,strongest_peak,1,ambiguous_peak,ambiguous_peak,false,ch4,automatic
0.00018382775314042558,nan,3232421873.8977251,3232595248.411252,2505.2613175187203,2505.2613175187203,1963.0645128894848,1963.0645128894848,candidate,refined,continuity_assisted_alternative,2,measured,quality_gated_measurement,false,ch4,automatic
0.00018383095314042667,nan,3193359373.9110456,nan,nan,nan,nan,nan,candidate,refined,strongest_peak,1,ambiguous_peak,ambiguous_peak,false,ch4,automatic
0.00018383415314042776,nan,2548828124.1308346,nan,nan,nan,nan,nan,candidate,refined,strongest_peak,1,ambiguous_peak,ambiguous_peak,false,ch4,automatic
0.00018383735314042885,nan,2568359374.1241741,nan,nan,nan,nan,nan,candidate,refined,strongest_peak,1,unstable_detection,unstable_detection,false,ch4,automatic
0.00018384055314042995,nan,2568359374.1241741,nan,nan,nan,nan,nan,candidate,refined,strongest_peak,1,ambiguous_peak,ambiguous_peak,false,ch4,automatic
0.00018384375314043104,nan,2724609374.0708923,nan,nan,nan,nan,nan,candidate,refined,strongest_peak,1,ambiguous_peak,ambiguous_peak,false,ch4,automatic
0.00018384695314043213,nan,3857421873.6845965,nan,nan,nan,nan,nan,candidate,refined,strongest_peak,1,no_detectable_beat,no_detectable_beat,false,ch4,automatic
0.00018385015314043322,nan,3876953123.6779361,nan,nan,nan,nan,nan,candidate,refined,strongest_peak,1,ambiguous_peak,ambiguous_peak,false,ch4,automatic
0.00018385335314043431,nan,3896484373.6712756,nan,nan,nan,nan,nan,candidate,refined,strongest_peak,1,ambiguous_peak,ambiguous_peak,false,ch4,automatic
0.0001838565531404354,nan,3134765623.9310265,nan,nan,nan,nan,nan,candidate,refined,strongest_peak,1,ambiguous_peak,ambiguous_peak,false,ch4,automatic
0.00018385975314043649,nan,3124999998.9343567,nan,nan,nan,nan,nan,candidate,refined,strongest_peak,1,ambiguous_peak,ambiguous_peak,false,ch4,automatic
0.00018386295314043758,nan,3955078123.6512952,nan,nan,nan,nan,nan,candidate,refined,strongest_peak,1,ambiguous_peak,ambiguous_peak,false,ch4,automatic
0.00018386615314043868,nan,2412109374.1774564,nan,nan,nan,nan,nan,candidate,refined,strongest_peak,1,ambiguous_peak,ambiguous_peak,false,ch4,automatic
0.00018386935314043977,nan,4814453123.358243,nan,nan,nan,nan,nan,candidate,refined,strongest_peak,1,ambiguous_peak,ambiguous_peak,false,ch4,automatic
0.00018387255314044086,nan,3212890623.9043856,nan,nan,nan,nan,nan,candidate,refined,strongest_peak,1,no_detectable_beat,no_detectable_beat,false,ch4,automatic
0.00018387575314044195,nan,2832031249.0342607,nan,nan,nan,nan,nan,candidate,refined,strongest_peak,1,ambiguous_peak,ambiguous_peak,false,ch4,automatic
0.00018387895314044304,nan,2822265624.037591,nan,nan,nan,nan,nan,candidate,refined,strongest_peak,1,ambiguous_peak,ambiguous_peak,false,ch4,automatic
0.00018388215314044413,nan,2812499999.0409207,nan,nan,nan,nan,nan,candidate,refined,strongest_peak,1,ambiguous_peak,ambiguous_peak,false,ch4,automatic
0.00018388535314044522,nan,2216796874.2440591,nan,nan,nan,nan,nan,candidate,refined,strongest_peak,1,ambiguous_peak,ambiguous_peak,false,ch4,automatic
0.00018388855314044631,nan,2226562499.2407289,nan,nan,nan,nan,nan,candidate,refined,strongest_peak,1,ambiguous_peak,ambiguous_peak,false,ch4,automatic
0.00018389175314044741,nan,2900390624.0109496,nan,nan,nan,nan,nan,candidate,refined,strongest_peak,1,ambiguous_peak,ambiguous_peak,false,ch4,automatic
0.0001838949531404485,nan,3994140623.6379743,nan,nan,nan,nan,nan,candidate,refined,strongest_peak,1,no_detectable_beat,no_detectable_beat,false,ch4,automatic
0.00018389815314044959,nan,3994140623.6379743,nan,nan,nan,nan,nan,candidate,refined,strongest_peak,1,ambiguous_peak,ambiguous_peak,false,ch4,automatic
0.00018390135314045068,nan,3095703123.9443469,nan,nan,nan,nan,nan,candidate,refined,strongest_peak,1,ambiguous_peak,ambiguous_peak,false,ch4,automatic
0.00018390455314045177,nan,3105468748.9410167,nan,nan,nan,nan,nan,candidate,refined,strongest_peak,1,unstable_detection,unstable_detection,false,ch4,automatic
0.00018390775314045286,nan,3095703123.9443469,nan,nan,nan,nan,nan,candidate,refined,strongest_peak,1,no_detectable_beat,no_detectable_beat,false,ch4,automatic
0.00018391095314045395,nan,2617187499.1075234,nan,nan,nan,nan,nan,candidate,refined,strongest_peak,1,ambiguous_peak,ambiguous_peak,false,ch4,automatic
0.00018391415314045504,nan,2646484374.0975332,nan,nan,nan,nan,nan,candidate,refined,strongest_peak,1,ambiguous_peak,ambiguous_peak,false,ch4,automatic
0.00018391735314045614,nan,2675781249.087543,nan,nan,nan,nan,nan,candidate,refined,strongest_peak,1,ambiguous_peak,ambiguous_peak,false,ch4,automatic
0.00018392055314045723,nan,2021484374.3106618,nan,nan,nan,nan,nan,candidate,refined,strongest_peak,1,no_detectable_beat,no_detectable_beat,false,ch4,automatic
0.00018392375314045832,nan,3916015623.6646156,nan,nan,nan,nan,nan,candidate,refined,strongest_peak,1,no_detectable_beat,no_detectable_beat,false,ch4,automatic
0.00018392695314045941,nan,3916015623.6646156,nan,nan,nan,nan,nan,candidate,refined,strongest_peak,1,no_detectable_beat,no_detectable_beat,false,ch4,automatic
0.0001839301531404605,nan,3261718748.8877349,nan,nan,nan,nan,nan,candidate,refined,strongest_peak,1,ambiguous_peak,ambiguous_peak,false,ch4,automatic
0.00018393335314046159,nan,1621093749.4471974,nan,nan,nan,nan,nan,candidate,refined,strongest_peak,1,ambiguous_peak,ambiguous_peak,false,ch4,automatic
0.00018393655314046268,nan,3603515623.7711802,nan,nan,nan,nan,nan,candidate,refined,strongest_peak,1,ambiguous_peak,ambiguous_peak,false,ch4,automatic
0.00018393975314046377,nan,4150390623.5846925,nan,nan,nan,nan,nan,candidate,refined,strongest_peak,1,ambiguous_peak,ambiguous_peak,false,ch4,automatic
0.00018394295314046486,nan,1855468749.3672743,nan,nan,nan,nan,nan,candidate,refined,strongest_peak,1,no_detectable_beat,no_detectable_beat,false,ch4,automatic
0.00018394615314046596,nan,1845703124.3706043,nan,nan,nan,nan,nan,candidate,refined,strongest_peak,1,no_detectable_beat,no_detectable_beat,false,ch4,automatic
0.00018394935314046705,nan,4335937498.5214195,nan,nan,nan,nan,nan,candidate,refined,strongest_peak,1,no_detectable_beat,no_detectable_beat,false,ch4,automatic
0.00018395255314046814,nan,2919921874.0042896,nan,nan,nan,nan,nan,candidate,refined,strongest_peak,1,no_detectable_beat,no_detectable_beat,false,ch4,automatic
0.00018395575314046923,nan,2939453123.9976292,nan,nan,nan,nan,nan,candidate,refined,strongest_peak,1,no_detectable_beat,no_detectable_beat,false,ch4,automatic
0.00018395895314047032,nan,3496093748.8078113,nan,nan,nan,nan,nan,candidate,refined,strongest_peak,1,ambiguous_peak,ambiguous_peak,false,ch4,automatic
0.00018396215314047141,nan,3056640623.9576674,nan,nan,nan,nan,nan,candidate,refined,strongest_peak,1,ambiguous_peak,ambiguous_peak,false,ch4,automatic
0.0001839653531404725,nan,2373046874.1907768,nan,nan,nan,nan,nan,candidate,refined,strongest_peak,1,ambiguous_peak,ambiguous_peak,false,ch4,automatic
0.00018396855314047359,nan,2363281249.1941071,nan,nan,nan,nan,nan,candidate,refined,strongest_peak,1,unstable_detection,unstable_detection,false,ch4,automatic
0.00018397175314047469,nan,2373046874.1907768,nan,nan,nan,nan,nan,candidate,refined,strongest_peak,1,ambiguous_peak,ambiguous_peak,false,ch4,automatic
0.00018397495314047578,nan,2158203124.26404,nan,nan,nan,nan,nan,candidate,refined,strongest_peak,1,no_detectable_beat,no_detectable_beat,false,ch4,automatic
0.00018397815314047687,nan,2490234374.1508155,nan,nan,nan,nan,nan,candidate,refined,strongest_peak,1,no_detectable_beat,no_detectable_beat,false,ch4,automatic
0.00018398135314047796,nan,2519531249.1408248,nan,nan,nan,nan,nan,candidate,refined,strongest_peak,1,no_detectable_beat,no_detectable_beat,false,ch4,automatic
0.00018398455314047905,nan,4707031248.3948746,nan,nan,nan,nan,nan,candidate,refined,strongest_peak,1,ambiguous_peak,ambiguous_peak,false,ch4,automatic
0.00018398775314048014,nan,1513671874.483829,nan,nan,nan,nan,nan,candidate,refined,strongest_peak,1,ambiguous_peak,ambiguous_peak,false,ch4,automatic
0.00018399095314048123,nan,1552734374.4705083,nan,nan,nan,nan,nan,candidate,refined,strongest_peak,1,ambiguous_peak,ambiguous_peak,false,ch4,automatic
0.00018399415314048232,nan,1562499999.4671783,nan,nan,nan,nan,nan,candidate,refined,strongest_peak,1,ambiguous_peak,ambiguous_peak,false,ch4,automatic
0.00018399735314048342,nan,2119140624.2773604,nan,nan,nan,nan,nan,candidate,refined,strongest_peak,1,ambiguous_peak,ambiguous_peak,false,ch4,automatic
0.00018400055314048451,nan,2128906249.2740304,nan,nan,nan,nan,nan,candidate,refined,strongest_peak,1,ambiguous_peak,ambiguous_peak,false,ch4,automatic
0.0001840037531404856,nan,1787109374.3905852,nan,nan,nan,nan,nan,candidate,refined,strongest_peak,1,unstable_detection,unstable_detection,false,ch4,automatic
0.00018400695314048669,nan,1777343749.3939154,nan,nan,nan,nan,nan,candidate,refined,strongest_peak,1,ambiguous_peak,ambiguous_peak,false,ch4,automatic
0.00018401015314048778,nan,2519531249.1408248,nan,nan,nan,nan,nan,candidate,refined,strongest_peak,1,no_detectable_beat,no_detectable_beat,false,ch4,automatic
0.00018401335314048887,nan,3583984373.7778401,nan,nan,nan,nan,nan,candidate,refined,strongest_peak,1,ambiguous_peak,ambiguous_peak,false,ch4,automatic
0.00018401655314048996,nan,3593749998.7745099,nan,nan,nan,nan,nan,candidate,refined,strongest_peak,1,ambiguous_peak,ambiguous_peak,false,ch4,automatic
0.00018401975314049105,nan,5908203122.9852676,nan,nan,nan,nan,nan,candidate,refined,strongest_peak,1,ambiguous_peak,ambiguous_peak,false,ch4,automatic
0.00018402295314049215,nan,5917968747.9819374,nan,nan,nan,nan,nan,candidate,refined,strongest_peak,1,no_detectable_beat,no_detectable_beat,false,ch4,automatic
0.00018402615314049324,nan,5917968747.9819374,nan,nan,nan,nan,nan,candidate,refined,strongest_peak,1,no_detectable_beat,no_detectable_beat,false,ch4,automatic
0.00018402935314049433,nan,2597656249.1141839,nan,nan,nan,nan,nan,candidate,refined,strongest_peak,1,no_detectable_beat,no_detectable_beat,false,ch4,automatic
0.00018403255314049542,nan,2617187499.1075234,nan,nan,nan,nan,nan,candidate,refined,strongest_peak,1,ambiguous_peak,ambiguous_peak,false,ch4,automatic
0.00018403575314049651,nan,2617187499.1075234,nan,nan,nan,nan,nan,candidate,refined,strongest_peak,1,ambiguous_peak,ambiguous_peak,false,ch4,automatic
0.0001840389531404976,nan,2451171874.1641359,nan,nan,nan,nan,nan,candidate,refined,strongest_peak,1,ambiguous_peak,ambiguous_peak,false,ch4,automatic
0.00018404215314049869,nan,2470703124.1574755,2472610045.0688267,1916.2727849283406,1916.2727849283406,1504.850358185003,1504.850358185003,candidate,refined,strongest_peak,1,measured,quality_gated_measurement,false,ch4,automatic
0.00018404535314049978,nan,2480468749.1541457,2475999859.9592252,1918.8998914683996,1918.8998914683996,1506.8964981298068,1506.8964981298068,candidate,refined,strongest_peak,1,measured,quality_gated_measurement,false,ch4,automatic
0.00018404855314050087,nan,2460937499.1608057,2461815135.4822063,1907.9067299987098,1907.9067299987098,1498.3342455155916,1498.3342455155916,candidate,refined,strongest_peak,1,measured,quality_gated_measurement,false,ch4,automatic
0.00018405175314050197,nan,2441406249.1674662,2442171058.9266524,1892.6825706681557,1892.6825706681557,1486.4759235797867,1486.4759235797867,candidate,refined,strongest_peak,1,measured,quality_gated_measurement,false,ch4,automatic
0.00018405495314050306,nan,1845703124.3706043,nan,nan,nan,nan,nan,candidate,refined,strongest_peak,1,no_detectable_beat,no_detectable_beat,false,ch4,automatic
0.00018405815314050415,nan,1845703124.3706043,nan,nan,nan,nan,nan,candidate,refined,strongest_peak,1,ambiguous_peak,ambiguous_peak,false,ch4,automatic
0.00018406135314050524,nan,1845703124.3706043,nan,nan,nan,nan,nan,candidate,refined,strongest_peak,1,ambiguous_peak,ambiguous_peak,false,ch4,automatic
0.00018406455314050633,nan,3437499998.8277922,nan,nan,nan,nan,nan,candidate,refined,strongest_peak,1,ambiguous_peak,ambiguous_peak,false,ch4,automatic
0.00018406775314050742,nan,3447265623.8244619,nan,nan,nan,nan,nan,candidate,refined,strongest_peak,1,ambiguous_peak,ambiguous_peak,false,ch4,automatic
0.00018407095314050851,nan,3476562498.8144717,nan,nan,nan,nan,nan,candidate,refined,strongest_peak,1,no_detectable_beat,no_detectable_beat,false,ch4,automatic
0.0001840741531405096,nan,3486328123.8111415,nan,nan,nan,nan,nan,candidate,refined,strongest_peak,1,ambiguous_peak,ambiguous_peak,false,ch4,automatic
0.0001840773531405107,nan,4042968748.6213236,nan,nan,nan,nan,nan,candidate,refined,strongest_peak,1,no_detectable_beat,no_detectable_beat,false,ch4,automatic
0.00018408055314051179,nan,2421874999.1741261,nan,nan,nan,nan,nan,candidate,refined,strongest_peak,1,ambiguous_peak,ambiguous_peak,false,ch4,automatic
0.00018408375314051288,nan,2412109374.1774564,nan,nan,nan,nan,nan,candidate,refined,strongest_peak,1,no_detectable_beat,no_detectable_beat,false,ch4,automatic
0.00018408695314051397,nan,2255859374.2307386,nan,nan,nan,nan,nan,candidate,refined,strongest_peak,1,no_detectable_beat,no_detectable_beat,false,ch4,automatic
0.00018409015314051506,nan,4013671873.6313143,nan,nan,nan,nan,nan,candidate,refined,strongest_peak,1,no_detectable_beat,no_detectable_beat,false,ch4,automatic
0.00018409335314051615,nan,2499999999.1474853,nan,nan,nan,nan,nan,candidate,refined,strongest_peak,1,no_detectable_beat,no_detectable_beat,false,ch4,automatic
0.00018409655314051724,nan,3925781248.6612854,nan,nan,nan,nan,nan,candidate,refined,strongest_peak,1,ambiguous_peak,ambiguous_peak,false,ch4,automatic
0.00018409975314051833,nan,3925781248.6612854,nan,nan,nan,nan,nan,candidate,refined,strongest_peak,1,ambiguous_peak,ambiguous_peak,false,ch4,automatic
0.00018410295314051943,nan,2177734374.2573795,nan,nan,nan,nan,nan,candidate,refined,strongest_peak,1,ambiguous_peak,ambiguous_peak,false,ch4,automatic
0.00018410615314052052,nan,2197265624.2507195,nan,nan,nan,nan,nan,candidate,refined,strongest_peak,1,unstable_detection,unstable_detection,false,ch4,automatic
0.00018410935314052161,nan,2207031249.2473893,nan,nan,nan,nan,nan,candidate,refined,strongest_peak,1,ambiguous_peak,ambiguous_peak,false,ch4,automatic
0.0001841125531405227,nan,3603515623.7711802,nan,nan,nan,nan,nan,candidate,refined,strongest_peak,1,ambiguous_peak,ambiguous_peak,false,ch4,automatic
0.00018411575314052379,nan,3613281248.7678499,nan,nan,nan,nan,nan,candidate,refined,strongest_peak,1,ambiguous_peak,ambiguous_peak,false,ch4,automatic
0.00018411895314052488,nan,3623046873.7645197,nan,nan,nan,nan,nan,candidate,refined,strongest_peak,1,ambiguous_peak,ambiguous_peak,false,ch4,automatic
0.00018412215314052597,nan,1728515624.4105661,nan,nan,nan,nan,nan,candidate,refined,strongest_peak,1,no_detectable_beat,no_detectable_beat,false,ch4,automatic
0.00018412535314052706,nan,1728515624.4105661,nan,nan,nan,nan,nan,candidate,refined,strongest_peak,1,no_detectable_beat,no_detectable_beat,false,ch4,automatic
0.00018412855314052816,nan,1542968749.4738386,nan,nan,nan,nan,nan,candidate,refined,strongest_peak,1,ambiguous_peak,ambiguous_peak,false,ch4,automatic
0.00018413175314052925,nan,4697265623.3982048,nan,nan,nan,nan,nan,candidate,refined,strongest_peak,1,ambiguous_peak,ambiguous_peak,false,ch4,automatic
0.00018413495314053034,nan,4697265623.3982048,nan,nan,nan,nan,nan,candidate,refined,strongest_peak,1,ambiguous_peak,ambiguous_peak,false,ch4,automatic
0.00018413815314053143,nan,2207031249.2473893,nan,nan,nan,nan,nan,candidate,refined,strongest_peak,1,ambiguous_peak,ambiguous_peak,false,ch4,automatic
0.00018414135314053252,nan,2207031249.2473893,nan,nan,nan,nan,nan,candidate,refined,strongest_peak,1,ambiguous_peak,ambiguous_peak,false,ch4,automatic
0.00018414455314053361,nan,2421874999.1741261,nan,nan,nan,nan,nan,candidate,refined,strongest_peak,1,ambiguous_peak,ambiguous_peak,false,ch4,automatic
0.0001841477531405347,nan,2402343749.1807866,nan,nan,nan,nan,nan,candidate,refined,strongest_peak,1,unstable_detection,unstable_detection,false,ch4,automatic
0.00018415095314053579,nan,2353515624.1974373,nan,nan,nan,nan,nan,candidate,refined,strongest_peak,1,unstable_detection,unstable_detection,false,ch4,automatic
0.00018415415314053689,nan,2333984374.2040977,nan,nan,nan,nan,nan,candidate,refined,strongest_peak,1,ambiguous_peak,ambiguous_peak,false,ch4,automatic
0.00018415735314053798,nan,2773437499.0542417,nan,nan,nan,nan,nan,candidate,refined,strongest_peak,1,no_detectable_beat,no_detectable_beat,false,ch4,automatic
0.00018416055314053907,nan,2792968749.0475812,nan,nan,nan,nan,nan,candidate,refined,strongest_peak,1,no_detectable_beat,no_detectable_beat,false,ch4,automatic
0.00018416375314054016,nan,3710937498.7345486,nan,nan,nan,nan,nan,candidate,refined,strongest_peak,1,ambiguous_peak,ambiguous_peak,false,ch4,automatic
0.00018416695314054125,nan,3720703123.7312183,nan,nan,nan,nan,nan,candidate,refined,strongest_peak,1,ambiguous_peak,ambiguous_peak,false,ch4,automatic
0.00018417015314054234,nan,3720703123.7312183,3724318711.3565168,2886.3470013013007,2886.3470013013007,2259.0498670070356,2259.0498670070356,candidate,refined,continuity_assisted_alternative,3,measured,quality_gated_measurement,false,ch4,automatic
0.00018417335314054343,nan,3730468748.7278881,nan,nan,nan,nan,nan,candidate,refined,strongest_peak,1,ambiguous_peak,ambiguous_peak,false,ch4,automatic
0.00018417655314054452,nan,3710937498.7345486,nan,nan,nan,nan,nan,candidate,refined,strongest_peak,1,no_detectable_beat,no_detectable_beat,false,ch4,automatic
0.00018417975314054561,nan,4716796873.3915443,nan,nan,nan,nan,nan,candidate,refined,strongest_peak,1,no_detectable_beat,no_detectable_beat,false,ch4,automatic
0.00018418295314054671,nan,2587890624.1175141,nan,nan,nan,nan,nan,candidate,refined,strongest_peak,1,no_detectable_beat,no_detectable_beat,false,ch4,automatic
0.0001841861531405478,nan,2597656249.1141839,nan,nan,nan,nan,nan,candidate,refined,strongest_peak,1,ambiguous_peak,ambiguous_peak,false,ch4,automatic
0.00018418935314054889,nan,2021484374.3106618,nan,nan,nan,nan,nan,candidate,refined,strongest_peak,1,ambiguous_peak,ambiguous_peak,false,ch4,automatic
0.00018419255314054998,nan,2011718749.313992,nan,nan,nan,nan,nan,candidate,refined,strongest_peak,1,ambiguous_peak,ambiguous_peak,false,ch4,automatic
0.00018419575314055107,nan,2890624999.0142798,nan,nan,nan,nan,nan,candidate,refined,strongest_peak,1,ambiguous_peak,ambiguous_peak,false,ch4,automatic
0.00018419895314055216,nan,2978515623.9843087,nan,nan,nan,nan,nan,candidate,refined,strongest_peak,1,ambiguous_peak,ambiguous_peak,false,ch4,automatic
0.00018420215314055325,nan,2988281248.9809785,nan,nan,nan,nan,nan,candidate,refined,strongest_peak,1,ambiguous_peak,ambiguous_peak,false,ch4,automatic
0.00018420535314055434,nan,4443359373.4847879,nan,nan,nan,nan,nan,candidate,refined,strongest_peak,1,ambiguous_peak,ambiguous_peak,false,ch4,automatic
0.00018420855314055544,nan,4492187498.4681377,nan,nan,nan,nan,nan,candidate,refined,strongest_peak,1,ambiguous_peak,ambiguous_peak,false,ch4,automatic
0.00018421175314055653,nan,1562499999.4671783,nan,nan,nan,nan,nan,candidate,refined,strongest_peak,1,ambiguous_peak,ambiguous_peak,false,ch4,automatic
0.00018421495314055762,nan,1562499999.4671783,nan,nan,nan,nan,nan,candidate,refined,strongest_peak,1,ambiguous_peak,ambiguous_peak,false,ch4,automatic
0.00018421815314055871,nan,2207031249.2473893,nan,nan,nan,nan,nan,candidate,refined,strongest_peak,1,ambiguous_peak,ambiguous_peak,false,ch4,automatic
0.0001842213531405598,nan,2236328124.2373991,nan,nan,nan,nan,nan,candidate,refined,strongest_peak,1,no_detectable_beat,no_detectable_beat,false,ch4,automatic
0.00018422455314056089,nan,4082031248.6080031,nan,nan,nan,nan,nan,candidate,refined,strongest_peak,1,ambiguous_peak,ambiguous_peak,false,ch4,automatic
0.00018422775314056198,nan,4091796873.6046729,nan,nan,nan,nan,nan,candidate,refined,strongest_peak,1,ambiguous_peak,ambiguous_peak,false,ch4,automatic
0.00018423095314056307,nan,4140624998.5880222,nan,nan,nan,nan,nan,candidate,refined,strongest_peak,1,ambiguous_peak,ambiguous_peak,false,ch4,automatic
0.00018423415314056417,nan,2714843749.0742221,nan,nan,nan,nan,nan,candidate,refined,strongest_peak,1,ambiguous_peak,ambiguous_peak,false,ch4,automatic
0.00018423735314056526,nan,2705078124.0775523,nan,nan,nan,nan,nan,candidate,refined,strongest_peak,1,unstable_detection,unstable_detection,false,ch4,automatic
0.00018424055314056635,nan,2705078124.0775523,nan,nan,nan,nan,nan,candidate,refined,strongest_peak,1,ambiguous_peak,ambiguous_peak,false,ch4,automatic
0.00018424375314056744,nan,1591796874.4571879,nan,nan,nan,nan,nan,candidate,refined,strongest_peak,1,no_detectable_beat,no_detectable_beat,false,ch4,automatic
0.00018424695314056853,nan,4326171873.5247498,nan,nan,nan,nan,nan,candidate,refined,strongest_peak,1,no_detectable_beat,no_detectable_beat,false,ch4,automatic
0.00018425015314056962,nan,3095703123.9443469,nan,nan,nan,nan,nan,candidate,refined,strongest_peak,1,no_detectable_beat,no_detectable_beat,false,ch4,automatic
0.00018425335314057071,nan,5175781248.2350283,nan,nan,nan,nan,nan,candidate,refined,strongest_peak,1,no_detectable_beat,no_detectable_beat,false,ch4,automatic
0.0001842565531405718,nan,3896484373.6712756,nan,nan,nan,nan,nan,candidate,refined,strongest_peak,1,ambiguous_peak,ambiguous_peak,false,ch4,automatic
0.0001842597531405729,nan,2792968749.0475812,nan,nan,nan,nan,nan,candidate,refined,strongest_peak,1,ambiguous_peak,ambiguous_peak,false,ch4,automatic
0.00018426295314057399,nan,2851562499.0276003,nan,nan,nan,nan,nan,candidate,refined,strongest_peak,1,ambiguous_peak,ambiguous_peak,false,ch4,automatic
0.00018426615314057508,nan,2871093749.0209403,nan,nan,nan,nan,nan,candidate,refined,strongest_peak,1,ambiguous_peak,ambiguous_peak,false,ch4,automatic
0.00018426935314057617,nan,4873046873.3382626,nan,nan,nan,nan,nan,candidate,refined,strongest_peak,1,no_detectable_beat,no_detectable_beat,false,ch4,automatic
0.00018427255314057726,nan,4873046873.3382626,nan,nan,nan,nan,nan,candidate,refined,strongest_peak,1,no_detectable_beat,no_detectable_beat,false,ch4,automatic
0.00018427575314057835,nan,4570312498.4414968,nan,nan,nan,nan,nan,candidate,refined,strongest_peak,1,no_detectable_beat,no_detectable_beat,false,ch4,automatic
0.00018427895314057944,nan,3251953123.8910646,nan,nan,nan,nan,nan,candidate,refined,strongest_peak,1,no_detectable_beat,no_detectable_beat,false,ch4,automatic
0.00018428215314058053,nan,3291015623.8777442,nan,nan,nan,nan,nan,candidate,refined,strongest_peak,1,no_detectable_beat,no_detectable_beat,false,ch4,automatic
0.00018428535314058163,nan,5966796872.9652872,nan,nan,nan,nan,nan,candidate,refined,strongest_peak,1,no_detectable_beat,no_detectable_beat,false,ch4,automatic
0.00018428855314058272,nan,5966796872.9652872,nan,nan,nan,nan,nan,candidate,refined,strongest_peak,1,ambiguous_peak,ambiguous_peak,false,ch4,automatic
0.00018429175314058381,nan,3427734373.8311224,nan,nan,nan,nan,nan,candidate,refined,strongest_peak,1,no_detectable_beat,no_detectable_beat,false,ch4,automatic
0.0001842949531405849,nan,4248046873.5513911,nan,nan,nan,nan,nan,candidate,refined,strongest_peak,1,ambiguous_peak,ambiguous_peak,false,ch4,automatic
0.00018429815314058599,nan,3740234373.7245579,nan,nan,nan,nan,nan,candidate,refined,strongest_peak,1,ambiguous_peak,ambiguous_peak,false,ch4,automatic
0.00018430135314058708,nan,3740234373.7245579,nan,nan,nan,nan,nan,candidate,refined,strongest_peak,1,ambiguous_peak,ambiguous_peak,false,ch4,automatic
0.00018430455314058817,nan,2314453124.2107577,nan,nan,nan,nan,nan,candidate,refined,strongest_peak,1,no_detectable_beat,no_detectable_beat,false,ch4,automatic
0.00018430775314058926,nan,2304687499.214088,nan,nan,nan,nan,nan,candidate,refined,strongest_peak,1,no_detectable_beat,no_detectable_beat,false,ch4,automatic
0.00018431095314059035,nan,1748046874.4039056,nan,nan,nan,nan,nan,candidate,refined,strongest_peak,1,no_detectable_beat,no_detectable_beat,false,ch4,automatic
0.00018431415314059145,nan,1767578124.3972454,nan,nan,nan,nan,nan,candidate,refined,strongest_peak,1,no_detectable_beat,no_detectable_beat,false,ch4,automatic
0.00018431735314059254,nan,1542968749.4738386,nan,nan,nan,nan,nan,candidate,refined,strongest_peak,1,no_detectable_beat,no_detectable_beat,false,ch4,automatic
0.00018432055314059363,nan,5068359373.2716599,nan,nan,nan,nan,nan,candidate,refined,strongest_peak,1,no_detectable_beat,no_detectable_beat,false,ch4,automatic
0.00018432375314059472,nan,3525390623.797821,nan,nan,nan,nan,nan,candidate,refined,strongest_peak,1,no_detectable_beat,no_detectable_beat,false,ch4,automatic
0.00018432695314059581,nan,3466796873.817802,nan,nan,nan,nan,nan,candidate,refined,strongest_peak,1,unstable_detection,unstable_detection,false,ch4,automatic
0.0001843301531405969,nan,3437499998.8277922,nan,nan,nan,nan,nan,candidate,refined,strongest_peak,1,ambiguous_peak,ambiguous_peak,false,ch4,automatic
0.00018433335314059799,nan,4140624998.5880222,nan,nan,nan,nan,nan,candidate,refined,strongest_peak,1,no_detectable_beat,no_detectable_beat,false,ch4,automatic
0.00018433655314059908,nan,4150390623.5846925,nan,nan,nan,nan,nan,candidate,refined,strongest_peak,1,no_detectable_beat,no_detectable_beat,false,ch4,automatic
0.00018433975314060018,nan,4140624998.5880222,nan,nan,nan,nan,nan,candidate,refined,strongest_peak,1,ambiguous_peak,ambiguous_peak,false,ch4,automatic
0.00018434295314060127,nan,4091796873.6046729,nan,nan,nan,nan,nan,candidate,refined,strongest_peak,1,ambiguous_peak,ambiguous_peak,false,ch4,automatic
0.00018434615314060236,nan,2138671874.2707002,nan,nan,nan,nan,nan,candidate,refined,strongest_peak,1,no_detectable_beat,no_detectable_beat,false,ch4,automatic
0.00018434935314060345,nan,3652343748.7545295,nan,nan,nan,nan,nan,candidate,refined,strongest_peak,1,no_detectable_beat,no_detectable_beat,false,ch4,automatic
0.00018435255314060454,nan,2343749999.2007675,nan,nan,nan,nan,nan,candidate,refined,strongest_peak,1,no_detectable_beat,no_detectable_beat,false,ch4,automatic
0.00018435575314060563,nan,1562499999.4671783,nan,nan,nan,nan,nan,candidate,refined,strongest_peak,1,ambiguous_peak,ambiguous_peak,false,ch4,automatic
0.00018435895314060672,nan,2294921874.2174182,nan,nan,nan,nan,nan,candidate,refined,strongest_peak,1,ambiguous_peak,ambiguous_peak,false,ch4,automatic
0.00018436215314060781,nan,2285156249.2207484,nan,nan,nan,nan,nan,candidate,refined,strongest_peak,1,ambiguous_peak,ambiguous_peak,false,ch4,automatic
0.00018436535314060891,nan,2236328124.2373991,nan,nan,nan,nan,nan,candidate,refined,strongest_peak,1,ambiguous_peak,ambiguous_peak,false,ch4,automatic
0.00018436855314061,nan,2216796874.2440591,nan,nan,nan,nan,nan,candidate,refined,strongest_peak,1,ambiguous_peak,ambiguous_peak,false,ch4,automatic
0.00018437175314061109,nan,1943359374.3373029,nan,nan,nan,nan,nan,candidate,refined,strongest_peak,1,no_detectable_beat,no_detectable_beat,false,ch4,automatic
0.00018437495314061218,nan,1962890624.3306427,nan,nan,nan,nan,nan,candidate,refined,strongest_peak,1,ambiguous_peak,ambiguous_peak,false,ch4,automatic
0.00018437815314061327,nan,3310546873.8710842,nan,nan,nan,nan,nan,candidate,refined,strongest_peak,1,no_detectable_beat,no_detectable_beat,false,ch4,automatic
0.00018438135314061436,nan,3320312498.867754,nan,nan,nan,nan,nan,candidate,refined,strongest_peak,1,no_detectable_beat,no_detectable_beat,false,ch4,automatic
0.00018438455314061545,nan,2265624999.2274084,nan,nan,nan,nan,nan,candidate,refined,strongest_peak,1,ambiguous_peak,ambiguous_peak,false,ch4,automatic
0.00018438775314061654,nan,5966796872.9652872,nan,nan,nan,nan,nan,candidate,refined,strongest_peak,1,ambiguous_peak,ambiguous_peak,false,ch4,automatic
0.00018439095314061764,nan,3271484373.8844047,nan,nan,nan,nan,nan,candidate,refined,strongest_peak,1,ambiguous_peak,ambiguous_peak,false,ch4,automatic
0.00018439415314061873,nan,2656249999.094203,nan,nan,nan,nan,nan,candidate,refined,strongest_peak,1,no_detectable_beat,no_detectable_beat,false,ch4,automatic
0.00018439735314061982,nan,5019531248.2883101,nan,nan,nan,nan,nan,candidate,refined,strongest_peak,1,ambiguous_peak,ambiguous_peak,false,ch4,automatic
0.00018440055314062091,nan,5019531248.2883101,nan,nan,nan,nan,nan,candidate,refined,strongest_peak,1,ambiguous_peak,ambiguous_peak,false,ch4,automatic
0.000184403753140622,nan,4999999998.2949705,nan,nan,nan,nan,nan,candidate,refined,strongest_peak,1,ambiguous_peak,ambiguous_peak,false,ch4,automatic
0.00018440695314062309,nan,3945312498.6546249,nan,nan,nan,nan,nan,candidate,refined,strongest_peak,1,no_detectable_beat,no_detectable_beat,false,ch4,automatic
0.00018441015314062418,nan,3964843748.647965,nan,nan,nan,nan,nan,candidate,refined,strongest_peak,1,ambiguous_peak,ambiguous_peak,false,ch4,automatic
0.00018441335314062527,nan,3994140623.6379743,nan,nan,nan,nan,nan,candidate,refined,strongest_peak,1,ambiguous_peak,ambiguous_peak,false,ch4,automatic
0.00018441655314062637,nan,3496093748.8078113,nan,nan,nan,nan,nan,candidate,refined,strongest_peak,1,ambiguous_peak,ambiguous_peak,false,ch4,automatic
0.00018441975314062746,nan,2763671874.0575714,nan,nan,nan,nan,nan,candidate,refined,strongest_peak,1,ambiguous_peak,ambiguous_peak,false,ch4,automatic
0.00018442295314062855,nan,3281249998.8810744,nan,nan,nan,nan,nan,candidate,refined,strongest_peak,1,ambiguous_peak,ambiguous_peak,false,ch4,automatic
0.00018442615314062964,nan,3281249998.8810744,nan,nan,nan,nan,nan,candidate,refined,strongest_peak,1,ambiguous_peak,ambiguous_peak,false,ch4,automatic
0.00018442935314063073,nan,2763671874.0575714,nan,nan,nan,nan,nan,candidate,refined,strongest_peak,1,ambiguous_peak,ambiguous_peak,false,ch4,automatic
0.00018443255314063182,nan,2773437499.0542417,nan,nan,nan,nan,nan,candidate,refined,strongest_peak,1,ambiguous_peak,ambiguous_peak,false,ch4,automatic
0.00018443575314063291,nan,3388671873.8444428,nan,nan,nan,nan,nan,candidate,refined,strongest_peak,1,ambiguous_peak,ambiguous_peak,false,ch4,automatic
0.000184438953140634,nan,4843749998.3482523,nan,nan,nan,nan,nan,candidate,refined,strongest_peak,1,no_detectable_beat,no_detectable_beat,false,ch4,automatic
0.00018444215314063509,nan,5488281248.1284637,nan,nan,nan,nan,nan,candidate,refined,strongest_peak,1,no_detectable_beat,no_detectable_beat,false,ch4,automatic
0.00018444535314063619,nan,2480468749.1541457,nan,nan,nan,nan,nan,candidate,refined,strongest_peak,1,no_detectable_beat,no_detectable_beat,false,ch4,automatic
0.00018444855314063728,nan,2626953124.1041937,nan,nan,nan,nan,nan,candidate,refined,strongest_peak,1,no_detectable_beat,no_detectable_beat,false,ch4,automatic
0.00018445175314063837,nan,2617187499.1075234,nan,nan,nan,nan,nan,candidate,refined,strongest_peak,1,ambiguous_peak,ambiguous_peak,false,ch4,automatic
0.00018445495314063946,nan,3330078123.8644238,nan,nan,nan,nan,nan,candidate,refined,strongest_peak,1,ambiguous_peak,ambiguous_peak,false,ch4,automatic
0.00018445815314064055,nan,3330078123.8644238,nan,nan,nan,nan,nan,candidate,refined,strongest_peak,1,ambiguous_peak,ambiguous_peak,false,ch4,automatic
0.00018446135314064164,nan,3320312498.867754,nan,nan,nan,nan,nan,candidate,refined,strongest_peak,1,no_detectable_beat,no_detectable_beat,false,ch4,automatic
0.00018446455314064273,nan,1767578124.3972454,nan,nan,nan,nan,nan,candidate,refined,strongest_peak,1,ambiguous_peak,ambiguous_peak,false,ch4,automatic
0.00018446775314064382,nan,1757812499.4005756,nan,nan,nan,nan,nan,candidate,refined,strongest_peak,1,ambiguous_peak,ambiguous_peak,false,ch4,automatic
0.00018447095314064492,nan,3662109373.7511992,nan,nan,nan,nan,nan,candidate,refined,strongest_peak,1,ambiguous_peak,ambiguous_peak,false,ch4,automatic
0.00018447415314064601,nan,3671874998.747869,nan,nan,nan,nan,nan,candidate,refined,strongest_peak,1,unstable_detection,unstable_detection,false,ch4,automatic
0.0001844773531406471,nan,3671874998.747869,nan,nan,nan,nan,nan,candidate,refined,strongest_peak,1,ambiguous_peak,ambiguous_peak,false,ch4,automatic
0.00018448055314064819,nan,3632812498.7611895,nan,nan,nan,nan,nan,candidate,refined,strongest_peak,1,no_detectable_beat,no_detectable_beat,false,ch4,automatic
0.00018448375314064928,nan,4951171873.3116217,nan,nan,nan,nan,nan,candidate,refined,strongest_peak,1,no_detectable_beat,no_detectable_beat,false,ch4,automatic
0.00018448695314065037,nan,4951171873.3116217,nan,nan,nan,nan,nan,candidate,refined,strongest_peak,1,no_detectable_beat,no_detectable_beat,false,ch4,automatic
0.00018449015314065146,nan,2070312499.2940111,nan,nan,nan,nan,nan,candidate,refined,strongest_peak,1,no_detectable_beat,no_detectable_beat,false,ch4,automatic
0.00018449335314065255,nan,3242187498.8943949,nan,nan,nan,nan,nan,candidate,refined,strongest_peak,1,no_detectable_beat,no_detectable_beat,false,ch4,automatic
0.00018449655314065365,nan,3261718748.8877349,nan,nan,nan,nan,nan,candidate,refined,strongest_peak,1,no_detectable_beat,no_detectable_beat,false,ch4,automatic
0.00018449975314065474,nan,5117187498.2550087,nan,nan,nan,nan,nan,candidate,refined,strongest_peak,1,no_detectable_beat,no_detectable_beat,false,ch4,automatic
0.00018450295314065583,nan,2685546874.0842128,nan,nan,nan,nan,nan,candidate,refined,strongest_peak,1,no_detectable_beat,no_detectable_beat,false,ch4,automatic
0.00018450615314065692,nan,1503906249.487159,nan,nan,nan,nan,nan,candidate,refined,strongest_peak,1,no_detectable_beat,no_detectable_beat,false,ch4,automatic
0.00018450935314065801,nan,1513671874.483829,nan,nan,nan,nan,nan,candidate,refined,strongest_peak,1,ambiguous_peak,ambiguous_peak,false,ch4,automatic
0.0001845125531406591,nan,1503906249.487159,nan,nan,nan,nan,nan,candidate,refined,strongest_peak,1,ambiguous_peak,ambiguous_peak,false,ch4,automatic
0.00018451575314066019,nan,2197265624.2507195,nan,nan,nan,nan,nan,candidate,refined,strongest_peak,1,no_detectable_beat,no_detectable_beat,false,ch4,automatic
0.00018451895314066128,nan,2167968749.2607098,nan,nan,nan,nan,nan,candidate,refined,strongest_peak,1,ambiguous_peak,ambiguous_peak,false,ch4,automatic
0.00018452215314066238,nan,2148437499.2673702,nan,nan,nan,nan,nan,candidate,refined,strongest_peak,1,no_detectable_beat,no_detectable_beat,false,ch4,automatic
0.00018452535314066347,nan,1591796874.4571879,nan,nan,nan,nan,nan,candidate,refined,strongest_peak,1,ambiguous_peak,ambiguous_peak,false,ch4,automatic
0.00018452855314066456,nan,3447265623.8244619,nan,nan,nan,nan,nan,candidate,refined,strongest_peak,1,no_detectable_beat,no_detectable_beat,false,ch4,automatic
0.00018453175314066565,nan,4443359373.4847879,nan,nan,nan,nan,nan,candidate,refined,strongest_peak,1,ambiguous_peak,ambiguous_peak,false,ch4,automatic
0.00018453495314066674,nan,4472656248.4747982,nan,nan,nan,nan,nan,candidate,refined,strongest_peak,1,no_detectable_beat,no_detectable_beat,false,ch4,automatic
0.00018453815314066783,nan,1660156249.433877,nan,nan,nan,nan,nan,candidate,refined,strongest_peak,1,no_detectable_beat,no_detectable_beat,false,ch4,automatic
0.00018454135314066892,nan,2880859374.0176101,nan,nan,nan,nan,nan,candidate,refined,strongest_peak,1,ambiguous_peak,ambiguous_peak,false,ch4,automatic
0.00018454455314067001,nan,2880859374.0176101,nan,nan,nan,nan,nan,candidate,refined,strongest_peak,1,ambiguous_peak,ambiguous_peak,false,ch4,automatic
0.00018454775314067111,nan,2890624999.0142798,nan,nan,nan,nan,nan,candidate,refined,strongest_peak,1,ambiguous_peak,ambiguous_peak,false,ch4,automatic
0.0001845509531406722,nan,2900390624.0109496,nan,nan,nan,nan,nan,candidate,refined,strongest_peak,1,ambiguous_peak,ambiguous_peak,false,ch4,automatic
0.00018455415314067329,nan,3466796873.817802,nan,nan,nan,nan,nan,candidate,refined,strongest_peak,1,no_detectable_beat,no_detectable_beat,false,ch4,automatic
0.00018455735314067438,nan,1826171874.3772647,nan,nan,nan,nan,nan,candidate,refined,strongest_peak,1,ambiguous_peak,ambiguous_peak,false,ch4,automatic
0.00018456055314067547,nan,1855468749.3672743,nan,nan,nan,nan,nan,candidate,refined,strongest_peak,1,ambiguous_peak,ambiguous_peak,false,ch4,automatic
0.00018456375314067656,nan,5429687498.1484442,nan,nan,nan,nan,nan,candidate,refined,strongest_peak,1,ambiguous_peak,ambiguous_peak,false,ch4,automatic
0.00018456695314067765,nan,3398437498.8411126,nan,nan,nan,nan,nan,candidate,refined,strongest_peak,1,ambiguous_peak,ambiguous_peak,false,ch4,automatic
0.00018457015314067874,nan,4121093748.5946827,nan,nan,nan,nan,nan,candidate,refined,strongest_peak,1,ambiguous_peak,ambiguous_peak,false,ch4,automatic
