frame_index,time_us,candidate_frequency_ghz,working_frequency_ghz,formal_frequency_ghz,signal_state,p2b_db,p2c_db,continuity_state,working_source,ridge_selection_origin
44,138.85040753005129,3.701171873737879,3.705379960819738,3.705379960819738,measured,41.35939410520051,24.48569819430461,assessed,refined,strongest_peak
45,138.85360753005236,3.701171873737879,3.701581034992429,3.701581034992429,measured,38.99135979786357,24.755041062895913,assessed,refined,strongest_peak
46,138.85680753005346,3.701171873737879,3.7041756126610945,3.7041756126610945,measured,37.90878978643738,25.97228024098498,assessed,refined,strongest_peak
47,138.86000753005456,3.7109374987345487,3.7119257914375257,3.7119257914375257,measured,38.40407235676989,23.13433206716813,assessed,refined,strongest_peak
48,138.86320753005563,3.7207031237312185,3.717732506268847,3.717732506268847,measured,37.390821518831785,27.236926625194844,assessed,refined,strongest_peak
49,138.86640753005673,3.7207031237312185,3.7189865605951624,3.7189865605951624,measured,36.23920880115876,28.21346450047465,assessed,refined,strongest_peak
50,138.86960753005783,3.7207031237312185,3.7189232054864827,3.7189232054864827,measured,34.886662358323825,24.152162703608493,assessed,refined,strongest_peak
51,138.8728075300589,3.7207031237312185,3.722279890976125,3.722279890976125,measured,31.669573377899294,23.256863882014535,assessed,refined,strongest_peak
52,138.87600753006,3.7304687487278883,3.7296281913688647,3.7296281913688647,measured,29.96432351077006,19.431585762559376,assessed,refined,strongest_peak
53,138.8792075300611,3.7304687487278883,3.733855670105271,3.733855670105271,measured,29.35355739019018,18.733810620744844,assessed,refined,strongest_peak
54,138.88240753006218,3.7304687487278883,3.729048814453733,3.729048814453733,measured,28.160215374272354,20.867025608090685,assessed,refined,strongest_peak
55,138.88560753006328,3.7207031237312185,3.721132409941857,3.721132409941857,measured,26.63298979462421,19.067191865714452,assessed,refined,strongest_peak
56,138.88880753006438,3.7109374987345487,3.7155432241586777,3.7155432241586777,measured,27.516409942858928,20.198244153768492,assessed,refined,strongest_peak
57,138.89200753006546,3.7109374987345487,3.712229197856686,3.712229197856686,measured,30.84792622438033,23.324875216349817,assessed,refined,strongest_peak
58,138.89520753006656,3.7109374987345487,3.7094039133588197,3.7094039133588197,measured,34.19625852285792,24.357216161703334,assessed,refined,strongest_peak
59,138.89840753006766,3.7109374987345487,3.7073651920145956,3.7073651920145956,measured,34.62386597778115,22.452912024461114,assessed,refined,strongest_peak
60,138.90160753006873,3.7109374987345487,3.709520500667409,3.709520500667409,measured,35.32362134882003,24.514463053751285,assessed,refined,strongest_peak
61,138.90480753006983,3.7207031237312185,3.717735767136179,3.717735767136179,measured,35.0438852718795,25.63360907389269,assessed,refined,strongest_peak
62,138.90800753007093,3.7304687487278883,3.727697357745201,3.727697357745201,measured,36.06714355503476,23.29785755111501,assessed,refined,strongest_peak
63,138.911207530072,3.7304687487278883,3.732776003549148,3.732776003549148,measured,35.04758712981682,24.153992899875156,assessed,refined,strongest_peak
64,138.9144075300731,3.7304687487278883,3.7292752888555247,3.7292752888555247,measured,35.87229435226633,27.240565381211674,assessed,refined,strongest_peak
65,138.9176075300742,3.7207031237312185,3.719934801749387,3.719934801749387,measured,36.869938199607894,24.431703976699666,assessed,refined,strongest_peak
66,138.92080753007528,3.7109374987345487,3.7140930030178843,3.7140930030178843,measured,36.33480702055104,21.49213979716962,assessed,refined,strongest_peak
67,138.92400753007638,3.7109374987345487,3.71521375668418,3.71521375668418,measured,34.249251949069965,23.34678831392558,assessed,refined,strongest_peak
68,138.92720753007745,3.7207031237312185,3.718381521353223,3.718381521353223,measured,35.23336986743418,25.519035518201967,assessed,refined,strongest_peak
69,138.93040753007855,3.7207031237312185,3.720158359241994,3.720158359241994,measured,33.0875253447156,24.752371560372577,assessed,refined,strongest_peak
70,138.93360753007966,3.7207031237312185,3.7232198752477235,3.7232198752477235,measured,33.458680802358494,23.750795189706395,assessed,refined,strongest_peak
71,138.93680753008073,3.7304687487278883,3.726107611538659,3.726107611538659,measured,33.6673884261529,24.425637851482335,assessed,refined,strongest_peak
72,138.94000753008183,3.7207031237312185,3.7253911422742307,3.7253911422742307,measured,31.913891377077004,26.850572910760924,assessed,refined,strongest_peak
73,138.94320753008293,3.7207031237312185,3.718839257869178,3.718839257869178,measured,32.53390758525241,20.210585815129782,assessed,refined,strongest_peak
74,138.946407530084,3.7109374987345487,3.710283544652134,3.710283544652134,measured,29.22052220216239,20.121245605086997,assessed,refined,strongest_peak
75,138.9496075300851,3.7109374987345487,3.709158259766905,3.709158259766905,measured,28.56042941090336,21.56737678938913,assessed,refined,strongest_peak
76,138.9528075300862,3.7207031237312185,3.717104938998057,3.717104938998057,measured,26.865735376611816,18.92357551003359,assessed,refined,strongest_peak
77,138.95600753008728,3.7207031237312185,3.718075374886345,3.718075374886345,measured,26.23353883867562,18.019127047342984,assessed,refined,strongest_peak
78,138.95920753008838,3.7109374987345487,3.708184277346631,3.708184277346631,measured,25.516447972635284,17.783029295534405,assessed,refined,strongest_peak
79,138.96240753008948,3.701171873737879,3.7003896946730648,3.7003896946730648,measured,25.28790378573248,19.535435808164678,assessed,refined,strongest_peak
80,138.96560753009055,3.7109374987345487,3.707329331858563,3.707329331858563,measured,23.218118265529213,17.766268744564684,assessed,refined,strongest_peak
81,138.96880753009165,3.7304687487278883,3.7305578935598915,3.7305578935598915,measured,23.196364622364918,9.455670535263891,assessed,refined,strongest_peak
82,138.97200753009275,3.7304687487278883,3.732116304312252,3.732116304312252,measured,22.800735831097594,9.578184563009229,assessed,refined,strongest_peak
83,138.97520753009383,3.7207031237312185,3.7159553163479084,3.7159553163479084,measured,23.84905861507905,15.205106220752649,assessed,refined,strongest_peak
84,138.97840753009493,3.7109374987345487,3.7143049708872544,3.7143049708872544,measured,25.256208087121223,19.54215778259419,assessed,refined,strongest_peak
85,138.98160753009603,3.7207031237312185,3.7213278213339382,3.7213278213339382,measured,27.485071345983165,22.59933076597857,assessed,refined,strongest_peak
86,138.9848075300971,3.7207031237312185,3.7218682350727925,3.7218682350727925,measured,29.56061627362864,23.59666762614939,assessed,refined,strongest_peak
87,138.9880075300982,3.7207031237312185,3.717749143167733,3.717749143167733,measured,30.1849610430737,24.99726378887706,assessed,refined,strongest_peak
88,138.9912075300993,3.7207031237312185,3.716068176032728,3.716068176032728,measured,33.187967847288036,26.328207090827227,assessed,refined,strongest_peak
89,138.99440753010037,3.7207031237312185,3.7192194734737627,3.7192194734737627,measured,34.87832396153463,26.083460036538845,assessed,refined,strongest_peak
90,138.99760753010148,3.7207031237312185,3.7234374605877245,3.7234374605877245,measured,34.341622127798466,25.250986633134165,assessed,refined,strongest_peak
91,139.00080753010258,3.7207031237312185,3.7234446223685294,3.7234446223685294,measured,34.03314204482189,25.147723419545727,assessed,refined,strongest_peak
92,139.00400753010365,3.7207031237312185,3.719273377735573,3.719273377735573,measured,34.357763068819736,25.278230934255923,assessed,refined,strongest_peak
93,139.00720753010475,3.7109374987345487,3.71575755164791,3.71575755164791,measured,33.09766880581482,25.874981828429064,assessed,refined,strongest_peak
94,139.01040753010585,3.7207031237312185,3.717948322246178,3.717948322246178,measured,31.73660403875095,22.46175413157923,assessed,refined,strongest_peak
95,139.01360753010692,3.7304687487278883,3.728011309887633,3.728011309887633,measured,29.143191055429316,19.185090762104586,assessed,refined,strongest_peak
96,139.01680753010803,3.7304687487278883,3.7334572636040293,3.7334572636040293,measured,27.919427962409102,15.602735799891088,assessed,refined,strongest_peak
97,139.02000753010913,3.7304687487278883,3.7291372266154688,3.7291372266154688,measured,28.334930177376272,17.804021761503755,assessed,refined,strongest_peak
98,139.0232075301102,3.7207031237312185,3.7251122360301423,3.7251122360301423,measured,29.79939228174085,22.15268672617892,assessed,refined,strongest_peak
99,139.0264075301113,3.7304687487278883,3.731209896876496,3.731209896876496,measured,29.66985597317236,21.899868224055794,assessed,refined,strongest_peak
100,139.02960753011237,3.740234373724558,3.7379274839686567,3.7379274839686567,measured,28.365543489420098,17.373313164157224,assessed,refined,strongest_peak
101,139.03280753011347,3.740234373724558,3.7369871481942445,3.7369871481942445,measured,27.621822588966268,20.759602039920495,assessed,refined,strongest_peak
102,139.03600753011457,3.7304687487278883,3.731928204298044,3.731928204298044,measured,27.649678441371535,17.434309374105652,assessed,refined,strongest_peak
103,139.03920753011565,3.7304687487278883,3.728854617505103,3.728854617505103,measured,25.64380897576691,20.537805026264053,assessed,refined,strongest_peak
104,139.04240753011675,3.7304687487278883,3.726704055526968,3.726704055526968,measured,25.54435415347018,19.42695324356741,assessed,refined,strongest_peak
105,139.04560753011785,3.7207031237312185,3.7225922069756647,3.7225922069756647,measured,25.08065766391324,20.36513851900816,assessed,refined,strongest_peak
106,139.04880753011892,3.7207031237312185,3.7214499394460536,3.7214499394460536,measured,26.29981950412713,19.153359305603843,assessed,refined,strongest_peak
107,139.05200753012002,3.7207031237312185,3.7232159231801947,3.7232159231801947,measured,26.73237887838858,19.124339840330737,assessed,refined,strongest_peak
108,139.05520753012112,3.7207031237312185,3.7237281118759027,3.7237281118759027,measured,28.719306613697853,19.131866651546225,assessed,refined,strongest_peak
109,139.0584075301222,3.7207031237312185,3.7230418712749858,3.7230418712749858,measured,27.596596607498398,20.302499818438413,assessed,refined,strongest_peak
110,139.0616075301233,3.7304687487278883,3.72772428596225,3.72772428596225,measured,27.061647233401498,17.308263515917268,assessed,refined,strongest_peak
111,139.0648075301244,3.7304687487278883,3.7329454343992214,3.7329454343992214,measured,26.711037791451766,19.99911408602688,assessed,refined,strongest_peak
112,139.06800753012547,3.7304687487278883,3.7325916063622033,3.7325916063622033,measured,28.65965171899419,20.73490509470271,assessed,refined,strongest_peak
113,139.07120753012657,3.7304687487278883,3.729113584513767,3.729113584513767,measured,30.68021162939545,19.054407057953277,assessed,refined,strongest_peak
114,139.07440753012767,3.7207031237312185,3.7244943013308873,3.7244943013308873,measured,31.985072470769662,19.015458008555186,assessed,refined,strongest_peak
115,139.07760753012874,3.7207031237312185,3.7194929263145955,3.7194929263145955,measured,32.80828247012412,26.799764573907147,assessed,refined,strongest_peak
116,139.08080753012985,3.7207031237312185,3.718518085827417,3.718518085827417,measured,33.75585063909537,27.544213076337726,assessed,refined,strongest_peak
117,139.08400753013095,3.7207031237312185,3.7240649043400507,3.7240649043400507,measured,32.93998964991947,26.44450968829141,assessed,refined,strongest_peak
118,139.08720753013202,3.7304687487278883,3.7334519784652076,3.7334519784652076,measured,32.4858618978989,23.611808716636425,assessed,refined,strongest_peak
119,139.09040753013312,3.740234373724558,3.738419687781281,3.738419687781281,measured,32.68130007009929,20.24326548765087,assessed,refined,strongest_peak
120,139.09360753013422,3.740234373724558,3.738573742387412,3.738573742387412,measured,34.613326096606386,18.98914474283795,assessed,refined,strongest_peak
121,139.0968075301353,3.740234373724558,3.740275704099904,3.740275704099904,measured,33.909414081984,20.946158139979936,assessed,refined,strongest_peak
122,139.1000075301364,3.740234373724558,3.743567986106704,3.743567986106704,measured,29.976216430001365,22.903208291939237,assessed,refined,strongest_peak
123,139.1032075301375,3.740234373724558,3.742374522565937,3.742374522565937,measured,29.394963644277496,22.327305824665427,assessed,refined,strongest_peak
124,139.10640753013857,3.740234373724558,3.740815207672585,3.740815207672585,measured,31.128618672580394,23.241613094126244,assessed,refined,strongest_peak
125,139.10960753013967,3.740234373724558,3.7425331009728757,3.7425331009728757,measured,32.29285491426594,23.45554609956144,assessed,refined,strongest_peak
126,139.11280753014077,3.749999998721228,3.747697414583035,3.747697414583035,measured,31.845654720600535,24.1857054005284,assessed,refined,strongest_peak
127,139.11600753014184,3.759765623717898,3.756746493763703,3.756746493763703,measured,31.610936119535484,21.918273378277277,assessed,refined,strongest_peak
128,139.11920753014294,3.759765623717898,3.764181474554644,3.764181474554644,measured,31.657918405978798,23.20009929552416,assessed,refined,strongest_peak
129,139.12240753014405,3.769531248714568,3.765226062572214,3.765226062572214,measured,29.801520146553536,22.563676038348433,assessed,refined,strongest_peak
130,139.12560753014512,3.759765623717898,3.763388474126396,3.763388474126396,measured,29.24707737567924,18.570738906845552,assessed,refined,strongest_peak
131,139.12880753014622,3.759765623717898,3.763012307089853,3.763012307089853,measured,31.037294535406012,21.32040034353862,assessed,refined,strongest_peak
132,139.1320075301473,3.759765623717898,3.7616090271894183,3.7616090271894183,measured,31.27507241173881,22.631186673013666,assessed,refined,strongest_peak
133,139.1352075301484,3.759765623717898,3.759398211405464,3.759398211405464,measured,30.978843410389363,24.519533378391955,assessed,refined,strongest_peak
134,139.1384075301495,3.759765623717898,3.760207906646013,3.760207906646013,measured,30.964368361322386,23.581843994761755,assessed,refined,strongest_peak
135,139.14160753015057,3.759765623717898,3.7642819414324853,3.7642819414324853,measured,29.36919896503551,23.088710050059795,assessed,refined,strongest_peak
136,139.14480753015167,3.769531248714568,3.769888678711264,3.769888678711264,measured,29.46849951559363,23.759546469738613,assessed,refined,strongest_peak
137,139.14800753015277,3.7792968737112376,3.7763255138157015,3.7763255138157015,measured,31.446034032763208,22.914003424326907,assessed,refined,strongest_peak
138,139.15120753015384,3.7792968737112376,3.783857010622757,3.783857010622757,measured,32.64737286507277,26.916489859561565,assessed,refined,strongest_peak
139,139.15440753015494,3.7890624987079073,3.7890789615237015,3.7890789615237015,measured,33.81608318671357,24.358269461974615,assessed,refined,strongest_peak
140,139.15760753015604,3.7890624987079073,3.789284328537039,3.789284328537039,measured,32.210351378846944,26.5575783770222,assessed,refined,strongest_peak
141,139.16080753015711,3.7890624987079073,3.7878592448169943,3.7878592448169943,measured,31.238231356693724,21.7417216495112,assessed,refined,strongest_peak
142,139.16400753015822,3.7890624987079073,3.790968031060942,3.790968031060942,measured,30.754149017398262,18.858763971862118,assessed,refined,strongest_peak
143,139.16720753015932,3.798828123704577,3.7961264727879143,3.7961264727879143,measured,32.37450579809115,23.780398007445626,assessed,refined,strongest_peak
144,139.1704075301604,3.798828123704577,3.796030342853499,3.796030342853499,measured,35.34935465454211,25.677589928145057,assessed,refined,strongest_peak
145,139.1736075301615,3.7890624987079073,3.7904518168334675,3.7904518168334675,measured,34.633635414094115,23.821402865511114,assessed,refined,strongest_peak
146,139.1768075301626,3.7890624987079073,3.7869895103901934,3.7869895103901934,measured,34.22271194953506,24.745313987806146,assessed,refined,strongest_peak
147,139.18000753016366,3.7890624987079073,3.7873498932776988,3.7873498932776988,measured,34.534230437611924,27.511224607546243,assessed,refined,strongest_peak
148,139.18320753016476,3.7890624987079073,3.788334681297053,3.788334681297053,measured,34.17112334528379,28.452193691231138,assessed,refined,strongest_peak
149,139.18640753016587,3.7890624987079073,3.7878189913156066,3.7878189913156066,measured,34.585638044027235,24.40126804416022,assessed,refined,strongest_peak
150,139.18960753016694,3.7890624987079073,3.7891834632099233,3.7891834632099233,measured,34.32138338265584,25.077367777997015,assessed,refined,strongest_peak
151,139.19280753016804,3.798828123704577,3.7940647050075365,3.7940647050075365,measured,34.288026954624996,20.916664312983198,assessed,refined,strongest_peak
152,139.19600753016914,3.798828123704577,3.8000219252573104,3.8000219252573104,measured,32.21557939590667,24.825693526632058,assessed,refined,strongest_peak
153,139.1992075301702,3.8085937487012473,3.8044136755256766,3.8044136755256766,measured,32.25685630216566,23.584493884121294,assessed,refined,strongest_peak
154,139.2024075301713,3.8085937487012473,3.8086629978290705,3.8086629978290705,measured,31.24599092820114,21.730693075820334,assessed,refined,strongest_peak
155,139.20560753017241,3.818359373697917,3.81369329586596,3.81369329586596,measured,32.93317898080055,24.712109180873945,assessed,refined,strongest_peak
156,139.2088075301735,3.818359373697917,3.818264216002384,3.818264216002384,measured,32.806620205541854,25.79036612256467,assessed,refined,strongest_peak
157,139.2120075301746,3.818359373697917,3.8216720303267415,3.8216720303267415,measured,32.31732656223261,22.687039801597393,assessed,refined,strongest_peak
158,139.2152075301757,3.828124998694587,3.824488207524994,3.824488207524994,measured,29.829211674465938,20.676295081575624,assessed,refined,strongest_peak
159,139.21840753017676,3.818359373697917,3.822799890579003,3.822799890579003,measured,29.43479611361375,21.98965671330705,assessed,refined,strongest_peak
160,139.22160753017786,3.8085937487012473,3.8113614165525846,3.8113614165525846,measured,29.822832206260408,20.465728711747193,assessed,refined,strongest_peak
161,139.22480753017896,3.7890624987079073,3.787573071198979,3.787573071198979,measured,29.662711122646268,17.267891675885423,assessed,refined,strongest_peak
162,139.22800753018004,3.749999998721228,3.7536259550912026,3.7536259550912026,measured,27.108954780051278,14.137807715191801,assessed,refined,strongest_peak
163,139.23120753018114,3.701171873737879,3.7043377386277863,3.7043377386277863,measured,26.72134367728736,9.343131895270611,assessed,refined,strongest_peak
164,139.2344075301822,3.6425781237578594,3.646310794137848,3.646310794137848,measured,28.52547872409259,13.44115944700592,assessed,refined,strongest_peak
165,139.2376075301833,3.6035156237711803,3.6002787668709595,3.6002787668709595,measured,28.626172058164077,13.026175708128829,assessed,refined,strongest_peak
166,139.2408075301844,3.5644531237845007,3.565049007910978,3.565049007910978,measured,31.023227187857234,16.080871995679935,assessed,refined,strongest_peak
167,139.24400753018548,3.535156248794491,3.5347149071299433,3.5347149071299433,measured,32.839298594104555,23.185525930552735,assessed,refined,strongest_peak
168,139.24720753018659,3.5058593738044816,3.5070871997731756,3.5070871997731756,measured,34.03275171099705,18.652284162771295,assessed,refined,strongest_peak
169,139.2504075301877,3.476562498814472,3.4782338059645985,3.4782338059645985,measured,33.36309529540057,19.54497411367975,assessed,refined,strongest_peak
170,139.25360753018876,3.447265623824462,3.446936953091792,3.446936953091792,measured,34.488823326415215,17.629939529570883,assessed,refined,strongest_peak
171,139.25680753018986,3.417968748834453,3.4153813588837156,3.4153813588837156,measured,35.575328206251136,18.876801719029004,assessed,refined,strongest_peak
172,139.26000753019096,3.388671873844443,3.385138824757971,3.385138824757971,measured,35.91256238228351,17.244596998487694,assessed,refined,strongest_peak
173,139.26320753019203,3.3496093738577635,3.353504232990335,3.353504232990335,measured,35.68167565613172,19.492027407902846,assessed,refined,strongest_peak
174,139.26640753019313,3.320312498867754,3.319180414413718,3.319180414413718,measured,35.3812073320797,16.32080092330054,assessed,refined,strongest_peak
175,139.26960753019424,3.2812499988810746,3.282576692787844,3.282576692787844,measured,36.71203684363802,15.996487215261306,assessed,refined,strongest_peak
176,139.2728075301953,3.242187498894395,3.2435879913650782,3.2435879913650782,measured,36.10727862937694,16.06902416487303,assessed,refined,strongest_peak
177,139.2760075301964,3.2031249989077155,3.2055882413660934,3.2055882413660934,measured,38.588695993014056,14.664227713615183,assessed,refined,strongest_peak
178,139.2792075301975,3.173828123917706,3.1702892111803576,3.1702892111803576,measured,37.88798786845427,15.756165202713817,assessed,refined,strongest_peak
179,139.28240753019858,3.1347656239310266,3.134080482957251,3.134080482957251,measured,34.30678552637042,15.400878362890449,assessed,refined,strongest_peak
180,139.28560753019968,3.095703123944347,3.100251911670115,3.100251911670115,measured,31.019784521496092,13.978736107209722,assessed,refined,strongest_peak
181,139.28880753020078,3.0761718739510076,3.0768442599044317,3.0768442599044317,measured,29.55729733921613,14.124570859278887,assessed,refined,strongest_peak
182,139.29200753020186,3.0566406239576676,3.057986721120121,3.057986721120121,measured,26.233978041842036,5.129742806282538,assessed,refined,strongest_peak
183,139.29520753020296,2.9296874990009596,2.9311455025427873,2.9311455025427873,measured,25.959489383393468,6.0247868591123765,assessed,refined,strongest_peak
184,139.29840753020406,2.91992187400429,2.9191174726324567,2.9191174726324567,measured,29.93107454192323,14.433293040094801,assessed,refined,strongest_peak
185,139.30160753020513,2.89062499901428,2.891445245002537,2.891445245002537,measured,32.624764750685024,14.776683337928658,assessed,refined,strongest_peak
186,139.30480753020623,2.86132812402427,2.8576452223385425,2.8576452223385425,measured,36.30682037445614,16.750397521537373,assessed,refined,strongest_peak
187,139.30800753020733,2.822265624037591,2.8248987099837297,2.8248987099837297,measured,37.523977459132716,17.49910576794023,assessed,refined,strongest_peak
188,139.3112075302084,2.7929687490475814,2.791726195064349,2.791726195064349,measured,36.24851777139972,17.002676241834386,assessed,refined,strongest_peak
189,139.3144075302095,2.7539062490609014,2.7575434032662085,2.7575434032662085,measured,36.59916026375639,16.760160343648714,assessed,refined,strongest_peak
190,139.3176075302106,2.7246093740708925,2.724191346652736,2.724191346652736,measured,36.21680327110708,16.402579679767946,assessed,refined,strongest_peak
191,139.32080753021168,2.6953124990808823,2.69280678971075,2.69280678971075,measured,33.818396645301185,17.77232249989,assessed,refined,strongest_peak
192,139.32400753021278,2.6660156240908726,2.662873222080904,2.662873222080904,measured,32.99062188597855,17.76666425282194,assessed,refined,strongest_peak
193,139.32720753021388,2.6367187491008632,2.6344048283752475,2.6344048283752475,measured,29.820530906183535,17.452578288003984,assessed,refined,strongest_peak
194,139.33040753021496,2.6074218741108535,2.61213221415138,2.61213221415138,measured,26.629823801795194,14.328290946833206,assessed,refined,strongest_peak
195,139.33360753021606,2.5976562491141837,2.596276917671694,2.596276917671694,measured,21.97715403734181,12.79864208112289,assessed,refined,strongest_peak
196,139.33680753021713,2.5781249991208446,2.5748126716382993,2.5748126716382993,measured,16.757171816573802,4.515320456041083,assessed,refined,strongest_peak
197,139.34000753021823,2.499999999147485,2.5046775073145566,2.5046775073145566,measured,16.357411745325756,10.479197805666596,assessed,refined,strongest_peak
198,139.34320753021933,2.4804687491541455,2.4786934238172105,2.4786934238172105,measured,18.73679995609054,11.40027936095425,assessed,refined,strongest_peak
199,139.3464075302204,2.4511718741641357,2.4540214211211455,2.4540214211211455,measured,20.824654491824237,10.996824295188272,assessed,refined,strongest_peak
200,139.3496075302215,2.421874999174126,2.417541081809264,2.417541081809264,measured,23.946464736354187,13.510254246542459,assessed,refined,strongest_peak
201,139.3528075302226,2.3925781241841166,2.393233703271626,2.393233703271626,measured,21.985979375946805,13.86273183706301,assessed,refined,strongest_peak
202,139.35600753022368,2.3730468741907766,2.377535740309087,2.377535740309087,measured,17.188858023060636,9.183754048005843,assessed,refined,strongest_peak
203,139.35920753022478,2.3242187492074273,2.321724536736477,2.321724536736477,measured,14.376078557301621,3.3306082112571023,assessed,refined,strongest_peak
204,139.36240753022588,2.3144531242107576,2.3128669232699957,,ambiguous_peak,12.123758280955927,1.9567928993123562,assessed,low_confidence_fallback,strongest_peak
205,139.36560753022695,3.974609373644635,3.974632046651316,,ambiguous_peak,10.571716633343726,1.2928150964764118,assessed,low_confidence_fallback,strongest_peak
206,139.36880753022805,3.8476562486879264,3.8435076257365317,,no_detectable_beat,9.10142894593899,0.1747923870349588,assessed,low_confidence_fallback,strongest_peak
207,139.37200753022915,3.876953123677936,3.8754826726929283,,ambiguous_peak,10.541270493369836,1.694140272748763,assessed,low_confidence_fallback,strongest_peak
208,139.37520753023023,3.886718748674606,3.8825808787226834,,ambiguous_peak,10.018904235619619,1.7494375933901907,assessed,low_confidence_fallback,strongest_peak
209,139.37840753023133,3.886718748674606,3.8827648628328917,,ambiguous_peak,11.593080363044699,1.1636394879200385,assessed,low_confidence_fallback,strongest_peak
210,139.38160753023243,3.886718748674606,3.8830642561593827,,ambiguous_peak,12.44651455263818,1.941794715655476,assessed,low_confidence_fallback,strongest_peak
211,139.3848075302335,3.886718748674606,3.8855358509104625,3.8855358509104625,measured,12.15691298244046,3.6893202218617205,assessed,refined,strongest_peak
212,139.3880075302346,3.886718748674606,3.8893342479539634,3.8893342479539634,measured,11.896578348325484,5.72313745446718,assessed,refined,strongest_peak
213,139.3912075302357,3.8964843736712758,3.898086654132238,3.898086654132238,measured,10.771420500946771,4.698941181250342,assessed,refined,strongest_peak
214,139.39440753023678,3.906249998667946,3.9103642029589567,3.9103642029589567,measured,9.672118800004412,4.249820082246121,assessed,refined,strongest_peak
215,139.39760753023788,3.9160156236646158,3.920693717860217,,ambiguous_peak,7.856876045710042,1.1847640232710965,assessed,low_confidence_fallback,strongest_peak
