variant,minimum_segment_frames,minimum_segment_duration_s,maximum_adjacent_frequency_step_hz,profile_name,channel_name,eligible_segment_count,primary_candidate_time_s,profile_consensus_status,profile_consensus_candidate_time_s,cross_profile_consensus_status,cross_profile_candidate_time_s
default_8_frames_20ns_100MHz,8,2e-08,100000000.0,balanced,pdv_channel_1,0,,no_eligible_segments,,no_profile_consensus,
default_8_frames_20ns_100MHz,8,2e-08,100000000.0,balanced,pdv_channel_2,0,,no_eligible_segments,,no_profile_consensus,
default_8_frames_20ns_100MHz,8,2e-08,100000000.0,high_time_resolution,pdv_channel_1,0,,no_eligible_segments,,no_profile_consensus,
default_8_frames_20ns_100MHz,8,2e-08,100000000.0,high_time_resolution,pdv_channel_2,0,,no_eligible_segments,,no_profile_consensus,
permissive_3_frames_0ns_100MHz,3,0.0,100000000.0,balanced,pdv_channel_1,1,0.0005546596000000032,dual_channel_consensus,0.0005546596000000032,cross_profile_consensus,0.0005546580000000027
permissive_3_frames_0ns_100MHz,3,0.0,100000000.0,balanced,pdv_channel_2,1,0.0005546596000000032,dual_channel_consensus,0.0005546596000000032,cross_profile_consensus,0.0005546580000000027
permissive_3_frames_0ns_100MHz,3,0.0,100000000.0,high_time_resolution,pdv_channel_1,1,0.0005546564000000021,dual_channel_consensus,0.0005546564000000021,cross_profile_consensus,0.0005546580000000027
permissive_3_frames_0ns_100MHz,3,0.0,100000000.0,high_time_resolution,pdv_channel_2,1,0.0005546564000000021,dual_channel_consensus,0.0005546564000000021,cross_profile_consensus,0.0005546580000000027
5_frames_10ns_100MHz,5,1e-08,100000000.0,balanced,pdv_channel_1,1,0.0005546596000000032,dual_channel_consensus,0.0005546596000000032,cross_profile_consensus,0.0005546580000000027
5_frames_10ns_100MHz,5,1e-08,100000000.0,balanced,pdv_channel_2,1,0.0005546596000000032,dual_channel_consensus,0.0005546596000000032,cross_profile_consensus,0.0005546580000000027
5_frames_10ns_100MHz,5,1e-08,100000000.0,high_time_resolution,pdv_channel_1,1,0.0005546564000000021,dual_channel_consensus,0.0005546564000000021,cross_profile_consensus,0.0005546580000000027
5_frames_10ns_100MHz,5,1e-08,100000000.0,high_time_resolution,pdv_channel_2,1,0.0005546564000000021,dual_channel_consensus,0.0005546564000000021,cross_profile_consensus,0.0005546580000000027
8_frames_20ns_50MHz,8,2e-08,50000000.0,balanced,pdv_channel_1,0,,no_eligible_segments,,no_profile_consensus,
8_frames_20ns_50MHz,8,2e-08,50000000.0,balanced,pdv_channel_2,0,,no_eligible_segments,,no_profile_consensus,
8_frames_20ns_50MHz,8,2e-08,50000000.0,high_time_resolution,pdv_channel_1,0,,no_eligible_segments,,no_profile_consensus,
8_frames_20ns_50MHz,8,2e-08,50000000.0,high_time_resolution,pdv_channel_2,0,,no_eligible_segments,,no_profile_consensus,
8_frames_20ns_200MHz,8,2e-08,200000000.0,balanced,pdv_channel_1,0,,no_eligible_segments,,no_profile_consensus,
8_frames_20ns_200MHz,8,2e-08,200000000.0,balanced,pdv_channel_2,0,,no_eligible_segments,,no_profile_consensus,
8_frames_20ns_200MHz,8,2e-08,200000000.0,high_time_resolution,pdv_channel_1,0,,no_eligible_segments,,no_profile_consensus,
8_frames_20ns_200MHz,8,2e-08,200000000.0,high_time_resolution,pdv_channel_2,0,,no_eligible_segments,,no_profile_consensus,
12_frames_30ns_100MHz,12,3e-08,100000000.0,balanced,pdv_channel_1,0,,no_eligible_segments,,no_profile_consensus,
12_frames_30ns_100MHz,12,3e-08,100000000.0,balanced,pdv_channel_2,0,,no_eligible_segments,,no_profile_consensus,
12_frames_30ns_100MHz,12,3e-08,100000000.0,high_time_resolution,pdv_channel_1,0,,no_eligible_segments,,no_profile_consensus,
12_frames_30ns_100MHz,12,3e-08,100000000.0,high_time_resolution,pdv_channel_2,0,,no_eligible_segments,,no_profile_consensus,
