time_s,velocity_m_s
0.00055396985426000331,nan
0.0005539730542600044,nan
0.00055397625426000549,nan
0.00055397945426000658,nan
0.00055398265426000767,nan
0.00055398585426000876,nan
0.00055398905426000985,nan
0.00055399225426001095,nan
0.00055399545426001204,nan
0.00055399865426001313,nan
0.00055400185426001422,nan
0.00055400505426001531,nan
0.0005540082542600164,nan
0.00055401145426001749,nan
0.00055401465426001858,nan
0.00055401785426001967,nan
0.00055402105426002077,nan
0.00055402425426002186,nan
0.00055402745426002295,nan
0.00055403065426002404,nan
0.00055403385426002513,nan
0.00055403705426002622,nan
0.00055404025426002731,nan
0.0005540434542600284,nan
0.0005540466542600295,nan
0.00055404985426003059,nan
0.00055405305426003168,nan
0.00055405625426003277,nan
0.00055405945426003386,nan
0.00055406265426003495,nan
0.00055406585426003604,nan
0.00055406905426003713,nan
0.00055407225426003823,nan
0.00055407545426003932,nan
0.00055407865426004041,nan
0.0005540818542600415,nan
0.00055408505426004259,nan
0.00055408825426004368,nan
0.00055409145426004477,nan
0.00055409465426004586,nan
0.00055409785426004696,nan
0.00055410105426004805,nan
0.00055410425426004914,nan
0.00055410745426005023,nan
0.00055411065426005132,nan
0.00055411385426005241,nan
0.0005541170542600535,nan
0.00055412025426005459,nan
0.00055412345426005568,nan
0.00055412665426005678,nan
0.00055412985426005787,nan
0.00055413305426005896,nan
0.00055413625426006005,nan
0.00055413945426006114,nan
0.00055414265426006223,nan
0.00055414585426006332,nan
0.00055414905426006441,nan
0.00055415225426006551,nan
0.0005541554542600666,nan
0.00055415865426006769,nan
0.00055416185426006878,nan
0.00055416505426006987,nan
0.00055416825426007096,nan
0.00055417145426007205,nan
0.00055417465426007314,nan
0.00055417785426007424,nan
0.00055418105426007533,nan
0.00055418425426007642,nan
0.00055418745426007751,nan
0.0005541906542600786,nan
0.00055419385426007969,nan
0.00055419705426008078,nan
0.00055420025426008187,nan
0.00055420345426008297,nan
0.00055420665426008406,nan
0.00055420985426008515,nan
0.00055421305426008624,nan
0.00055421625426008733,nan
0.00055421945426008842,nan
0.00055422265426008951,nan
0.0005542258542600906,nan
0.0005542290542600917,nan
0.00055423225426009279,nan
0.00055423545426009388,nan
0.00055423865426009497,nan
0.00055424185426009606,nan
0.00055424505426009715,nan
0.00055424825426009824,nan
0.00055425145426009933,nan
0.00055425465426010042,nan
0.00055425785426010152,nan
0.00055426105426010261,nan
0.0005542642542601037,nan
0.00055426745426010479,nan
0.00055427065426010588,nan
0.00055427385426010697,nan
0.00055427705426010806,nan
0.00055428025426010915,nan
0.00055428345426011025,nan
0.00055428665426011134,nan
0.00055428985426011243,nan
0.00055429305426011352,nan
0.00055429625426011461,nan
0.0005542994542601157,nan
0.00055430265426011679,nan
0.00055430585426011788,nan
0.00055430905426011898,nan
0.00055431225426012007,nan
0.00055431545426012116,nan
0.00055431865426012225,nan
0.00055432185426012334,nan
0.00055432505426012443,nan
0.00055432825426012552,nan
0.00055433145426012661,nan
0.00055433465426012771,nan
0.0005543378542601288,nan
0.00055434105426012989,nan
0.00055434425426013098,nan
0.00055434745426013207,nan
0.00055435065426013316,nan
0.00055435385426013425,nan
0.00055435705426013534,nan
0.00055436025426013644,nan
0.00055436345426013753,nan
0.00055436665426013862,nan
0.00055436985426013971,nan
0.0005543730542601408,nan
0.00055437625426014189,nan
0.00055437945426014298,nan
0.00055438265426014407,nan
0.00055438585426014516,nan
0.00055438905426014626,nan
0.00055439225426014735,nan
0.00055439545426014844,nan
0.00055439865426014953,nan
0.00055440185426015062,nan
0.00055440505426015171,nan
0.0005544082542601528,nan
0.00055441145426015389,nan
0.00055441465426015499,nan
0.00055441785426015608,nan
0.00055442105426015717,nan
0.00055442425426015826,nan
0.00055442745426015935,nan
0.00055443065426016044,nan
0.00055443385426016153,nan
0.00055443705426016262,nan
0.00055444025426016372,nan
0.00055444345426016481,nan
0.0005544466542601659,nan
0.00055444985426016699,nan
0.00055445305426016808,nan
0.00055445625426016917,nan
0.00055445945426017026,nan
0.00055446265426017135,nan
0.00055446585426017245,nan
0.00055446905426017354,nan
0.00055447225426017463,nan
0.00055447545426017572,nan
0.00055447865426017681,nan
0.0005544818542601779,nan
0.00055448505426017899,nan
0.00055448825426018008,nan
0.00055449145426018118,nan
0.00055449465426018227,nan
0.00055449785426018336,nan
0.00055450105426018445,nan
0.00055450425426018554,nan
0.00055450745426018663,nan
0.00055451065426018772,nan
0.00055451385426018881,nan
0.0005545170542601899,nan
0.000554520254260191,nan
0.00055452345426019209,nan
0.00055452665426019318,nan
0.00055452985426019427,nan
0.00055453305426019536,nan
0.00055453625426019645,nan
0.00055453945426019754,nan
0.00055454265426019863,nan
0.00055454585426019973,nan
0.00055454905426020082,nan
0.00055455225426020191,nan
0.000554555454260203,nan
0.00055455865426020409,nan
0.00055456185426020518,nan
0.00055456505426020627,nan
0.00055456825426020736,nan
0.00055457145426020846,nan
0.00055457465426020955,nan
0.00055457785426021064,nan
0.00055458105426021173,nan
0.00055458425426021282,nan
0.00055458745426021391,nan
0.000554590654260215,nan
0.00055459385426021609,nan
0.00055459705426021719,nan
0.00055460025426021828,nan
0.00055460345426021937,nan
0.00055460665426022046,nan
0.00055460985426022155,nan
0.00055461305426022264,nan
0.00055461625426022373,nan
0.00055461945426022482,nan
0.00055462265426022592,nan
0.00055462585426022701,nan
0.0005546290542602281,nan
0.00055463225426022919,nan
0.00055463545426023028,nan
0.00055463865426023137,nan
0.00055464185426023246,nan
0.00055464505426023355,nan
0.00055464825426023464,nan
0.00055465145426023574,nan
0.00055465465426023683,nan
0.00055465785426023792,nan
0.00055466105426023901,nan
0.0005546642542602401,nan
0.00055466745426024119,512.25120902854007
0.00055467065426024228,531.83311597629336
0.00055467385426024337,542.466779093323
0.00055467705426024447,548.40506186142613
0.00055468025426024556,549.84412184167059
0.00055468345426024665,550.40411453330717
0.00055468665426024774,552.96087134184972
0.00055468985426024883,557.83127828363081
0.00055469305426024992,563.53414965248987
0.00055469625426025101,568.77151645515664
0.0005546994542602521,570.69092840886515
0.0005547026542602532,569.79955233674855
0.00055470585426025429,568.78984588233982
0.00055470905426025538,569.11129379611702
0.00055471225426025647,570.88396970016538
0.00055471545426025756,572.84781547058219
0.00055471865426025865,573.01961988583173
0.00055472185426025974,571.81501462143422
0.00055472505426026083,571.39054109757512
0.00055472825426026193,571.20378380352679
0.00055473145426026302,569.1760148240088
0.00055473465426026411,566.2006904817797
0.0005547378542602652,564.15584809967038
0.00055474105426026629,562.68543421908214
0.00055474425426026738,561.94860981574402
0.00055474745426026847,563.09110779937623
0.00055475065426026956,565.17452759965158
0.00055475385426027066,566.35036147174844
0.00055475705426027175,566.62077504566139
0.00055476025426027284,566.87491278036339
0.00055476345426027393,566.75590269752013
0.00055476665426027502,565.2718360668739
0.00055476985426027611,562.52726589362021
0.0005547730542602772,560.55786721159291
0.00055477625426027829,561.6597342515588
0.00055477945426027938,565.04407555765442
0.00055478265426028048,567.15360915576753
0.00055478585426028157,566.18818146973911
0.00055478905426028266,564.32968435311034
0.00055479225426028375,563.91999398012956
0.00055479545426028484,564.85764457999255
0.00055479865426028593,565.22815849363201
0.00055480185426028702,564.41696444098648
0.00055480505426028811,563.94456108268059
0.00055480825426028921,564.49814998095587
0.0005548114542602903,565.1644179355626
0.00055481465426029139,565.30383143793506
0.00055481785426029248,565.04126861986106
0.00055482105426029357,564.24896680338304
0.00055482425426029466,563.30546128307321
0.00055482745426029575,562.88092223539797
0.00055483065426029684,562.49283831298271
0.00055483385426029794,561.61737295284149
0.00055483705426029903,561.41312114275854
0.00055484025426030012,562.70565293248524
0.00055484345426030121,563.9957170012392
0.0005548466542603023,564.25672271240217
0.00055484985426030339,563.84152998475963
0.00055485305426030448,563.13433176217552
0.00055485625426030557,562.91501438865157
0.00055485945426030667,563.77488052805722
0.00055486265426030776,564.61249946063765
0.00055486585426030885,564.72755704073575
0.00055486905426030994,564.33485545514895
0.00055487225426031103,563.45363427534437
0.00055487545426031212,562.57980215250052
0.00055487865426031321,562.99229060075811
0.0005548818542603143,564.29227407503856
0.0005548850542603154,565.18998952624713
0.00055488825426031649,565.26858838801638
0.00055489145426031758,565.21544330018924
0.00055489465426031867,565.72056069199982
0.00055489785426031976,566.33132762178434
0.00055490105426032085,566.02771543201766
0.00055490425426032194,565.01152325097485
0.00055490745426032303,564.49149565958783
0.00055491065426032412,564.92265709654225
0.00055491385426032522,565.32984635592118
0.00055491705426032631,565.1319615345833
0.0005549202542603274,564.75349704785083
0.00055492345426032849,564.42630619565693
0.00055492665426032958,563.95693051424564
0.00055492985426033067,563.8721841027392
0.00055493305426033176,563.94523524047406
0.00055493625426033285,563.35562228437698
0.00055493945426033395,562.7384808925699
0.00055494265426033504,563.3155459436183
0.00055494585426033613,564.79922703694228
0.00055494905426033722,566.27378778567902
0.00055495225426033831,567.36464330215301
0.0005549554542603394,567.70775638465636
0.00055495865426034049,567.15975403591517
0.00055496185426034158,566.13378629861893
0.00055496505426034268,565.33922679594889
0.00055496825426034377,564.80015428860418
0.00055497145426034486,564.26185572704844
0.00055497465426034595,563.69710673177849
0.00055497785426034704,563.69085543905408
0.00055498105426034813,564.562180916496
0.00055498425426034922,565.71708566156713
0.00055498745426035031,566.25161735004224
0.00055499065426035141,566.33600738728546
0.0005549938542603525,566.59775910623455
0.00055499705426035359,566.73598804708706
0.00055500025426035468,566.11278485786204
0.00055500345426035577,564.85163787775923
0.00055500665426035686,563.91233243968486
0.00055500985426035795,564.1862387860532
0.00055501305426035904,565.35402872628015
0.00055501625426036014,566.03450057903001
0.00055501945426036123,565.59402621744266
0.00055502265426036232,564.50470738797162
0.00055502585426036341,563.4058177045232
0.0005550290542603645,562.73119714636664
0.00055503225426036559,562.82387343402502
0.00055503545426036668,563.58654989095362
0.00055503865426036777,564.61209016641988
0.00055504185426036886,565.49157252711518
0.00055504505426036996,565.93538990340426
0.00055504825426037105,565.60355264959253
0.00055505145426037214,564.21286670877146
0.00055505465426037323,562.48830082886366
0.00055505785426037432,561.77442016551231
0.00055506105426037541,562.37883911553115
0.0005550642542603765,563.47251723187674
0.00055506745426037759,564.3248471229233
0.00055507065426037869,564.71838362721667
0.00055507385426037978,564.6327410838187
0.00055507705426038087,564.3089607647338
0.00055508025426038196,564.1216199164619
0.00055508345426038305,564.3345315817844
0.00055508665426038414,564.90452306888903
0.00055508985426038523,565.56441159495114
0.00055509305426038632,565.89187568042485
0.00055509625426038742,565.7323889189031
0.00055509945426038851,565.30970455719012
0.0005551026542603896,564.90497977968482
0.00055510585426039069,564.34184234676536
0.00055510905426039178,563.51251374456922
0.00055511225426039287,562.72152703043537
0.00055511545426039396,562.40183071884383
0.00055511865426039505,562.5484184391787
0.00055512185426039615,562.7294836067382
0.00055512505426039724,562.53133379864789
0.00055512825426039833,562.03972618796774
0.00055513145426039942,561.59167462132325
0.00055513465426040051,561.67941708443152
0.0005551378542604016,562.3068285603531
0.00055514105426040269,562.67494489511023
0.00055514425426040378,562.43126571872256
0.00055514745426040488,562.15532174882549
0.00055515065426040597,561.92372750611651
0.00055515385426040706,561.39058911652683
0.00055515705426040815,561.04444497636064
0.00055516025426040924,561.3621532234572
0.00055516345426041033,561.78729634305807
0.00055516665426041142,561.57797948912969
0.00055516985426041251,560.83322626795814
0.0005551730542604136,560.25231089172473
0.0005551762542604147,560.39994582672455
0.00055517945426041579,561.1360300082041
0.00055518265426041688,561.75663918511123
0.00055518585426041797,561.6898096071759
0.00055518905426041906,561.06049034077807
0.00055519225426042015,559.99946530088198
0.00055519545426042124,557.82507484326766
0.00055519865426042233,554.16677991413428
0.00055520185426042343,550.12244850403192
0.00055520505426042452,547.47142163156161
0.00055520825426042561,546.23838762605101
0.0005552114542604267,545.15146532040126
0.00055521465426042779,543.32899074765783
0.00055521785426042888,540.82403844014493
0.00055522105426042997,537.71457340131508
0.00055522425426043106,533.91073048946737
0.00055522745426043216,529.4388781499224
0.00055523065426043325,525.0319744952676
0.00055523385426043434,521.38962806446057
0.00055523705426043543,518.2091905455618
0.00055524025426043652,514.51304802022628
0.00055524345426043761,509.99199598595732
0.0005552466542604387,504.90345868587349
0.00055524985426043979,499.46655044830464
0.00055525305426044089,493.79777982979539
0.00055525625426044198,487.80252630328636
0.00055525945426044307,481.21726861667099
0.00055526265426044416,473.89988813963322
0.00055526585426044525,465.77410217462329
0.00055526905426044634,456.92490102244597
0.00055527225426044743,447.59099574397044
0.00055527545426044852,437.89849903704612
0.00055527865426044961,427.9374700072583
0.00055528185426045071,417.78203039828742
0.0005552850542604518,407.45534882073201
0.00055528825426045289,396.65971336330773
0.00055529145426045398,385.06768647082822
0.00055529465426045507,372.88479731449996
0.00055529785426045616,360.28194682452971
0.00055530105426045725,347.32717507221128
0.00055530425426045834,334.09834894420396
0.00055530745426045944,320.52812238429556
0.00055531065426046053,307.07170929551154
0.00055531385426046162,294.65576316001381
0.00055531705426046271,283.75454671443833
0.0005553202542604638,274.19245657417542
0.00055532345426046489,265.71350605383691
0.00055532665426046598,257.74659395985464
0.00055532985426046707,250.14328132534587
0.00055533305426046817,243.25282332363523
0.00055533625426046926,237.28613925014056
0.00055533945426047035,232.25495072079559
0.00055534265426047144,228.06045415093192
0.00055534585426047253,224.57423604926987
0.00055534905426047362,221.6660828895389
0.00055535225426047471,219.35247778447587
0.0005553554542604758,217.4577318962458
0.0005553586542604769,215.49543154811337
0.00055536185426047799,213.98793930320218
0.00055536505426047908,213.36980922764653
0.00055536825426048017,213.2213738299306
0.00055537145426048126,213.25255521518085
0.00055537465426048235,213.43589223180746
0.00055537785426048344,213.20196943474869
0.00055538105426048453,212.69685948695178
0.00055538425426048563,212.67201337985685
0.00055538745426048672,213.08598320018925
0.00055539065426048781,213.44302526713261
0.0005553938542604889,213.83305863955596
0.00055539705426048999,214.2761319028512
0.00055540025426049108,214.8788344197244
0.00055540345426049217,215.89111290462404
0.00055540665426049326,216.99468766584849
0.00055540985426049435,217.70851219808904
0.00055541305426049545,217.50024982345985
0.00055541625426049654,216.16484361709121
0.00055541945426049763,215.34332595014121
0.00055542265426049872,216.25776847753403
0.00055542585426049981,217.13884087277705
0.0005554290542605009,216.86562529610325
0.00055543225426050199,217.22347929113266
0.00055543545426050308,218.98523797736553
0.00055543865426050418,221.16222990460233
0.00055544185426050527,223.34339738296632
0.00055544505426050636,224.69716493783579
0.00055544825426050745,224.59360997835662
0.00055545145426050854,224.01390486888354
0.00055545465426050963,224.19651799589701
0.00055545785426051072,224.34119819367683
0.00055546105426051181,224.57303406593851
0.00055546425426051291,226.73970039593516
0.000555467454260514,229.82903942566045
0.00055547065426051509,231.3442896871411
0.00055547385426051618,231.44892362272202
0.00055547705426051727,231.84180845793134
0.00055548025426051836,233.05516417269456
0.00055548345426051945,234.47700564117625
0.00055548665426052054,235.65012902315911
0.00055548985426052164,236.5134538740532
0.00055549305426052273,237.23591007210115
0.00055549625426052382,237.49298290761902
0.00055549945426052491,236.29706360664613
0.000555502654260526,232.89981292701665
0.00055550585426052709,227.64703190012176
0.00055550905426052818,221.79001099251411
0.00055551225426052927,216.37774581562593
0.00055551545426053037,211.50658870816713
0.00055551865426053146,203.29548267257999
0.00055552185426053255,181.26713451405365
0.00055552505426053364,180.32548122250418
0.00055552825426053473,201.99281979390284
0.00055553145426053582,210.13826838662638
0.00055553465426053691,211.48525101565545
0.000555537854260538,210.27499631547852
0.00055554105426053909,204.24085074923499
0.00055554425426054019,194.3938958935783
0.00055554745426054128,169.95782052172737
0.00055555065426054237,149.09497307598915
0.00055555385426054346,133.4513405386075
0.00055555705426054455,127.10070795288831
0.00055556025426054564,120.92132818554904
0.00055556345426054673,119.16420578869997
0.00055556665426054782,117.62446937745725
0.00055556985426054892,118.76419481054532
0.00055557305426055001,118.08509163866822
0.0005555762542605511,119.66407884338236
0.00055557945426055219,119.25136223484901
0.00055558265426055328,119.59989304493574
0.00055558585426055437,119.00712209833497
0.00055558905426055546,119.30210640569364
0.00055559225426055655,119.22002667879455
0.00055559545426055765,120.11538379416191
0.00055559865426055874,120.24243223339613
0.00055560185426055983,120.82931410815785
0.00055560505426056092,122.2444691591644
0.00055560825426056201,125.76727536471577
0.0005556114542605631,129.00550268074704
0.00055561465426056419,131.97432377237271
0.00055561785426056528,135.61499396421564
0.00055562105426056638,139.54845785557151
0.00055562425426056747,143.35870851451398
0.00055562745426056856,147.46815118378871
0.00055563065426056965,150.46189627914336
0.00055563385426057074,153.70966795021573
0.00055563705426057183,157.4719387410988
0.00055564025426057292,160.83005222743358
0.00055564345426057401,165.13334609437968
0.00055564665426057511,169.17512573964234
0.0005556498542605762,172.52199932363521
0.00055565305426057729,175.56831686727224
0.00055565625426057838,178.77957546467934
0.00055565945426057947,182.0724606627015
0.00055566265426058056,184.34309208361552
0.00055566585426058165,186.43828736478147
0.00055566905426058274,189.65465622726478
0.00055567225426058383,193.49959558581355
0.00055567545426058493,196.55637107020982
0.00055567865426058602,197.28514346288162
0.00055568185426058711,196.42352573577716
0.0005556850542605882,195.42870275923377
0.00055568825426058929,195.22223975175163
0.00055569145426059038,195.96479574857696
0.00055569465426059147,198.66093902222454
0.00055569785426059256,nan
0.00055570105426059366,nan
0.00055570425426059475,nan
0.00055570745426059584,nan
0.00055571065426059693,nan
0.00055571385426059802,662.64555199030019
0.00055571705426059911,664.6462121752968
0.0005557202542606002,664.96293415869832
0.00055572345426060129,667.55809132508045
0.00055572665426060239,nan
0.00055572985426060348,nan
0.00055573305426060457,nan
0.00055573625426060566,nan
0.00055573945426060675,nan
0.00055574265426060784,nan
0.00055574585426060893,nan
0.00055574905426061002,692.09541285506816
0.00055575225426061112,681.84407137317896
0.00055575545426061221,671.05404573445674
0.0005557586542606133,671.16261176930834
0.00055576185426061439,673.20546618806418
0.00055576505426061548,674.92971452736265
0.00055576825426061657,nan
0.00055577145426061766,nan
0.00055577465426061875,nan
0.00055577785426061985,642.11780709999039
0.00055578105426062094,634.2525967626932
0.00055578425426062203,633.12608173074238
0.00055578745426062312,nan
0.00055579065426062421,nan
0.0005557938542606253,nan
0.00055579705426062639,667.08414602169364
0.00055580025426062748,669.50530515114315
0.00055580345426062857,674.24145387422777
0.00055580665426062967,679.71145706193045
0.00055580985426063076,679.52531672857367
0.00055581305426063185,674.62198498833152
0.00055581625426063294,nan
0.00055581945426063403,nan
0.00055582265426063512,nan
0.00055582585426063621,nan
0.0005558290542606373,nan
0.0005558322542606384,637.79866790161509
0.00055583545426063949,663.13626124108509
0.00055583865426064058,666.7439975188978
0.00055584185426064167,665.82038213004523
0.00055584505426064276,665.9228068688584
0.00055584825426064385,669.75459456155761
0.00055585145426064494,672.46456369943621
0.00055585465426064603,670.00408929532887
0.00055585785426064713,664.714086304891
0.00055586105426064822,663.06297683330331
0.00055586425426064931,666.94321152678481
0.0005558674542606504,671.64313585434206
0.00055587065426065149,670.72474352589256
0.00055587385426065258,666.25644568603468
0.00055587705426065367,663.55191669152043
0.00055588025426065476,667.40682849741506
0.00055588345426065586,675.43745279714744
0.00055588665426065695,679.13074303425867
0.00055588985426065804,675.53303185496259
0.00055589305426065913,670.53028964863472
0.00055589625426066022,667.16755440748773
0.00055589945426066131,669.18431932255999
0.0005559026542606624,672.7786251048899
0.00055590585426066349,671.88015869728463
0.00055590905426066459,667.74047306120201
0.00055591225426066568,664.39326813889727
0.00055591545426066677,665.76051687911024
0.00055591865426066786,679.53220716023986
0.00055592185426066895,680.62502624748493
0.00055592505426067004,669.55744987776063
0.00055592825426067113,669.37448174233953
0.00055593145426067222,671.16421011183229
0.00055593465426067331,668.37340703891664
0.00055593785426067441,667.18152054554935
0.0005559410542606755,670.88207859949443
0.00055594425426067659,672.27167148449428
0.00055594745426067768,670.27976172198407
0.00055595065426067877,667.90463781300696
