time_s,display_velocity_m_s
0.00055396985426000331,nan
0.0005539730542600044,nan
0.00055397625426000549,nan
0.00055397945426000658,nan
0.00055398265426000767,nan
0.00055398585426000876,nan
0.00055398905426000985,nan
0.00055399225426001095,nan
0.00055399545426001204,nan
0.00055399865426001313,nan
0.00055400185426001422,nan
0.00055400505426001531,nan
0.0005540082542600164,nan
0.00055401145426001749,nan
0.00055401465426001858,nan
0.00055401785426001967,nan
0.00055402105426002077,nan
0.00055402425426002186,nan
0.00055402745426002295,nan
0.00055403065426002404,nan
0.00055403385426002513,nan
0.00055403705426002622,nan
0.00055404025426002731,nan
0.0005540434542600284,nan
0.0005540466542600295,nan
0.00055404985426003059,nan
0.00055405305426003168,nan
0.00055405625426003277,nan
0.00055405945426003386,nan
0.00055406265426003495,nan
0.00055406585426003604,nan
0.00055406905426003713,nan
0.00055407225426003823,nan
0.00055407545426003932,nan
0.00055407865426004041,nan
0.0005540818542600415,1111.572576850931
0.00055408505426004259,1101.5806105613449
0.00055408825426004368,1097.0154134351615
0.00055409145426004477,nan
0.00055409465426004586,nan
0.00055409785426004696,nan
0.00055410105426004805,nan
0.00055410425426004914,nan
0.00055410745426005023,nan
0.00055411065426005132,nan
0.00055411385426005241,nan
0.0005541170542600535,nan
0.00055412025426005459,nan
0.00055412345426005568,nan
0.00055412665426005678,nan
0.00055412985426005787,nan
0.00055413305426005896,nan
0.00055413625426006005,nan
0.00055413945426006114,nan
0.00055414265426006223,nan
0.00055414585426006332,nan
0.00055414905426006441,nan
0.00055415225426006551,nan
0.0005541554542600666,nan
0.00055415865426006769,nan
0.00055416185426006878,nan
0.00055416505426006987,nan
0.00055416825426007096,nan
0.00055417145426007205,nan
0.00055417465426007314,nan
0.00055417785426007424,nan
0.00055418105426007533,nan
0.00055418425426007642,nan
0.00055418745426007751,nan
0.0005541906542600786,nan
0.00055419385426007969,nan
0.00055419705426008078,nan
0.00055420025426008187,nan
0.00055420345426008297,nan
0.00055420665426008406,nan
0.00055420985426008515,nan
0.00055421305426008624,nan
0.00055421625426008733,nan
0.00055421945426008842,nan
0.00055422265426008951,nan
0.0005542258542600906,nan
0.0005542290542600917,nan
0.00055423225426009279,nan
0.00055423545426009388,nan
0.00055423865426009497,nan
0.00055424185426009606,nan
0.00055424505426009715,nan
0.00055424825426009824,nan
0.00055425145426009933,nan
0.00055425465426010042,nan
0.00055425785426010152,nan
0.00055426105426010261,nan
0.0005542642542601037,nan
0.00055426745426010479,nan
0.00055427065426010588,nan
0.00055427385426010697,nan
0.00055427705426010806,nan
0.00055428025426010915,nan
0.00055428345426011025,nan
0.00055428665426011134,nan
0.00055428985426011243,nan
0.00055429305426011352,nan
0.00055429625426011461,nan
0.0005542994542601157,nan
0.00055430265426011679,nan
0.00055430585426011788,nan
0.00055430905426011898,nan
0.00055431225426012007,nan
0.00055431545426012116,nan
0.00055431865426012225,nan
0.00055432185426012334,nan
0.00055432505426012443,nan
0.00055432825426012552,nan
0.00055433145426012661,nan
0.00055433465426012771,nan
0.0005543378542601288,nan
0.00055434105426012989,nan
0.00055434425426013098,nan
0.00055434745426013207,nan
0.00055435065426013316,nan
0.00055435385426013425,nan
0.00055435705426013534,nan
0.00055436025426013644,nan
0.00055436345426013753,nan
0.00055436665426013862,nan
0.00055436985426013971,nan
0.0005543730542601408,nan
0.00055437625426014189,nan
0.00055437945426014298,nan
0.00055438265426014407,nan
0.00055438585426014516,nan
0.00055438905426014626,nan
0.00055439225426014735,nan
0.00055439545426014844,nan
0.00055439865426014953,nan
0.00055440185426015062,nan
0.00055440505426015171,nan
0.0005544082542601528,nan
0.00055441145426015389,nan
0.00055441465426015499,nan
0.00055441785426015608,nan
0.00055442105426015717,nan
0.00055442425426015826,nan
0.00055442745426015935,nan
0.00055443065426016044,nan
0.00055443385426016153,nan
0.00055443705426016262,nan
0.00055444025426016372,nan
0.00055444345426016481,nan
0.0005544466542601659,nan
0.00055444985426016699,nan
0.00055445305426016808,nan
0.00055445625426016917,nan
0.00055445945426017026,nan
0.00055446265426017135,nan
0.00055446585426017245,nan
0.00055446905426017354,nan
0.00055447225426017463,nan
0.00055447545426017572,nan
0.00055447865426017681,nan
0.0005544818542601779,nan
0.00055448505426017899,nan
0.00055448825426018008,nan
0.00055449145426018118,nan
0.00055449465426018227,nan
0.00055449785426018336,nan
0.00055450105426018445,nan
0.00055450425426018554,nan
0.00055450745426018663,nan
0.00055451065426018772,nan
0.00055451385426018881,nan
0.0005545170542601899,nan
0.000554520254260191,nan
0.00055452345426019209,nan
0.00055452665426019318,nan
0.00055452985426019427,nan
0.00055453305426019536,nan
0.00055453625426019645,nan
0.00055453945426019754,nan
0.00055454265426019863,nan
0.00055454585426019973,nan
0.00055454905426020082,nan
0.00055455225426020191,nan
0.000554555454260203,nan
0.00055455865426020409,nan
0.00055456185426020518,nan
0.00055456505426020627,nan
0.00055456825426020736,nan
0.00055457145426020846,nan
0.00055457465426020955,nan
0.00055457785426021064,nan
0.00055458105426021173,nan
0.00055458425426021282,nan
0.00055458745426021391,nan
0.000554590654260215,nan
0.00055459385426021609,nan
0.00055459705426021719,nan
0.00055460025426021828,nan
0.00055460345426021937,nan
0.00055460665426022046,nan
0.00055460985426022155,nan
0.00055461305426022264,nan
0.00055461625426022373,nan
0.00055461945426022482,nan
0.00055462265426022592,nan
0.00055462585426022701,nan
0.0005546290542602281,nan
0.00055463225426022919,nan
0.00055463545426023028,nan
0.00055463865426023137,nan
0.00055464185426023246,nan
0.00055464505426023355,nan
0.00055464825426023464,nan
0.00055465145426023574,nan
0.00055465465426023683,nan
0.00055465785426023792,nan
0.00055466105426023901,nan
0.0005546642542602401,390.09738959352541
0.00055466745426024119,417.19201552973806
0.00055467065426024228,426.86734929255272
0.00055467385426024337,432.41269964091856
0.00055467705426024447,435.46523279884593
0.00055468025426024556,436.15329130510247
0.00055468345426024665,436.72157279316878
0.00055468665426024774,438.80438928167922
0.00055468985426024883,442.66717484505608
0.00055469305426024992,447.12454548079103
0.00055469625426025101,451.2360232899581
0.0005546994542602521,452.71505356044577
0.0005547026542602532,451.92396308770526
0.00055470585426025429,451.06975601793624
0.00055470905426025538,451.34931495312497
0.00055471225426025647,452.76455645713099
0.00055471545426025756,454.304148741657
0.00055471865426025865,454.46593949680516
0.00055472185426025974,453.54308438465733
0.00055472505426026083,453.19345347772179
0.00055472825426026193,453.08031284023957
0.00055473145426026302,451.58797107546565
0.00055473465426026411,449.27185350001395
0.0005547378542602652,447.57566437840734
0.00055474105426026629,446.37819369653789
0.00055474425426026738,445.81647426118315
0.00055474745426026847,446.67890257942395
0.00055475065426026956,448.25297671965058
0.00055475385426027066,449.15831483889571
0.00055475705426027175,449.40738883519651
0.00055476025426027284,449.64258685618836
0.00055476345426027393,449.56279559486097
0.00055476665426027502,448.42354538542122
0.00055476985426027611,446.2913440608167
0.0005547730542602772,444.68834061130502
0.00055477625426027829,445.48244529424392
0.00055477945426027938,448.14156442631474
0.00055478265426028048,449.85551462827038
0.00055478585426028157,449.1340493989336
0.00055478905426028266,447.67552140935362
0.00055479225426028375,447.33278236949587
0.00055479545426028484,448.06004912669709
0.00055479865426028593,448.36105418357471
0.00055480185426028702,447.72211788298813
0.00055480505426028811,447.34031364091027
0.00055480825426028921,447.75901380263878
0.0005548114542602903,448.24692203256893
0.00055481465426029139,448.34796160624677
0.00055481785426029248,448.20484704114551
0.00055482105426029357,447.6301188278901
0.00055482425426029466,446.86611936418109
0.00055482745426029575,446.50427539988243
0.00055483065426029684,446.20531343366474
0.00055483385426029794,445.5065840822291
0.00055483705426029903,445.31484972115879
0.00055484025426030012,446.31368025835161
0.00055484345426030121,447.34244043163744
0.0005548466542603023,447.5872013200659
0.00055484985426030339,447.29540369902264
0.00055485305426030448,446.71667600303704
0.00055485625426030557,446.48974759865922
0.00055485945426030667,447.14857229618627
0.00055486265426030776,447.84117958072744
0.00055486585426030885,447.95787474436634
0.00055486905426030994,447.67098669363793
0.00055487225426031103,446.97020021836755
0.00055487545426031212,446.24805167750003
0.00055487865426031321,446.55161315949954
0.0005548818542603143,447.61293277720802
0.0005548850542603154,448.33493627932955
0.00055488825426031649,448.37071403535299
0.00055489145426031758,448.29027400974888
0.00055489465426031867,448.68813679528228
0.00055489785426031976,449.18548684132895
0.00055490105426032085,448.98431350547344
0.00055490425426032194,448.20444104442322
0.00055490745426032303,447.79291971525623
0.00055491065426032412,448.09519488088591
0.00055491385426032522,448.40049875381436
0.00055491705426032631,448.25882085903828
0.0005549202542603274,447.9851137240986
0.00055492345426032849,447.73826954198324
0.00055492665426032958,447.35316007847609
0.00055492985426033067,447.26025510543474
0.00055493305426033176,447.31382415805575
0.00055493625426033285,446.86368889314872
0.00055493945426033395,446.37479498778396
0.00055494265426033504,446.81858386764316
0.00055494585426033613,448.00346831623216
0.00055494905426033722,449.18287241190171
0.00055495225426033831,450.00387788460819
0.0005549554542603394,450.22956476555953
0.00055495865426034049,449.8428985482501
0.00055496185426034158,449.11152403411569
0.00055496505426034268,448.47947273655808
0.00055496825426034377,448.00962682246364
0.00055497145426034486,447.58321568756423
0.00055497465426034595,447.14811892288935
0.00055497785426034704,447.12120045756996
0.00055498105426034813,447.77530803320838
0.00055498425426034922,448.68080378890141
0.00055498745426035031,449.12369812602441
0.00055499065426035141,449.2208293759964
0.0005549938542603525,449.43928773369174
0.00055499705426035359,449.5507696108919
0.00055500025426035468,449.05596226120076
0.00055500345426035577,448.07696521913795
0.00055500665426035686,447.35074642290033
0.00055500985426035795,447.54320475931615
0.00055501305426035904,448.41051138690415
0.00055501625426036014,448.95145474941893
0.00055501945426036123,448.64376437080614
0.00055502265426036232,447.79542066306334
0.00055502585426036341,446.92745667165997
0.0005550290542603645,446.41101036533001
0.00055503225426036559,446.48623116274246
0.00055503545426036668,447.05006663163562
0.00055503865426036777,447.81261839708907
0.00055504185426036886,448.5115672715462
0.00055504505426036996,448.87491213629499
0.00055504825426037105,448.62984706536912
0.00055505145426037214,447.54488782054892
0.00055505465426037323,446.20412225725045
0.00055505785426037432,445.65123338500752
0.00055506105426037541,446.12487754979247
0.0005550642542603765,446.92354650590937
0.00055506745426037759,447.57593746930701
0.00055507065426037869,447.93011971595524
0.00055507385426037978,447.92386311550649
0.00055507705426038087,447.66075513623406
0.00055508025426038196,447.44702161355195
0.00055508345426038305,447.58597946571177
0.00055508665426038414,448.08082508293626
0.00055508985426038523,448.62225224819633
0.00055509305426038632,448.85374520563408
0.00055509625426038742,448.72344544218731
0.00055509945426038851,448.39421166591382
0.0005551026542603896,448.07330854596432
0.00055510585426039069,447.65224770506939
0.00055510905426039178,447.03233948876368
0.00055511225426039287,446.4073188777989
0.00055511545426039396,446.11119072745782
0.00055511865426039505,446.21684584570028
0.00055512185426039615,446.39747069912653
0.00055512505426039724,446.25828130667065
0.00055512825426039833,445.85442431268564
0.00055513145426039942,445.47084541418315
0.00055513465426040051,445.49990000093931
0.0005551378542604016,446.00195459545864
0.00055514105426040269,446.36207084626801
0.00055514425426040378,446.18654248453964
0.00055514745426040488,445.90868742054414
0.00055515065426040597,445.66840743238646
0.00055515385426040706,445.28743323515869
0.00055515705426040815,445.09207345108518
0.00055516025426040924,445.34695153313498
0.00055516345426041033,445.65460349738493
0.00055516665426041142,445.5110996701809
0.00055516985426041251,444.95730104013262
0.0005551730542604136,444.46066204464705
0.0005551762542604147,444.4813968198996
0.00055517945426041579,444.99430208524313
0.00055518265426041688,445.54956300319213
0.00055518585426041797,445.61300302608328
0.00055518905426041906,445.13569455496662
0.00055519225426042015,444.25887493478865
0.00055519545426042124,442.5545456013507
0.00055519865426042233,439.70816272679548
0.00055520185426042343,436.44292041779585
0.00055520505426042452,434.16210053826273
0.00055520825426042561,433.12162325190639
0.0005552114542604267,432.38101340473571
0.00055521465426042779,431.07142410227073
0.00055521785426042888,429.10402255889204
0.00055522105426042997,426.64378028108075
0.00055522425426043106,423.67153523946303
0.00055522745426043216,420.22752591914229
0.00055523065426043325,416.85770813796
0.00055523385426043434,414.07795981758062
0.00055523705426043543,411.60723569276138
0.00055524025426043652,408.74806988310519
0.00055524345426043761,405.27628285573502
0.0005552466542604387,401.29018933701138
0.00055524985426043979,396.88786669183548
0.00055525305426044089,392.23652185579851
0.00055525625426044198,387.29822060009502
0.00055525945426044307,381.91865992858362
0.00055526265426044416,376.1507447661466
0.00055526585426044525,369.97533893421075
0.00055526905426044634,363.35310795014004
0.00055527225426044743,356.19572956296724
0.00055527545426044852,348.47675973775341
0.00055527865426044961,340.17853002553318
0.00055528185426045071,331.62880658151408
0.0005552850542604518,323.30642100070594
0.00055528825426045289,315.02343024612912
0.00055529145426045398,305.91637550049353
0.00055529465426045507,295.90374158590754
0.00055529785426045616,285.26104906168331
0.00055530105426045725,274.64330252400538
0.00055530425426045834,263.19699615793252
0.00055530745426045944,249.83756789470141
0.00055531065426046053,237.52935238959856
0.00055531385426046162,227.97880979811228
0.00055531705426046271,218.07317796789624
0.0005553202542604638,206.0780432084606
0.00055532345426046489,197.47722360013805
0.00055532665426046598,194.2559882571887
0.00055532985426046707,191.84786626899842
0.00055533305426046817,188.03031670314428
0.00055533625426046926,184.05795142285118
0.00055533945426047035,181.30335161737779
0.00055534265426047144,179.45255763917521
0.00055534585426047253,177.85256572357397
0.00055534905426047362,175.73805988302735
0.00055535225426047471,173.69634224384939
0.0005553554542604758,172.49654340116692
0.0005553586542604769,171.98215578748031
0.00055536185426047799,171.43955714827325
0.00055536505426047908,170.86141022321647
0.00055536825426048017,169.91840160364353
0.00055537145426048126,169.25772089922114
0.00055537465426048235,169.15358944954244
0.00055537785426048344,169.76779640972174
0.00055538105426048453,170.17406106482011
0.00055538425426048563,170.1855350233877
0.00055538745426048672,170.81293871314372
0.00055539065426048781,172.10602508122258
0.0005553938542604889,172.35214867899532
0.00055539705426048999,171.87374202007229
0.00055540025426049108,171.92266242529251
0.00055540345426049217,172.52981364823037
0.00055540665426049326,173.27835957240583
0.00055540985426049435,173.73302380873804
0.00055541305426049545,172.43357288604682
0.00055541625426049654,171.10381022605659
0.00055541945426049763,172.54127050012727
0.00055542265426049872,175.21816600839384
0.00055542585426049981,175.36467208285154
0.0005554290542605009,174.81526458861194
0.00055543225426050199,175.76660390374568
0.00055543545426050308,176.21429397915693
0.00055543865426050418,175.76716872142478
0.00055544185426050527,175.63167519077311
0.00055544505426050636,177.44405362374346
0.00055544825426050745,180.34245970417419
0.00055545145426050854,182.39787466374173
0.00055545465426050963,181.42231379430891
0.00055545785426051072,180.82554464870057
0.00055546105426051181,181.83276036630988
0.00055546425426051291,182.95559952952874
0.000555467454260514,183.16568257625258
0.00055547065426051509,184.36706688396865
0.00055547385426051618,186.49831054950826
0.00055547705426051727,187.23089800619422
0.00055548025426051836,186.912812709343
0.00055548345426051945,187.64148616584859
0.00055548665426052054,189.05599546200651
0.00055548985426052164,189.8025339977446
0.00055549305426052273,190.34562506511512
0.00055549625426052382,190.07640044485663
0.00055549945426052491,187.34027204075559
0.000555502654260526,181.29650712230412
0.00055550585426052709,174.76995019650056
0.00055550905426052818,169.31201319515461
0.00055551225426052927,164.09820295620506
0.00055551545426053037,157.81327833241531
0.00055551865426053146,152.42554370389962
0.00055552185426053255,151.28162624619617
0.00055552505426053364,154.88799886155905
0.00055552825426053473,160.5392282234601
0.00055553145426053582,164.3591117703381
0.00055553465426053691,165.75010880215885
0.000555537854260538,162.93459954115445
0.00055554105426053909,154.73716802497864
0.00055554425426054019,141.08180168117846
0.00055554745426054128,126.71328425338396
0.00055555065426054237,114.60665564846659
0.00055555385426054346,105.96486362252051
0.00055555705426054455,100.48271440588968
0.00055556025426054564,97.300013750855555
0.00055556345426054673,95.580705713488072
0.00055556665426054782,94.793931086048133
0.00055556985426054892,94.711040714773162
0.00055557305426055001,94.876322368665456
0.0005555762542605511,95.09190315476468
0.00055557945426055219,95.311578123912568
0.00055558265426055328,95.500620469989286
0.00055558585426055437,95.857019902942753
0.00055558905426055546,96.168852107584499
0.00055559225426055655,96.485088021147007
0.00055559545426055765,96.454985637851408
0.00055559865426055874,96.622022842898801
0.00055560185426055983,97.159690570162496
0.00055560505426056092,98.853463324635456
0.00055560825426056201,101.19389094617971
0.0005556114542605631,104.01922424594034
0.00055561465426056419,106.7034618771508
0.00055561785426056528,109.27015581358391
0.00055562105426056638,112.05640401815087
0.00055562425426056747,115.25050969471975
0.00055562745426056856,118.43204628809303
0.00055563065426056965,121.17913489844453
0.00055563385426057074,123.5249136392089
0.00055563705426057183,125.91548146302939
0.00055564025426057292,128.79977225067529
0.00055564345426057401,131.87306636488631
0.00055564665426057511,135.1711048980525
0.0005556498542605762,138.15142261095585
0.00055565305426057729,140.53381278667021
0.00055565625426057838,142.66057557342717
0.00055565945426057947,144.91656523143567
0.00055566265426058056,147.70545343161518
0.00055566585426058165,150.33331324632329
0.00055566905426058274,152.21767901261578
0.00055567225426058383,153.74879954899805
0.00055567545426058493,155.42016533871382
0.00055567865426058602,157.02524007872032
0.00055568185426058711,157.98684939033407
0.0005556850542605882,157.1956635203442
0.00055568825426058929,nan
0.00055569145426059038,nan
0.00055569465426059147,522.41686450487282
0.00055569785426059256,522.85176056806745
0.00055570105426059366,523.86121191539848
0.00055570425426059475,524.42776088349012
0.00055570745426059584,523.85941543179661
0.00055571065426059693,523.67021666799451
0.00055571385426059802,525.19527576373639
0.00055571705426059911,526.58463635834698
0.0005557202542606002,526.16213349367194
0.00055572345426060129,527.22488220317848
0.00055572665426060239,532.82591402019966
0.00055572985426060348,533.38269774075059
0.00055573305426060457,nan
0.00055573625426060566,509.37166488427408
0.00055573945426060675,525.38852542930647
0.00055574265426060784,534.10770054695581
0.00055574585426060893,544.08817437017944
0.00055574905426061002,543.5873473880315
0.00055575225426061112,537.00151043407925
0.00055575545426061221,532.48837224131739
0.0005557586542606133,533.79251287572367
0.00055576185426061439,535.01012776440575
0.00055576505426061548,535.6787610966104
0.00055576825426061657,nan
0.00055577145426061766,nan
0.00055577465426061875,nan
0.00055577785426061985,503.91625585589094
0.00055578105426062094,503.68394160007546
0.00055578425426062203,502.14237090939395
0.00055578745426062312,nan
0.00055579065426062421,nan
0.0005557938542606253,nan
0.00055579705426062639,nan
0.00055580025426062748,527.99684039980491
0.00055580345426062857,531.88671464721574
0.00055580665426062967,536.69102776573561
0.00055580985426063076,538.68599669072012
0.00055581305426063185,535.51483262357044
0.00055581625426063294,529.89140992254556
0.00055581945426063403,nan
0.00055582265426063512,nan
0.00055582585426063621,nan
0.0005558290542606373,nan
0.0005558322542606384,509.90905668211616
0.00055583545426063949,520.05767450428039
0.00055583865426064058,526.25956461956014
0.00055584185426064167,527.23174721949681
0.00055584505426064276,527.32380069804958
0.00055584825426064385,530.22660125308357
0.00055585145426064494,532.96151918660019
0.00055585465426064603,531.64784730203689
0.00055585785426064713,527.65773783197142
0.00055586105426064822,525.54520529749573
0.00055586425426064931,527.26407943406321
0.0005558674542606504,531.04334451406783
0.00055587065426065149,531.79731641106605
0.00055587385426065258,528.91720011305461
0.00055587705426065367,526.93388539059595
0.00055588025426065476,529.89535056632587
0.00055588345426065586,534.6852175517555
0.00055588665426065695,537.18160845614455
0.00055588985426065804,535.26680350758284
0.00055589305426065913,530.13113166361131
0.00055589625426066022,527.52955158979466
0.00055589945426066131,529.9053397900941
0.0005559026542606624,533.92653668266792
0.00055590585426066349,532.32589648723342
0.00055590905426066459,528.48654165391736
0.00055591225426066568,526.41079380654583
0.00055591545426066677,531.23902850899674
0.00055591865426066786,540.445475022094
0.00055592185426066895,541.03555517093798
0.00055592505426067004,532.35539926332342
0.00055592825426067113,528.67437282692356
0.00055593145426067222,530.2660967158497
0.00055593465426067331,529.57372795921674
0.00055593785426067441,528.6318392171147
0.0005559410542606755,529.38224098763146
0.00055594425426067659,529.3653669197887
0.00055594745426067768,529.75815726647738
0.00055595065426067877,529.93755962837645
