channel_name,time_absolute_s,time_relative_s,quality_flag,refinement_status,discrete_frequency_bin_index,discrete_frequency_hz,refined_frequency_hz,frequency_bin_offset,peak_magnitude,discrete_apparent_velocity_m_s,refined_apparent_velocity_m_s,display_velocity_m_s,velocity_origin
pdv_channel_1,0.0005539730542600044,-6.949457399956253e-07,pre_event,pre_event,-1,,,,,,,0.0,assumed_pre_event_zero
pdv_channel_1,0.0005539794542600066,-6.885457399934429e-07,pre_event,pre_event,-1,,,,,,,0.0,assumed_pre_event_zero
pdv_channel_1,0.0005539858542600088,-6.821457399912604e-07,pre_event,pre_event,-1,,,,,,,0.0,assumed_pre_event_zero
pdv_channel_1,0.0005539922542600109,-6.75745739989078e-07,pre_event,pre_event,-1,,,,,,,0.0,assumed_pre_event_zero
pdv_channel_1,0.0005539986542600131,-6.693457399868956e-07,pre_event,pre_event,-1,,,,,,,0.0,assumed_pre_event_zero
pdv_channel_1,0.0005540050542600153,-6.629457399847131e-07,pre_event,pre_event,-1,,,,,,,0.0,assumed_pre_event_zero
pdv_channel_1,0.0005540114542600175,-6.565457399825307e-07,pre_event,pre_event,-1,,,,,,,0.0,assumed_pre_event_zero
pdv_channel_1,0.0005540178542600197,-6.501457399803482e-07,pre_event,pre_event,-1,,,,,,,0.0,assumed_pre_event_zero
pdv_channel_1,0.0005540242542600219,-6.437457399781658e-07,pre_event,pre_event,-1,,,,,,,0.0,assumed_pre_event_zero
pdv_channel_1,0.000554030654260024,-6.373457399759834e-07,pre_event,pre_event,-1,,,,,,,0.0,assumed_pre_event_zero
pdv_channel_1,0.0005540370542600262,-6.309457399738009e-07,pre_event,pre_event,-1,,,,,,,0.0,assumed_pre_event_zero
pdv_channel_1,0.0005540434542600284,-6.245457399716185e-07,pre_event,pre_event,-1,,,,,,,0.0,assumed_pre_event_zero
pdv_channel_1,0.0005540498542600306,-6.18145739969436e-07,pre_event,pre_event,-1,,,,,,,0.0,assumed_pre_event_zero
pdv_channel_1,0.0005540562542600328,-6.117457399672536e-07,pre_event,pre_event,-1,,,,,,,0.0,assumed_pre_event_zero
pdv_channel_1,0.000554062654260035,-6.053457399650712e-07,pre_event,pre_event,-1,,,,,,,0.0,assumed_pre_event_zero
pdv_channel_1,0.0005540690542600371,-5.989457399628887e-07,pre_event,pre_event,-1,,,,,,,0.0,assumed_pre_event_zero
pdv_channel_1,0.0005540754542600393,-5.925457399607063e-07,pre_event,pre_event,-1,,,,,,,0.0,assumed_pre_event_zero
pdv_channel_1,0.0005540818542600415,-5.861457399585239e-07,pre_event,pre_event,-1,,,,,,,0.0,assumed_pre_event_zero
pdv_channel_1,0.0005540882542600437,-5.797457399563414e-07,pre_event,pre_event,-1,,,,,,,0.0,assumed_pre_event_zero
pdv_channel_1,0.0005540946542600459,-5.73345739954159e-07,pre_event,pre_event,-1,,,,,,,0.0,assumed_pre_event_zero
pdv_channel_1,0.000554101054260048,-5.669457399519766e-07,pre_event,pre_event,-1,,,,,,,0.0,assumed_pre_event_zero
pdv_channel_1,0.0005541074542600502,-5.605457399497941e-07,pre_event,pre_event,-1,,,,,,,0.0,assumed_pre_event_zero
pdv_channel_1,0.0005541138542600524,-5.541457399476117e-07,pre_event,pre_event,-1,,,,,,,0.0,assumed_pre_event_zero
pdv_channel_1,0.0005541202542600546,-5.477457399454292e-07,pre_event,pre_event,-1,,,,,,,0.0,assumed_pre_event_zero
pdv_channel_1,0.0005541266542600568,-5.413457399432468e-07,pre_event,pre_event,-1,,,,,,,0.0,assumed_pre_event_zero
pdv_channel_1,0.000554133054260059,-5.349457399410644e-07,pre_event,pre_event,-1,,,,,,,0.0,assumed_pre_event_zero
pdv_channel_1,0.0005541394542600611,-5.285457399388819e-07,pre_event,pre_event,-1,,,,,,,0.0,assumed_pre_event_zero
pdv_channel_1,0.0005541458542600633,-5.221457399366995e-07,pre_event,pre_event,-1,,,,,,,0.0,assumed_pre_event_zero
pdv_channel_1,0.0005541522542600655,-5.15745739934517e-07,pre_event,pre_event,-1,,,,,,,0.0,assumed_pre_event_zero
pdv_channel_1,0.0005541586542600677,-5.093457399323346e-07,pre_event,pre_event,-1,,,,,,,0.0,assumed_pre_event_zero
pdv_channel_1,0.0005541650542600699,-5.029457399301522e-07,pre_event,pre_event,-1,,,,,,,0.0,assumed_pre_event_zero
pdv_channel_1,0.000554171454260072,-4.965457399279697e-07,pre_event,pre_event,-1,,,,,,,0.0,assumed_pre_event_zero
pdv_channel_1,0.0005541778542600742,-4.901457399257873e-07,pre_event,pre_event,-1,,,,,,,0.0,assumed_pre_event_zero
pdv_channel_1,0.0005541842542600764,-4.837457399236049e-07,pre_event,pre_event,-1,,,,,,,0.0,assumed_pre_event_zero
pdv_channel_1,0.0005541906542600786,-4.773457399214224e-07,pre_event,pre_event,-1,,,,,,,0.0,assumed_pre_event_zero
pdv_channel_1,0.0005541970542600808,-4.7094573991924e-07,pre_event,pre_event,-1,,,,,,,0.0,assumed_pre_event_zero
pdv_channel_1,0.000554203454260083,-4.6454573991705755e-07,pre_event,pre_event,-1,,,,,,,0.0,assumed_pre_event_zero
pdv_channel_1,0.0005542098542600851,-4.581457399148751e-07,pre_event,pre_event,-1,,,,,,,0.0,assumed_pre_event_zero
pdv_channel_1,0.0005542162542600873,-4.5174573991269267e-07,pre_event,pre_event,-1,,,,,,,0.0,assumed_pre_event_zero
pdv_channel_1,0.0005542226542600895,-4.4534573991051023e-07,pre_event,pre_event,-1,,,,,,,0.0,assumed_pre_event_zero
pdv_channel_1,0.0005542290542600917,-4.389457399083278e-07,pre_event,pre_event,-1,,,,,,,0.0,assumed_pre_event_zero
pdv_channel_1,0.0005542354542600939,-4.3254573990614536e-07,pre_event,pre_event,-1,,,,,,,0.0,assumed_pre_event_zero
pdv_channel_1,0.0005542418542600961,-4.261457399039629e-07,pre_event,pre_event,-1,,,,,,,0.0,assumed_pre_event_zero
pdv_channel_1,0.0005542482542600982,-4.197457399017805e-07,pre_event,pre_event,-1,,,,,,,0.0,assumed_pre_event_zero
pdv_channel_1,0.0005542546542601004,-4.1334573989959805e-07,pre_event,pre_event,-1,,,,,,,0.0,assumed_pre_event_zero
pdv_channel_1,0.0005542610542601026,-4.069457398974156e-07,pre_event,pre_event,-1,,,,,,,0.0,assumed_pre_event_zero
pdv_channel_1,0.0005542674542601048,-4.0054573989523317e-07,pre_event,pre_event,-1,,,,,,,0.0,assumed_pre_event_zero
pdv_channel_1,0.000554273854260107,-3.9414573989305073e-07,pre_event,pre_event,-1,,,,,,,0.0,assumed_pre_event_zero
pdv_channel_1,0.0005542802542601092,-3.877457398908683e-07,pre_event,pre_event,-1,,,,,,,0.0,assumed_pre_event_zero
pdv_channel_1,0.0005542866542601113,-3.8134573988868586e-07,pre_event,pre_event,-1,,,,,,,0.0,assumed_pre_event_zero
pdv_channel_1,0.0005542930542601135,-3.749457398865034e-07,pre_event,pre_event,-1,,,,,,,0.0,assumed_pre_event_zero
pdv_channel_1,0.0005542994542601157,-3.68545739884321e-07,pre_event,pre_event,-1,,,,,,,0.0,assumed_pre_event_zero
pdv_channel_1,0.0005543058542601179,-3.6214573988213854e-07,pre_event,pre_event,-1,,,,,,,0.0,assumed_pre_event_zero
pdv_channel_1,0.0005543122542601201,-3.557457398799561e-07,pre_event,pre_event,-1,,,,,,,0.0,assumed_pre_event_zero
pdv_channel_1,0.0005543186542601222,-3.4934573987777367e-07,pre_event,pre_event,-1,,,,,,,0.0,assumed_pre_event_zero
pdv_channel_1,0.0005543250542601244,-3.4294573987559123e-07,pre_event,pre_event,-1,,,,,,,0.0,assumed_pre_event_zero
pdv_channel_1,0.0005543314542601266,-3.365457398734088e-07,pre_event,pre_event,-1,,,,,,,0.0,assumed_pre_event_zero
pdv_channel_1,0.0005543378542601288,-3.3014573987122636e-07,pre_event,pre_event,-1,,,,,,,0.0,assumed_pre_event_zero
pdv_channel_1,0.000554344254260131,-3.237457398690439e-07,pre_event,pre_event,-1,,,,,,,0.0,assumed_pre_event_zero
pdv_channel_1,0.0005543506542601332,-3.173457398668615e-07,pre_event,pre_event,-1,,,,,,,0.0,assumed_pre_event_zero
pdv_channel_1,0.0005543570542601353,-3.1094573986467904e-07,pre_event,pre_event,-1,,,,,,,0.0,assumed_pre_event_zero
pdv_channel_1,0.0005543634542601375,-3.045457398624966e-07,pre_event,pre_event,-1,,,,,,,0.0,assumed_pre_event_zero
pdv_channel_1,0.0005543698542601397,-2.9814573986031417e-07,pre_event,pre_event,-1,,,,,,,0.0,assumed_pre_event_zero
pdv_channel_1,0.0005543762542601419,-2.9174573985813173e-07,pre_event,pre_event,-1,,,,,,,0.0,assumed_pre_event_zero
pdv_channel_1,0.0005543826542601441,-2.853457398559493e-07,pre_event,pre_event,-1,,,,,,,0.0,assumed_pre_event_zero
pdv_channel_1,0.0005543890542601463,-2.7894573985376685e-07,pre_event,pre_event,-1,,,,,,,0.0,assumed_pre_event_zero
pdv_channel_1,0.0005543954542601484,-2.725457398515844e-07,pre_event,pre_event,-1,,,,,,,0.0,assumed_pre_event_zero
pdv_channel_1,0.0005544018542601506,-2.66145739849402e-07,pre_event,pre_event,-1,,,,,,,0.0,assumed_pre_event_zero
pdv_channel_1,0.0005544082542601528,-2.5974573984721954e-07,pre_event,pre_event,-1,,,,,,,0.0,assumed_pre_event_zero
pdv_channel_1,0.000554414654260155,-2.533457398450371e-07,pre_event,pre_event,-1,,,,,,,0.0,assumed_pre_event_zero
pdv_channel_1,0.0005544210542601572,-2.4694573984285467e-07,pre_event,pre_event,-1,,,,,,,0.0,assumed_pre_event_zero
pdv_channel_1,0.0005544274542601594,-2.4054573984067223e-07,pre_event,pre_event,-1,,,,,,,0.0,assumed_pre_event_zero
pdv_channel_1,0.0005544338542601615,-2.341457398384898e-07,pre_event,pre_event,-1,,,,,,,0.0,assumed_pre_event_zero
pdv_channel_1,0.0005544402542601637,-2.2774573983630735e-07,pre_event,pre_event,-1,,,,,,,0.0,assumed_pre_event_zero
pdv_channel_1,0.0005544466542601659,-2.2134573983412491e-07,pre_event,pre_event,-1,,,,,,,0.0,assumed_pre_event_zero
pdv_channel_1,0.0005544530542601681,-2.1494573983194248e-07,pre_event,pre_event,-1,,,,,,,0.0,assumed_pre_event_zero
pdv_channel_1,0.0005544594542601703,-2.0854573982976004e-07,pre_event,pre_event,-1,,,,,,,0.0,assumed_pre_event_zero
pdv_channel_1,0.0005544658542601724,-2.021457398275776e-07,pre_event,pre_event,-1,,,,,,,0.0,assumed_pre_event_zero
pdv_channel_1,0.0005544722542601746,-1.9574573982539516e-07,pre_event,pre_event,-1,,,,,,,0.0,assumed_pre_event_zero
pdv_channel_1,0.0005544786542601768,-1.8934573982321273e-07,pre_event,pre_event,-1,,,,,,,0.0,assumed_pre_event_zero
pdv_channel_1,0.000554485054260179,-1.829457398210303e-07,pre_event,pre_event,-1,,,,,,,0.0,assumed_pre_event_zero
pdv_channel_1,0.0005544914542601812,-1.7654573981884785e-07,pre_event,pre_event,-1,,,,,,,0.0,assumed_pre_event_zero
pdv_channel_1,0.0005544978542601834,-1.701457398166654e-07,pre_event,pre_event,-1,,,,,,,0.0,assumed_pre_event_zero
pdv_channel_1,0.0005545042542601855,-1.6374573981448298e-07,pre_event,pre_event,-1,,,,,,,0.0,assumed_pre_event_zero
pdv_channel_1,0.0005545106542601877,-1.5734573981230054e-07,pre_event,pre_event,-1,,,,,,,0.0,assumed_pre_event_zero
pdv_channel_1,0.0005545170542601899,-1.509457398101181e-07,pre_event,pre_event,-1,,,,,,,0.0,assumed_pre_event_zero
pdv_channel_1,0.0005545234542601921,-1.4454573980793566e-07,pre_event,pre_event,-1,,,,,,,0.0,assumed_pre_event_zero
pdv_channel_1,0.0005545298542601943,-1.3814573980575322e-07,pre_event,pre_event,-1,,,,,,,0.0,assumed_pre_event_zero
pdv_channel_1,0.0005545362542601965,-1.317457398035708e-07,pre_event,pre_event,-1,,,,,,,0.0,assumed_pre_event_zero
pdv_channel_1,0.0005545426542601986,-1.2534573980138835e-07,pre_event,pre_event,-1,,,,,,,0.0,assumed_pre_event_zero
pdv_channel_1,0.0005545490542602008,-1.1894573979920591e-07,pre_event,pre_event,-1,,,,,,,0.0,assumed_pre_event_zero
pdv_channel_1,0.000554555454260203,-1.1254573979702347e-07,pre_event,pre_event,-1,,,,,,,0.0,assumed_pre_event_zero
pdv_channel_1,0.0005545618542602052,-1.0614573979484104e-07,pre_event,pre_event,-1,,,,,,,0.0,assumed_pre_event_zero
pdv_channel_1,0.0005545682542602074,-9.97457397926586e-08,pre_event,pre_event,-1,,,,,,,0.0,assumed_pre_event_zero
pdv_channel_1,0.0005545746542602095,-9.334573979047616e-08,pre_event,pre_event,-1,,,,,,,0.0,assumed_pre_event_zero
pdv_channel_1,0.0005545810542602117,-8.694573978829372e-08,pre_event,pre_event,-1,,,,,,,0.0,assumed_pre_event_zero
pdv_channel_1,0.0005545874542602139,-8.054573978611129e-08,pre_event,pre_event,-1,,,,,,,0.0,assumed_pre_event_zero
pdv_channel_1,0.0005545938542602161,-7.414573978392885e-08,pre_event,pre_event,-1,,,,,,,0.0,assumed_pre_event_zero
pdv_channel_1,0.0005546002542602183,-6.774573978174641e-08,pre_event,pre_event,-1,,,,,,,0.0,assumed_pre_event_zero
pdv_channel_1,0.0005546066542602205,-6.134573977956397e-08,pre_event,pre_event,-1,,,,,,,0.0,assumed_pre_event_zero
pdv_channel_1,0.0005546130542602226,-5.4945739777381535e-08,pre_event,pre_event,-1,,,,,,,0.0,assumed_pre_event_zero
pdv_channel_1,0.0005546194542602248,-4.85457397751991e-08,pre_event,pre_event,-1,,,,,,,0.0,assumed_pre_event_zero
pdv_channel_1,0.000554625854260227,-4.214573977301666e-08,pre_event,pre_event,-1,,,,,,,0.0,assumed_pre_event_zero
pdv_channel_1,0.0005546322542602292,-3.574573977083422e-08,pre_event,pre_event,-1,,,,,,,0.0,assumed_pre_event_zero
pdv_channel_1,0.0005546386542602314,-2.9345739768651784e-08,pre_event,pre_event,-1,,,,,,,0.0,assumed_pre_event_zero
pdv_channel_1,0.0005546450542602336,-2.2945739766469346e-08,pre_event,pre_event,-1,,,,,,,0.0,assumed_pre_event_zero
pdv_channel_1,0.0005546514542602357,-1.654573976428691e-08,pre_event,pre_event,-1,,,,,,,0.0,assumed_pre_event_zero
pdv_channel_1,0.0005546578542602379,-1.014573976210447e-08,pre_event,pre_event,-1,,,,,,,0.0,assumed_pre_event_zero
pdv_channel_1,0.0005546642542602401,-3.745739759922033e-09,pre_event,pre_event,-1,,,,,,,0.0,assumed_pre_event_zero
pdv_channel_1,0.0005546706542602423,2.6542602422604047e-09,candidate,refined,36,703124999.7602302,699594569.0987239,-0.18075804993076433,0.017496999543187678,544.9218748141784,542.185791051511,542.185791051511,refined_candidate_measurement
pdv_channel_1,0.0005546770542602445,9.054260244442842e-09,candidate,refined,36,703124999.7602302,707565607.3424646,0.22735910828792852,0.02975706087373099,544.9218748141784,548.36334569041,548.36334569041,refined_candidate_measurement
pdv_channel_1,0.0005546834542602466,1.545426024662528e-08,candidate,refined,36,703124999.7602302,711257836.4242792,0.4164012373413028,0.032413038307772264,544.9218748141784,551.2248232288164,551.2248232288164,refined_candidate_measurement
pdv_channel_1,0.0005546898542602488,2.1854260248807718e-08,candidate,refined,37,722656249.75357,720413812.6848316,-0.11481277795855586,0.034077102556717274,560.0585935590167,558.3207048307445,558.3207048307445,refined_candidate_measurement
pdv_channel_1,0.000554696254260251,2.8254260250990156e-08,candidate,refined,38,742187499.7469097,732534857.4876593,-0.49421528384215146,0.03408102058363836,575.1953123038551,567.714514552936,567.714514552936,refined_candidate_measurement
pdv_channel_1,0.0005547026542602532,3.465426025317259e-08,candidate,refined,38,742187499.7469097,735122100.4589044,-0.36174844366923276,0.03548723222998196,575.1953123038551,569.7196278556509,569.7196278556509,refined_candidate_measurement
pdv_channel_1,0.0005547090542602554,4.105426025535503e-08,candidate,refined,38,742187499.7469097,734856571.4317446,-0.3753435298644532,0.03577406323046645,575.1953123038551,569.513842859602,569.513842859602,refined_candidate_measurement
pdv_channel_1,0.0005547154542602576,4.745426025753747e-08,candidate,refined,38,742187499.7469097,738285678.4156173,-0.19977325223029133,0.036623842639270106,575.1953123038551,572.1714007721034,572.1714007721034,refined_candidate_measurement
pdv_channel_1,0.0005547218542602597,5.3854260259719906e-08,candidate,refined,38,742187499.7469097,738137377.0093783,-0.2073662842323226,0.03641689406617738,575.1953123038551,572.0564671822682,572.0564671822682,refined_candidate_measurement
pdv_channel_1,0.0005547282542602619,6.025426026190234e-08,candidate,refined,38,742187499.7469097,736263231.6620946,-0.3033225260459671,0.03556716990425758,575.1953123038551,570.6040045381233,570.6040045381233,refined_candidate_measurement
pdv_channel_1,0.0005547346542602641,6.665426026408478e-08,candidate,refined,37,722656249.75357,731295461.6680192,0.44232765017063724,0.034012905628466636,560.0585935590167,566.7539827927149,566.7539827927149,refined_candidate_measurement
pdv_channel_1,0.0005547410542602663,7.305426026626722e-08,candidate,refined,37,722656249.75357,726496008.6912422,0.19659565767586085,0.034063562258900296,560.0585935590167,563.0344067357128,563.0344067357128,refined_candidate_measurement
pdv_channel_1,0.0005547474542602685,7.945426026844966e-08,candidate,refined,37,722656249.75357,727040638.6988232,0.2244807140735134,0.03369910715799584,560.0585935590167,563.456494991588,563.456494991588,refined_candidate_measurement
pdv_channel_1,0.0005547538542602707,8.58542602706321e-08,candidate,refined,37,722656249.75357,730350529.978278,0.39394714763939226,0.033307755889495944,560.0585935590167,566.0216607331655,566.0216607331655,refined_candidate_measurement
pdv_channel_1,0.0005547602542602728,9.225426027281453e-08,candidate,refined,37,722656249.75357,731326032.3381311,0.4438928684808997,0.033417052581252146,560.0585935590167,566.7776750620516,566.7776750620516,refined_candidate_measurement
pdv_channel_1,0.000554766654260275,9.865426027499697e-08,candidate,refined,37,722656249.75357,728970951.6785566,0.32331273866956356,0.03380668897384232,560.0585935590167,564.9524875508813,564.9524875508813,refined_candidate_measurement
pdv_channel_1,0.0005547730542602772,1.0505426027717941e-07,candidate,refined,37,722656249.75357,724668058.068216,0.10300458574500046,0.03392230351498869,560.0585935590167,561.6177450028674,561.6177450028674,refined_candidate_measurement
pdv_channel_1,0.0005547794542602794,1.1145426027936185e-07,candidate,refined,37,722656249.75357,728507707.9197526,0.29959465821071296,0.03363080330987572,560.0585935590167,564.5934736378083,564.5934736378083,refined_candidate_measurement
pdv_channel_1,0.0005547858542602816,1.1785426028154428e-07,candidate,refined,37,722656249.75357,730255552.8007491,0.38908431614824823,0.03354914584353372,560.0585935590167,565.9480534205805,565.9480534205805,refined_candidate_measurement
pdv_channel_1,0.0005547922542602837,1.2425426028372672e-07,candidate,refined,37,722656249.75357,728339619.1294281,0.2909885121431679,0.03376390734640459,560.0585935590167,564.4632048253068,564.4632048253068,refined_candidate_measurement
pdv_channel_1,0.0005547986542602859,1.3065426028590916e-07,candidate,refined,37,722656249.75357,728880317.7783798,0.3186722829789342,0.03358397694833021,560.0585935590167,564.8822462782443,564.8822462782443,refined_candidate_measurement
pdv_channel_1,0.0005548050542602881,1.370542602880916e-07,candidate,refined,37,722656249.75357,728212131.4541737,0.28446114316791077,0.03344388589733373,560.0585935590167,564.3644018769846,564.3644018769846,refined_candidate_measurement
pdv_channel_1,0.0005548114542602903,1.4345426029027403e-07,candidate,refined,37,722656249.75357,729022717.7550329,0.3259631617860569,0.03322749579292626,560.0585935590167,564.9926062601505,564.9926062601505,refined_candidate_measurement
pdv_channel_1,0.0005548178542602925,1.4985426029245647e-07,candidate,refined,37,722656249.75357,728928355.0932645,0.3211317935018648,0.03321602917306716,560.0585935590167,564.9194751972799,564.9194751972799,refined_candidate_measurement
pdv_channel_1,0.0005548242542602947,1.562542602946389e-07,candidate,refined,37,722656249.75357,727197778.3743477,0.23252626546311,0.03329865026849603,560.0585935590167,563.5782782401194,563.5782782401194,refined_candidate_measurement
pdv_channel_1,0.0005548306542602968,1.6265426029682135e-07,candidate,refined,37,722656249.75357,725627909.5864913,0.15214898349745692,0.0332099431737313,560.0585935590167,562.3616299295307,562.3616299295307,refined_candidate_measurement
pdv_channel_1,0.000554837054260299,1.6905426029900378e-07,candidate,refined,37,722656249.75357,725063441.6169372,0.12324822344642962,0.0330283818955708,560.0585935590167,561.9241672531263,561.9241672531263,refined_candidate_measurement
pdv_channel_1,0.0005548434542603012,1.7545426030118622e-07,candidate,refined,37,722656249.75357,727305820.9959238,0.2380580476896931,0.03264042591005072,560.0585935590167,563.6620112718409,563.6620112718409,refined_candidate_measurement
pdv_channel_1,0.0005548498542603034,1.8185426030336866e-07,candidate,refined,37,722656249.75357,727512366.5296657,0.24863317902088794,0.03239253376326721,560.0585935590167,563.822084060491,563.822084060491,refined_candidate_measurement
pdv_channel_1,0.0005548562542603056,1.882542603055511e-07,candidate,refined,37,722656249.75357,726852321.4572672,0.21483887130255697,0.032493583980590636,560.0585935590167,563.310549129382,563.310549129382,refined_candidate_measurement
pdv_channel_1,0.0005548626542603078,1.9465426030773354e-07,candidate,refined,37,722656249.75357,728240003.0243645,0.28588816756217,0.032541300942557326,560.0585935590167,564.3860023438824,564.3860023438824,refined_candidate_measurement
pdv_channel_1,0.0005548690542603099,2.0105426030991597e-07,candidate,refined,37,722656249.75357,728057848.316518,0.27656184651724325,0.03259012937110725,560.0585935590167,564.2448324453014,564.2448324453014,refined_candidate_measurement
pdv_channel_1,0.0005548754542603121,2.074542603120984e-07,candidate,refined,37,722656249.75357,726521269.5992877,0.19788901616823407,0.03278321117371959,560.0585935590167,563.053983939448,563.053983939448,refined_candidate_measurement
pdv_channel_1,0.0005548818542603143,2.1385426031428085e-07,candidate,refined,37,722656249.75357,728000132.9586537,0.2736068201935912,0.03280804632460187,560.0585935590167,564.2001030429566,564.2001030429566,refined_candidate_measurement
pdv_channel_1,0.0005548882542603165,2.2025426031646329e-07,candidate,refined,37,722656249.75357,729373905.808038,0.3439439901060479,0.032732770592214126,560.0585935590167,565.2647770012294,565.2647770012294,refined_candidate_measurement
pdv_channel_1,0.0005548946542603187,2.2665426031864572e-07,candidate,refined,37,722656249.75357,730019537.5011833,0.3770003328063621,0.03275523463589877,560.0585935590167,565.765141563417,565.765141563417,refined_candidate_measurement
pdv_channel_1,0.0005549010542603209,2.3305426032082816e-07,candidate,refined,37,722656249.75357,730104810.8919765,0.38136633041646223,0.032900898277017615,560.0585935590167,565.8312284412817,565.8312284412817,refined_candidate_measurement
pdv_channel_1,0.000554907454260323,2.394542603230106e-07,candidate,refined,37,722656249.75357,728900844.5331469,0.3197232528233652,0.03314726257914309,560.0585935590167,564.8981545131888,564.8981545131888,refined_candidate_measurement
pdv_channel_1,0.0005549138542603252,2.4585426032519304e-07,candidate,refined,37,722656249.75357,729225162.6779284,0.33632834184184157,0.033074023721401544,560.0585935590167,565.1495010753946,565.1495010753946,refined_candidate_measurement
pdv_channel_1,0.0005549202542603274,2.522542603273755e-07,candidate,refined,37,722656249.75357,728831281.4751837,0.3161616242544405,0.032987039317390145,560.0585935590167,564.8442431432674,564.8442431432674,refined_candidate_measurement
pdv_channel_1,0.0005549266542603296,2.586542603295579e-07,candidate,refined,37,722656249.75357,727938752.9084088,0.2704641616199748,0.03293760220566433,560.0585935590167,564.1525335040168,564.1525335040168,refined_candidate_measurement
pdv_channel_1,0.0005549330542603318,2.6505426033174035e-07,candidate,refined,37,722656249.75357,727410387.7085373,0.2434118633773341,0.03281701473658713,560.0585935590167,563.7430504741164,563.7430504741164,refined_candidate_measurement
pdv_channel_1,0.0005549394542603339,2.714542603339228e-07,candidate,refined,37,722656249.75357,726680958.973932,0.2060651121528094,0.03280271010625368,560.0585935590167,563.1777432047974,563.1777432047974,refined_candidate_measurement
pdv_channel_1,0.0005549458542603361,2.778542603361052e-07,candidate,refined,37,722656249.75357,728835527.4036096,0.3163790157899195,0.03279463750830603,560.0585935590167,564.8475337377974,564.8475337377974,refined_candidate_measurement
pdv_channel_1,0.0005549522542603383,2.8425426033828766e-07,candidate,refined,37,722656249.75357,731731719.428609,0.46466404752045515,0.03261393387673437,560.0585935590167,567.092082557172,567.092082557172,refined_candidate_measurement
pdv_channel_1,0.0005549586542603405,2.906542603404701e-07,candidate,refined,37,722656249.75357,731619213.4415466,0.45890374098089304,0.032678299232966175,560.0585935590167,567.0048904171986,567.0048904171986,refined_candidate_measurement
pdv_channel_1,0.0005549650542603427,2.9705426034265254e-07,candidate,refined,37,722656249.75357,729715307.9452904,0.36142377953933863,0.032876199448469944,560.0585935590167,565.5293636576001,565.5293636576001,refined_candidate_measurement
pdv_channel_1,0.0005549714542603449,3.03454260344835e-07,candidate,refined,37,722656249.75357,728145169.5060081,0.2810326914206673,0.03290539413700006,560.0585935590167,564.3125063671563,564.3125063671563,refined_candidate_measurement
pdv_channel_1,0.000554977854260347,3.098542603470174e-07,candidate,refined,37,722656249.75357,727770508.5333514,0.2618500496141041,0.03284027686832304,560.0585935590167,564.0221441133474,564.0221441133474,refined_candidate_measurement
pdv_channel_1,0.0005549842542603492,3.1625426034919985e-07,candidate,refined,37,722656249.75357,729675670.6596838,0.35939435051558477,0.03265817675502675,560.0585935590167,565.4986447612549,565.4986447612549,refined_candidate_measurement
pdv_channel_1,0.0005549906542603514,3.226542603513823e-07,candidate,refined,37,722656249.75357,730894482.8850865,0.4217975364774832,0.03264594825235212,560.0585935590167,566.443224235942,566.443224235942,refined_candidate_measurement
pdv_channel_1,0.0005549970542603536,3.2905426035356473e-07,candidate,refined,37,722656249.75357,731000824.2101846,0.4272422123243626,0.03270271378133177,560.0585935590167,566.5256387628931,566.5256387628931,refined_candidate_measurement
pdv_channel_1,0.0005550034542603558,3.3545426035574717e-07,candidate,refined,37,722656249.75357,729099792.0703185,0.329909366730026,0.03291683364496396,560.0585935590167,565.0523388544968,565.0523388544968,refined_candidate_measurement
pdv_channel_1,0.000555009854260358,3.418542603579296e-07,candidate,refined,37,722656249.75357,728463547.0661217,0.2973336225040398,0.03287149544503795,560.0585935590167,564.5592489762444,564.5592489762444,refined_candidate_measurement
pdv_channel_1,0.0005550162542603601,3.4825426036011204e-07,candidate,refined,37,722656249.75357,729898389.5203562,0.37079755618589827,0.03246080300772981,560.0585935590167,565.671251878276,565.671251878276,refined_candidate_measurement
pdv_channel_1,0.0005550226542603623,3.546542603622945e-07,candidate,refined,37,722656249.75357,728493982.1908417,0.29889190089023343,0.032143302017801106,560.0585935590167,564.5828361979023,564.5828361979023,refined_candidate_measurement
pdv_channel_1,0.0005550290542603645,3.610542603644769e-07,candidate,refined,37,722656249.75357,726541415.764933,0.19892049984962062,0.031809577119283235,560.0585935590167,563.0695972178231,563.0695972178231,refined_candidate_measurement
pdv_channel_1,0.0005550354542603667,3.6745426036665935e-07,candidate,refined,37,722656249.75357,727375893.2468263,0.24164574693712443,0.03141984225071977,560.0585935590167,563.7163172662904,563.7163172662904,refined_candidate_measurement
pdv_channel_1,0.0005550418542603689,3.738542603688418e-07,candidate,refined,37,722656249.75357,729479193.2634523,0.34933470782510223,0.03088761021984927,560.0585935590167,565.3463747791756,565.3463747791756,refined_candidate_measurement
pdv_channel_1,0.000555048254260371,3.8025426037102423e-07,candidate,refined,37,722656249.75357,729397678.471712,0.3451611504865753,0.03053436470262548,560.0585935590167,565.2832008155768,565.2832008155768,refined_candidate_measurement
pdv_channel_1,0.0005550546542603732,3.8665426037320667e-07,candidate,refined,37,722656249.75357,726315963.631475,0.18737735061263405,0.0304527663122672,560.0585935590167,562.8948718143931,562.8948718143931,refined_candidate_measurement
pdv_channel_1,0.0005550610542603754,3.930542603753891e-07,candidate,refined,37,722656249.75357,725905582.7915368,0.16636585160063638,0.030244854067700548,560.0585935590167,562.576826663441,562.576826663441,refined_candidate_measurement
pdv_channel_1,0.0005550674542603776,3.9945426037757154e-07,candidate,refined,37,722656249.75357,727975501.0634933,0.2723456671609469,0.03008783968590793,560.0585935590167,564.1810133242072,564.1810133242072,refined_candidate_measurement
pdv_channel_1,0.0005550738542603798,4.05854260379754e-07,candidate,refined,37,722656249.75357,728567023.7290117,0.3026316276458152,0.030095846908333147,560.0585935590167,564.6394433899841,564.6394433899841,refined_candidate_measurement
pdv_channel_1,0.000555080254260382,4.122542603819364e-07,candidate,refined,37,722656249.75357,728124316.1838677,0.2799650013267147,0.030247831238981976,560.0585935590167,564.2963450424975,564.2963450424975,refined_candidate_measurement
pdv_channel_1,0.0005550866542603841,4.1865426038411886e-07,candidate,refined,37,722656249.75357,728991531.4762985,0.324366424314308,0.03046463130176364,560.0585935590167,564.9684368941313,564.9684368941313,refined_candidate_measurement
pdv_channel_1,0.0005550930542603863,4.250542603863013e-07,candidate,refined,37,722656249.75357,730020252.9355029,0.3770369630435395,0.03061591083019195,560.0585935590167,565.7656960250147,565.7656960250147,refined_candidate_measurement
pdv_channel_1,0.0005550994542603885,4.3145426038848373e-07,candidate,refined,37,722656249.75357,729485891.285926,0.3496776465758691,0.030618623613458705,560.0585935590167,565.3515657465927,565.3515657465927,refined_candidate_measurement
pdv_channel_1,0.0005551058542603907,4.3785426039066617e-07,candidate,refined,37,722656249.75357,728155657.5886787,0.2815696812535869,0.03043921309707808,560.0585935590167,564.320634631226,564.320634631226,refined_candidate_measurement
pdv_channel_1,0.0005551122542603929,4.442542603928486e-07,candidate,refined,37,722656249.75357,726388816.0184383,0.19110739282642977,0.030221086505742838,560.0585935590167,562.9513324142897,562.9513324142897,refined_candidate_measurement
pdv_channel_1,0.000555118654260395,4.5065426039503104e-07,candidate,refined,37,722656249.75357,725931826.8258168,0.16770954615622644,0.03013601027240213,560.0585935590167,562.5971657900079,562.5971657900079,refined_candidate_measurement
pdv_channel_1,0.0005551250542603972,4.570542603972135e-07,candidate,refined,37,722656249.75357,725809879.1108267,0.1614658231466089,0.030107851940130437,560.0585935590167,562.5026563108908,562.5026563108908,refined_candidate_measurement
pdv_channel_1,0.0005551314542603994,4.634542603993959e-07,candidate,refined,37,722656249.75357,724870919.8966098,0.1133911113623058,0.029693292823213577,560.0585935590167,561.7749629198726,561.7749629198726,refined_candidate_measurement
pdv_channel_1,0.0005551378542604016,4.6985426040157836e-07,candidate,refined,37,722656249.75357,725453300.3591845,0.1432089910563019,0.029452787738688604,560.0585935590167,562.226307778368,562.226307778368,refined_candidate_measurement
pdv_channel_1,0.0005551442542604038,4.762542604037608e-07,candidate,refined,37,722656249.75357,725787689.8381867,0.16032973238705073,0.029723172653583502,560.0585935590167,562.4854596245947,562.4854596245947,refined_candidate_measurement
pdv_channel_1,0.000555150654260406,4.826542604059432e-07,candidate,refined,37,722656249.75357,724888242.0157883,0.11427800386454727,0.029944603420039333,560.0585935590167,561.7883875622359,561.7883875622359,refined_candidate_measurement
pdv_channel_1,0.0005551570542604081,4.890542604081257e-07,candidate,refined,37,722656249.75357,724270602.3428873,0.08265485260123218,0.030258780008395172,560.0585935590167,561.3097168157376,561.3097168157376,refined_candidate_measurement
pdv_channel_1,0.0005551634542604103,4.954542604103081e-07,candidate,refined,37,722656249.75357,724702546.2861389,0.10477038250325621,0.030363155183192297,560.0585935590167,561.6444733717576,561.6444733717576,refined_candidate_measurement
pdv_channel_1,0.0005551698542604125,5.018542604124905e-07,candidate,refined,37,722656249.75357,723836424.891142,0.06042496706429653,0.02985294390862913,560.0585935590167,560.973229290635,560.973229290635,refined_candidate_measurement
pdv_channel_1,0.0005551762542604147,5.08254260414673e-07,candidate,refined,37,722656249.75357,723273606.5797554,0.0316086695114729,0.029209444883086407,560.0585935590167,560.5370450993105,560.5370450993105,refined_candidate_measurement
pdv_channel_1,0.0005551826542604169,5.146542604168554e-07,candidate,refined,37,722656249.75357,724504136.997853,0.09461182693955726,0.028997448218769272,560.0585935590167,561.4907061733361,561.4907061733361,refined_candidate_measurement
pdv_channel_1,0.0005551890542604191,5.210542604190379e-07,candidate,refined,37,722656249.75357,723888400.8643324,0.06308613689254879,0.028776141340491113,560.0585935590167,561.0135106698576,561.0135106698576,refined_candidate_measurement
pdv_channel_1,0.0005551954542604212,5.274542604212203e-07,candidate,refined,37,722656249.75357,719229729.5434225,-0.1754378348193796,0.027615728005485354,560.0585935590167,557.4030403961524,557.4030403961524,refined_candidate_measurement
pdv_channel_1,0.0005552018542604234,5.338542604234027e-07,candidate,refined,36,703124999.7602302,710460423.336548,0.37557368723554135,0.02591784672140213,544.9218748141784,550.6068280858246,550.6068280858246,refined_candidate_measurement
pdv_channel_1,0.0005552082542604256,5.402542604255852e-07,candidate,refined,36,703124999.7602302,704555054.6957129,0.07321881272168253,0.026025788186723502,544.9218748141784,546.0301673891776,546.0301673891776,refined_candidate_measurement
pdv_channel_1,0.0005552146542604278,5.466542604277676e-07,candidate,refined,36,703124999.7602302,700623363.1171017,-0.12808379617185514,0.02597715365527009,544.9218748141784,542.9831064157538,542.9831064157538,refined_candidate_measurement
pdv_channel_1,0.00055522105426043,5.5305426042995e-07,candidate,refined,36,703124999.7602302,693472465.6745845,-0.494209745353586,0.024794240895866532,544.9218748141784,537.441160897803,537.441160897803,refined_candidate_measurement
pdv_channel_1,0.0005552274542604322,5.594542604321325e-07,candidate,refined,35,683593749.7668905,683297490.0394531,-0.015168498049963371,0.025190064469753217,529.7851560693401,529.5555547805761,529.5555547805761,refined_candidate_measurement
pdv_channel_1,0.0005552338542604343,5.658542604343149e-07,candidate,refined,34,664062499.7735507,673384098.7541114,0.4772658679674587,0.023888904833407696,514.6484373245019,521.8726765344363,521.8726765344363,refined_candidate_measurement
pdv_channel_1,0.0005552402542604365,5.722542604364974e-07,candidate,refined,34,664062499.7735507,664177071.4657297,0.005866070641565387,0.024006973887393854,514.6484373245019,514.7372303859405,514.7372303859405,refined_candidate_measurement
pdv_channel_1,0.0005552466542604387,5.786542604386798e-07,candidate,refined,33,644531249.7802111,652190729.8203913,0.3921653781909588,0.022101890009036024,499.5117185796636,505.4478156108033,505.4478156108033,refined_candidate_measurement
pdv_channel_1,0.0005552530542604409,5.850542604408622e-07,candidate,refined,33,644531249.7802111,637478435.817339,-0.361104075022195,0.020204346440154532,499.5117185796636,494.04578775843765,494.04578775843765,refined_candidate_measurement
pdv_channel_1,0.0005552594542604431,5.914542604430447e-07,candidate,refined,32,624999999.7868713,620664267.1021752,-0.22198951353214164,0.018076711513368367,484.37499983482525,481.0148070041858,481.0148070041858,refined_candidate_measurement
pdv_channel_1,0.0005552658542604453,5.978542604452271e-07,candidate,refined,31,605468749.7935315,601254987.390899,-0.21574463508835753,0.015798302172178303,469.2382810899869,465.9726152279467,465.9726152279467,refined_candidate_measurement
pdv_channel_1,0.0005552722542604474,6.042542604474095e-07,candidate,refined,30,585937499.8001919,578948819.0769233,-0.3578204531533701,0.01324940554163896,454.1015623451487,448.6853347846155,448.6853347846155,refined_candidate_measurement
pdv_channel_1,0.0005552786542604496,6.10654260449592e-07,candidate,refined,28,546874999.8135124,553184672.6365194,0.32305524864812074,0.01074585542868228,423.82812485547214,428.71812129330254,428.71812129330254,refined_candidate_measurement
pdv_channel_1,0.0005552850542604518,6.170542604517744e-07,candidate,refined,27,527343749.82017267,526013761.2306992,-0.06809541580426227,0.008666734345809,408.6914061106338,407.66066495379187,407.66066495379187,refined_candidate_measurement
pdv_channel_1,0.000555291454260454,6.234542604539569e-07,candidate,refined,25,488281249.83349323,497505110.2025692,0.4722616510577314,0.006411325963636269,378.41796862095725,385.5664604069911,385.5664604069911,refined_candidate_measurement
pdv_channel_1,0.0005552978542604562,6.298542604561393e-07,candidate,refined,24,468749999.84015346,465239591.4121244,-0.1797329115763773,0.0046769685181820364,363.2812498761189,360.5606833443964,360.5606833443964,refined_candidate_measurement
pdv_channel_1,0.0005553042542604583,6.362542604583217e-07,candidate,refined,22,429687499.853474,430085632.6540997,0.020384399398984985,0.0030632429314578166,333.00781238644237,333.31636530692725,333.31636530692725,refined_candidate_measurement
pdv_channel_1,0.0005553106542604605,6.426542604605042e-07,candidate,refined,20,390624999.8667946,388957067.22544205,-0.0853981512663715,0.001934924705763617,302.7343748967658,301.4417270997176,301.4417270997176,refined_candidate_measurement
pdv_channel_1,0.0005553170542604627,6.490542604626866e-07,candidate,refined,18,351562499.8801151,354156539.0188133,0.13281480394664025,0.0012476215963855765,272.4609374070892,274.4713177395803,274.4713177395803,refined_candidate_measurement
pdv_channel_1,0.0005553234542604649,6.55454260464869e-07,candidate,refined,17,332031249.8867754,322397514.97198254,-0.4932472278055921,0.0009538697064250968,257.3242186622509,249.85807410328647,249.85807410328647,refined_candidate_measurement
pdv_channel_1,0.0005553298542604671,6.618542604670515e-07,candidate,refined,16,312499999.89343566,308902850.098263,-0.18417406957564297,0.001030187233727958,242.18749991741262,239.39970882615384,239.39970882615384,refined_candidate_measurement
pdv_channel_1,0.0005553362542604693,6.682542604692339e-07,candidate,refined,15,292968749.90009594,297699404.7890656,0.24220953039784263,0.001188847922871637,227.05078117257435,230.71703871152584,230.71703871152584,refined_candidate_measurement
pdv_channel_1,0.0005553426542604714,6.746542604714164e-07,candidate,refined,15,292968749.90009594,289741436.4957833,-0.1652384463571529,0.001322562393514646,227.05078117257435,224.54961328423207,224.54961328423207,refined_candidate_measurement
pdv_channel_1,0.0005553490542604736,6.810542604735988e-07,candidate,refined,15,292968749.90009594,283733243.43983305,-0.47285793092670864,0.0012983712800646154,227.05078117257435,219.89326366587062,219.89326366587062,refined_candidate_measurement
pdv_channel_1,0.0005553554542604758,6.874542604757812e-07,candidate,refined,14,273437499.9067562,278843785.61725676,0.27680182847201984,0.0012914690736713346,211.91406242773607,216.10393385337397,216.10393385337397,refined_candidate_measurement
pdv_channel_1,0.000555361854260478,6.938542604779637e-07,candidate,refined,14,273437499.9067562,276672015.83735675,0.16560721570322046,0.0012643174033835133,211.91406242773607,214.42081227395147,214.42081227395147,refined_candidate_measurement
pdv_channel_1,0.0005553682542604802,7.002542604801461e-07,candidate,refined,14,273437499.9067562,274398927.12644297,0.049225073664748584,0.001281322000041473,211.91406242773607,212.6591685229933,212.6591685229933,refined_candidate_measurement
pdv_channel_1,0.0005553746542604824,7.066542604823286e-07,candidate,refined,14,273437499.9067562,273359720.2950507,-0.0039823161206807385,0.0012704796080244374,211.91406242773607,211.85378322866427,211.85378322866427,refined_candidate_measurement
pdv_channel_1,0.0005553810542604845,7.13054260484511e-07,candidate,refined,14,273437499.9067562,274401172.73720574,0.049340048935841346,0.0011954491223628051,211.91406242773607,212.66090887133444,212.66090887133444,refined_candidate_measurement
pdv_channel_1,0.0005553874542604867,7.194542604866934e-07,candidate,refined,14,273437499.9067562,275981550.32085073,0.13025538124605518,0.001098797085161916,211.91406242773607,213.8857014986593,213.8857014986593,refined_candidate_measurement
pdv_channel_1,0.0005553938542604889,7.258542604888759e-07,candidate,refined,14,273437499.9067562,277835861.79625857,0.22519612881931214,0.000985426173980328,211.91406242773607,215.32279289210038,215.32279289210038,refined_candidate_measurement
pdv_channel_1,0.0005554002542604911,7.322542604910583e-07,candidate,refined,14,273437499.9067562,277794746.5846395,0.22309102998369815,0.000910572706164562,211.91406242773607,215.2909286030956,215.2909286030956,refined_candidate_measurement
pdv_channel_1,0.0005554066542604933,7.386542604932407e-07,candidate,refined,14,273437499.9067562,279533155.03625447,0.31209754273673684,0.0008565729603227513,211.91406242773607,216.6381951530972,216.6381951530972,refined_candidate_measurement
pdv_channel_1,0.0005554130542604954,7.450542604954232e-07,candidate,refined,14,273437499.9067562,278395753.7239785,0.25386259552834906,0.000816830920186276,211.91406242773607,215.75670913608334,215.75670913608334,refined_candidate_measurement
pdv_channel_1,0.0005554194542604976,7.514542604976056e-07,candidate,refined,14,273437499.9067562,279195503.9900134,0.2948098091633013,0.0007583558225363513,211.91406242773607,216.3765155922604,216.3765155922604,refined_candidate_measurement
pdv_channel_1,0.0005554258542604998,7.578542604997881e-07,candidate,refined,14,273437499.9067562,282738761.79576516,0.47622460887965246,0.0007023206562662684,211.91406242773607,219.122540391718,219.122540391718,refined_candidate_measurement
pdv_channel_1,0.000555432254260502,7.642542605019705e-07,candidate,refined,15,292968749.90009594,283375030.32944816,-0.4911984421846685,0.0006765669021586479,227.05078117257435,219.61564850532233,219.61564850532233,refined_candidate_measurement
pdv_channel_1,0.0005554386542605042,7.706542605041529e-07,candidate,refined,15,292968749.90009594,283845508.29883444,-0.4671099701438766,0.0006371469388320357,227.05078117257435,219.9802689315967,219.9802689315967,refined_candidate_measurement
pdv_channel_1,0.0005554450542605064,7.770542605063354e-07,candidate,refined,15,292968749.90009594,286812698.2516605,-0.31518984450737614,0.0005883987640177141,227.05078117257435,222.2798411450369,222.2798411450369,refined_candidate_measurement
pdv_channel_1,0.0005554514542605085,7.834542605085178e-07,outside_analysis_window,outside_analysis_window,-1,,,,,,,,outside_analysis_window
pdv_channel_1,0.0005554578542605107,7.898542605107002e-07,outside_analysis_window,outside_analysis_window,-1,,,,,,,,outside_analysis_window
pdv_channel_1,0.0005554642542605129,7.962542605128827e-07,outside_analysis_window,outside_analysis_window,-1,,,,,,,,outside_analysis_window
pdv_channel_1,0.0005554706542605151,8.026542605150651e-07,outside_analysis_window,outside_analysis_window,-1,,,,,,,,outside_analysis_window
pdv_channel_1,0.0005554770542605173,8.090542605172476e-07,outside_analysis_window,outside_analysis_window,-1,,,,,,,,outside_analysis_window
pdv_channel_1,0.0005554834542605195,8.1545426051943e-07,outside_analysis_window,outside_analysis_window,-1,,,,,,,,outside_analysis_window
pdv_channel_1,0.0005554898542605216,8.218542605216124e-07,outside_analysis_window,outside_analysis_window,-1,,,,,,,,outside_analysis_window
pdv_channel_1,0.0005554962542605238,8.282542605237949e-07,outside_analysis_window,outside_analysis_window,-1,,,,,,,,outside_analysis_window
pdv_channel_1,0.000555502654260526,8.346542605259773e-07,outside_analysis_window,outside_analysis_window,-1,,,,,,,,outside_analysis_window
pdv_channel_1,0.0005555090542605282,8.410542605281597e-07,outside_analysis_window,outside_analysis_window,-1,,,,,,,,outside_analysis_window
pdv_channel_1,0.0005555154542605304,8.474542605303422e-07,outside_analysis_window,outside_analysis_window,-1,,,,,,,,outside_analysis_window
pdv_channel_1,0.0005555218542605325,8.538542605325246e-07,outside_analysis_window,outside_analysis_window,-1,,,,,,,,outside_analysis_window
pdv_channel_1,0.0005555282542605347,8.602542605347071e-07,outside_analysis_window,outside_analysis_window,-1,,,,,,,,outside_analysis_window
pdv_channel_1,0.0005555346542605369,8.666542605368895e-07,outside_analysis_window,outside_analysis_window,-1,,,,,,,,outside_analysis_window
pdv_channel_1,0.0005555410542605391,8.730542605390719e-07,outside_analysis_window,outside_analysis_window,-1,,,,,,,,outside_analysis_window
pdv_channel_1,0.0005555474542605413,8.794542605412544e-07,outside_analysis_window,outside_analysis_window,-1,,,,,,,,outside_analysis_window
pdv_channel_1,0.0005555538542605435,8.858542605434368e-07,outside_analysis_window,outside_analysis_window,-1,,,,,,,,outside_analysis_window
pdv_channel_1,0.0005555602542605456,8.922542605456192e-07,outside_analysis_window,outside_analysis_window,-1,,,,,,,,outside_analysis_window
pdv_channel_1,0.0005555666542605478,8.986542605478017e-07,outside_analysis_window,outside_analysis_window,-1,,,,,,,,outside_analysis_window
pdv_channel_1,0.00055557305426055,9.050542605499841e-07,outside_analysis_window,outside_analysis_window,-1,,,,,,,,outside_analysis_window
pdv_channel_1,0.0005555794542605522,9.114542605521666e-07,outside_analysis_window,outside_analysis_window,-1,,,,,,,,outside_analysis_window
pdv_channel_1,0.0005555858542605544,9.17854260554349e-07,outside_analysis_window,outside_analysis_window,-1,,,,,,,,outside_analysis_window
pdv_channel_1,0.0005555922542605566,9.242542605565314e-07,outside_analysis_window,outside_analysis_window,-1,,,,,,,,outside_analysis_window
pdv_channel_1,0.0005555986542605587,9.306542605587139e-07,outside_analysis_window,outside_analysis_window,-1,,,,,,,,outside_analysis_window
pdv_channel_1,0.0005556050542605609,9.370542605608963e-07,outside_analysis_window,outside_analysis_window,-1,,,,,,,,outside_analysis_window
pdv_channel_1,0.0005556114542605631,9.434542605630787e-07,outside_analysis_window,outside_analysis_window,-1,,,,,,,,outside_analysis_window
pdv_channel_1,0.0005556178542605653,9.498542605652612e-07,outside_analysis_window,outside_analysis_window,-1,,,,,,,,outside_analysis_window
pdv_channel_1,0.0005556242542605675,9.562542605674436e-07,outside_analysis_window,outside_analysis_window,-1,,,,,,,,outside_analysis_window
pdv_channel_1,0.0005556306542605696,9.62654260569626e-07,outside_analysis_window,outside_analysis_window,-1,,,,,,,,outside_analysis_window
pdv_channel_1,0.0005556370542605718,9.690542605718085e-07,outside_analysis_window,outside_analysis_window,-1,,,,,,,,outside_analysis_window
pdv_channel_1,0.000555643454260574,9.75454260573991e-07,outside_analysis_window,outside_analysis_window,-1,,,,,,,,outside_analysis_window
pdv_channel_1,0.0005556498542605762,9.818542605761734e-07,outside_analysis_window,outside_analysis_window,-1,,,,,,,,outside_analysis_window
pdv_channel_1,0.0005556562542605784,9.882542605783558e-07,outside_analysis_window,outside_analysis_window,-1,,,,,,,,outside_analysis_window
pdv_channel_1,0.0005556626542605806,9.946542605805382e-07,outside_analysis_window,outside_analysis_window,-1,,,,,,,,outside_analysis_window
pdv_channel_1,0.0005556690542605827,1.0010542605827207e-06,outside_analysis_window,outside_analysis_window,-1,,,,,,,,outside_analysis_window
pdv_channel_1,0.0005556754542605849,1.0074542605849031e-06,outside_analysis_window,outside_analysis_window,-1,,,,,,,,outside_analysis_window
pdv_channel_1,0.0005556818542605871,1.0138542605870856e-06,outside_analysis_window,outside_analysis_window,-1,,,,,,,,outside_analysis_window
pdv_channel_1,0.0005556882542605893,1.020254260589268e-06,outside_analysis_window,outside_analysis_window,-1,,,,,,,,outside_analysis_window
pdv_channel_1,0.0005556946542605915,1.0266542605914504e-06,outside_analysis_window,outside_analysis_window,-1,,,,,,,,outside_analysis_window
pdv_channel_1,0.0005557010542605937,1.0330542605936329e-06,outside_analysis_window,outside_analysis_window,-1,,,,,,,,outside_analysis_window
pdv_channel_1,0.0005557074542605958,1.0394542605958153e-06,outside_analysis_window,outside_analysis_window,-1,,,,,,,,outside_analysis_window
pdv_channel_1,0.000555713854260598,1.0458542605979977e-06,outside_analysis_window,outside_analysis_window,-1,,,,,,,,outside_analysis_window
pdv_channel_1,0.0005557202542606002,1.0522542606001802e-06,outside_analysis_window,outside_analysis_window,-1,,,,,,,,outside_analysis_window
pdv_channel_1,0.0005557266542606024,1.0586542606023626e-06,outside_analysis_window,outside_analysis_window,-1,,,,,,,,outside_analysis_window
pdv_channel_1,0.0005557330542606046,1.065054260604545e-06,outside_analysis_window,outside_analysis_window,-1,,,,,,,,outside_analysis_window
pdv_channel_1,0.0005557394542606068,1.0714542606067275e-06,outside_analysis_window,outside_analysis_window,-1,,,,,,,,outside_analysis_window
pdv_channel_1,0.0005557458542606089,1.07785426060891e-06,outside_analysis_window,outside_analysis_window,-1,,,,,,,,outside_analysis_window
pdv_channel_1,0.0005557522542606111,1.0842542606110924e-06,outside_analysis_window,outside_analysis_window,-1,,,,,,,,outside_analysis_window
pdv_channel_1,0.0005557586542606133,1.0906542606132748e-06,outside_analysis_window,outside_analysis_window,-1,,,,,,,,outside_analysis_window
pdv_channel_1,0.0005557650542606155,1.0970542606154573e-06,outside_analysis_window,outside_analysis_window,-1,,,,,,,,outside_analysis_window
pdv_channel_1,0.0005557714542606177,1.1034542606176397e-06,outside_analysis_window,outside_analysis_window,-1,,,,,,,,outside_analysis_window
pdv_channel_1,0.0005557778542606198,1.1098542606198221e-06,outside_analysis_window,outside_analysis_window,-1,,,,,,,,outside_analysis_window
pdv_channel_1,0.000555784254260622,1.1162542606220046e-06,outside_analysis_window,outside_analysis_window,-1,,,,,,,,outside_analysis_window
pdv_channel_1,0.0005557906542606242,1.122654260624187e-06,outside_analysis_window,outside_analysis_window,-1,,,,,,,,outside_analysis_window
pdv_channel_1,0.0005557970542606264,1.1290542606263694e-06,outside_analysis_window,outside_analysis_window,-1,,,,,,,,outside_analysis_window
pdv_channel_1,0.0005558034542606286,1.1354542606285519e-06,outside_analysis_window,outside_analysis_window,-1,,,,,,,,outside_analysis_window
pdv_channel_1,0.0005558098542606308,1.1418542606307343e-06,outside_analysis_window,outside_analysis_window,-1,,,,,,,,outside_analysis_window
pdv_channel_1,0.0005558162542606329,1.1482542606329168e-06,outside_analysis_window,outside_analysis_window,-1,,,,,,,,outside_analysis_window
pdv_channel_1,0.0005558226542606351,1.1546542606350992e-06,outside_analysis_window,outside_analysis_window,-1,,,,,,,,outside_analysis_window
pdv_channel_1,0.0005558290542606373,1.1610542606372816e-06,outside_analysis_window,outside_analysis_window,-1,,,,,,,,outside_analysis_window
pdv_channel_1,0.0005558354542606395,1.167454260639464e-06,outside_analysis_window,outside_analysis_window,-1,,,,,,,,outside_analysis_window
pdv_channel_1,0.0005558418542606417,1.1738542606416465e-06,outside_analysis_window,outside_analysis_window,-1,,,,,,,,outside_analysis_window
pdv_channel_1,0.0005558482542606439,1.180254260643829e-06,outside_analysis_window,outside_analysis_window,-1,,,,,,,,outside_analysis_window
pdv_channel_1,0.000555854654260646,1.1866542606460114e-06,outside_analysis_window,outside_analysis_window,-1,,,,,,,,outside_analysis_window
pdv_channel_1,0.0005558610542606482,1.1930542606481938e-06,outside_analysis_window,outside_analysis_window,-1,,,,,,,,outside_analysis_window
pdv_channel_1,0.0005558674542606504,1.1994542606503763e-06,outside_analysis_window,outside_analysis_window,-1,,,,,,,,outside_analysis_window
pdv_channel_1,0.0005558738542606526,1.2058542606525587e-06,outside_analysis_window,outside_analysis_window,-1,,,,,,,,outside_analysis_window
pdv_channel_1,0.0005558802542606548,1.2122542606547411e-06,outside_analysis_window,outside_analysis_window,-1,,,,,,,,outside_analysis_window
pdv_channel_1,0.000555886654260657,1.2186542606569236e-06,outside_analysis_window,outside_analysis_window,-1,,,,,,,,outside_analysis_window
pdv_channel_1,0.0005558930542606591,1.225054260659106e-06,outside_analysis_window,outside_analysis_window,-1,,,,,,,,outside_analysis_window
pdv_channel_1,0.0005558994542606613,1.2314542606612884e-06,outside_analysis_window,outside_analysis_window,-1,,,,,,,,outside_analysis_window
pdv_channel_1,0.0005559058542606635,1.2378542606634709e-06,outside_analysis_window,outside_analysis_window,-1,,,,,,,,outside_analysis_window
pdv_channel_1,0.0005559122542606657,1.2442542606656533e-06,outside_analysis_window,outside_analysis_window,-1,,,,,,,,outside_analysis_window
pdv_channel_1,0.0005559186542606679,1.2506542606678358e-06,outside_analysis_window,outside_analysis_window,-1,,,,,,,,outside_analysis_window
pdv_channel_1,0.00055592505426067,1.2570542606700182e-06,outside_analysis_window,outside_analysis_window,-1,,,,,,,,outside_analysis_window
pdv_channel_1,0.0005559314542606722,1.2634542606722006e-06,outside_analysis_window,outside_analysis_window,-1,,,,,,,,outside_analysis_window
pdv_channel_1,0.0005559378542606744,1.269854260674383e-06,outside_analysis_window,outside_analysis_window,-1,,,,,,,,outside_analysis_window
pdv_channel_1,0.0005559442542606766,1.2762542606765655e-06,outside_analysis_window,outside_analysis_window,-1,,,,,,,,outside_analysis_window
