case_id,preset,top_k,minimum_candidate_separation_hz,candidate_separation_resolution_factor,background_exclusion_half_width_hz,background_exclusion_resolution_factor,minimum_background_bin_count,background_contrast_weight,competitor_contrast_weight,cycles_weight,boundary_weight,refinement_failure_weight,background_reference_db,background_deficit_scale_db,competitor_reference_db,competitor_deficit_scale_db,target_cycles_in_window,frequency_step_scale_hz,continuity_weight,null_node_cost,null_stay_cost,ridge_entry_cost,ridge_exit_cost,development_status,method,frequency_rmse_hz,velocity_rmse_m_s,wrong_branch_frame_count,wrong_branch_fraction,valid_selected_coverage,null_false_negative_count,false_pre_event_detection_count,recovery_after_dropout_frames,rank_1_fraction,rank_2_fraction,rank_3_fraction,rank_4_plus_fraction,null_fraction
A_clean_ridge,conservative,5,,2.0,,2.0,2,1.5,0.75,0.5,1.0,0.5,10.0,10.0,0.0,12.0,2.0,100000000.0,1.0,0.25,0.0,3.0,3.0,development / uncalibrated,task021a_global_path,146779.2084463423,0.11375388654591528,0,0.0,1.0,0,0,,1.0,0.0,0.0,0.0,0.0
B_isolated_stronger_distractor,conservative,5,,2.0,,2.0,2,1.5,0.75,0.5,1.0,0.5,10.0,10.0,0.0,12.0,2.0,100000000.0,1.0,0.25,0.0,3.0,3.0,development / uncalibrated,task021a_global_path,160382.82171341524,0.12429668682789681,0,0.0,1.0,0,0,,0.975,0.025,0.0,0.0,0.0
C_sustained_competing_branch,conservative,5,,2.0,,2.0,2,1.5,0.75,0.5,1.0,0.5,10.0,10.0,0.0,12.0,2.0,100000000.0,1.0,0.25,0.0,3.0,3.0,development / uncalibrated,task021a_global_path,174954.3165917739,0.13558959535862478,0,0.0,1.0,0,0,,0.375,0.625,0.0,0.0,0.0
D_temporarily_weak_true_ridge,conservative,5,,2.0,,2.0,2,1.5,0.75,0.5,1.0,0.5,10.0,10.0,0.0,12.0,2.0,100000000.0,1.0,0.25,0.0,3.0,3.0,development / uncalibrated,task021a_global_path,234085.0703773244,0.18141592954242639,0,0.0,1.0,0,0,,0.875,0.125,0.0,0.0,0.0
E_temporary_dropout,conservative,5,,2.0,,2.0,2,1.5,0.75,0.5,1.0,0.5,10.0,10.0,0.0,12.0,2.0,100000000.0,1.0,0.25,0.0,3.0,3.0,development / uncalibrated,task021a_global_path,135008.76053387826,0.10463178941375564,0,0.0,1.0,0,0,0,0.925,0.0,0.0,0.0,0.075
F_shock_like_onset,conservative,5,,2.0,,2.0,2,1.5,0.75,0.5,1.0,0.5,10.0,10.0,0.0,12.0,2.0,100000000.0,1.0,0.25,0.0,3.0,3.0,development / uncalibrated,task021a_global_path,159974.8280793937,0.1239804917615301,0,0.0,1.0,0,0,,0.75,0.0,0.0,0.0,0.25
G_plateau_and_unloading,conservative,5,,2.0,,2.0,2,1.5,0.75,0.5,1.0,0.5,10.0,10.0,0.0,12.0,2.0,100000000.0,1.0,0.25,0.0,3.0,3.0,development / uncalibrated,task021a_global_path,150958.23885388472,0.11699263511176065,0,0.0,1.0,0,0,,1.0,0.0,0.0,0.0,0.0
H_pure_noise,conservative,5,,2.0,,2.0,2,1.5,0.75,0.5,1.0,0.5,10.0,10.0,0.0,12.0,2.0,100000000.0,1.0,0.25,0.0,3.0,3.0,development / uncalibrated,task021a_global_path,nan,nan,0,0.0,1.0,0,0,,0.0,0.0,0.0,0.0,1.0
A_clean_ridge,balanced,5,,2.0,,2.0,2,1.5,0.75,0.5,1.0,0.5,10.0,10.0,0.0,12.0,2.0,100000000.0,1.0,0.45,0.0,2.25,2.25,development / uncalibrated,task021a_global_path,146779.2084463423,0.11375388654591528,0,0.0,1.0,0,0,,1.0,0.0,0.0,0.0,0.0
B_isolated_stronger_distractor,balanced,5,,2.0,,2.0,2,1.5,0.75,0.5,1.0,0.5,10.0,10.0,0.0,12.0,2.0,100000000.0,1.0,0.45,0.0,2.25,2.25,development / uncalibrated,task021a_global_path,160382.82171341524,0.12429668682789681,0,0.0,1.0,0,0,,0.975,0.025,0.0,0.0,0.0
C_sustained_competing_branch,balanced,5,,2.0,,2.0,2,1.5,0.75,0.5,1.0,0.5,10.0,10.0,0.0,12.0,2.0,100000000.0,1.0,0.45,0.0,2.25,2.25,development / uncalibrated,task021a_global_path,174954.3165917739,0.13558959535862478,0,0.0,1.0,0,0,,0.375,0.625,0.0,0.0,0.0
D_temporarily_weak_true_ridge,balanced,5,,2.0,,2.0,2,1.5,0.75,0.5,1.0,0.5,10.0,10.0,0.0,12.0,2.0,100000000.0,1.0,0.45,0.0,2.25,2.25,development / uncalibrated,task021a_global_path,234085.0703773244,0.18141592954242639,0,0.0,1.0,0,0,,0.875,0.125,0.0,0.0,0.0
E_temporary_dropout,balanced,5,,2.0,,2.0,2,1.5,0.75,0.5,1.0,0.5,10.0,10.0,0.0,12.0,2.0,100000000.0,1.0,0.45,0.0,2.25,2.25,development / uncalibrated,task021a_global_path,135008.76053387826,0.10463178941375564,0,0.0,1.0,0,0,0,0.925,0.0,0.0,0.0,0.075
F_shock_like_onset,balanced,5,,2.0,,2.0,2,1.5,0.75,0.5,1.0,0.5,10.0,10.0,0.0,12.0,2.0,100000000.0,1.0,0.45,0.0,2.25,2.25,development / uncalibrated,task021a_global_path,159974.8280793937,0.1239804917615301,0,0.0,1.0,0,0,,0.75,0.0,0.0,0.0,0.25
G_plateau_and_unloading,balanced,5,,2.0,,2.0,2,1.5,0.75,0.5,1.0,0.5,10.0,10.0,0.0,12.0,2.0,100000000.0,1.0,0.45,0.0,2.25,2.25,development / uncalibrated,task021a_global_path,150958.23885388472,0.11699263511176065,0,0.0,1.0,0,0,,1.0,0.0,0.0,0.0,0.0
H_pure_noise,balanced,5,,2.0,,2.0,2,1.5,0.75,0.5,1.0,0.5,10.0,10.0,0.0,12.0,2.0,100000000.0,1.0,0.45,0.0,2.25,2.25,development / uncalibrated,task021a_global_path,nan,nan,0,0.0,1.0,0,0,,0.0,0.0,0.0,0.0,1.0
A_clean_ridge,permissive,5,,2.0,,2.0,2,1.5,0.75,0.5,1.0,0.5,10.0,10.0,0.0,12.0,2.0,100000000.0,1.0,0.65,0.0,1.5,1.5,development / uncalibrated,task021a_global_path,146779.2084463423,0.11375388654591528,0,0.0,1.0,0,0,,1.0,0.0,0.0,0.0,0.0
B_isolated_stronger_distractor,permissive,5,,2.0,,2.0,2,1.5,0.75,0.5,1.0,0.5,10.0,10.0,0.0,12.0,2.0,100000000.0,1.0,0.65,0.0,1.5,1.5,development / uncalibrated,task021a_global_path,160382.82171341524,0.12429668682789681,0,0.0,1.0,0,0,,0.975,0.025,0.0,0.0,0.0
C_sustained_competing_branch,permissive,5,,2.0,,2.0,2,1.5,0.75,0.5,1.0,0.5,10.0,10.0,0.0,12.0,2.0,100000000.0,1.0,0.65,0.0,1.5,1.5,development / uncalibrated,task021a_global_path,174954.3165917739,0.13558959535862478,0,0.0,1.0,0,0,,0.375,0.625,0.0,0.0,0.0
D_temporarily_weak_true_ridge,permissive,5,,2.0,,2.0,2,1.5,0.75,0.5,1.0,0.5,10.0,10.0,0.0,12.0,2.0,100000000.0,1.0,0.65,0.0,1.5,1.5,development / uncalibrated,task021a_global_path,234085.0703773244,0.18141592954242639,0,0.0,1.0,0,0,,0.875,0.125,0.0,0.0,0.0
E_temporary_dropout,permissive,5,,2.0,,2.0,2,1.5,0.75,0.5,1.0,0.5,10.0,10.0,0.0,12.0,2.0,100000000.0,1.0,0.65,0.0,1.5,1.5,development / uncalibrated,task021a_global_path,135008.76053387826,0.10463178941375564,0,0.0,1.0,0,0,0,0.925,0.0,0.0,0.0,0.075
F_shock_like_onset,permissive,5,,2.0,,2.0,2,1.5,0.75,0.5,1.0,0.5,10.0,10.0,0.0,12.0,2.0,100000000.0,1.0,0.65,0.0,1.5,1.5,development / uncalibrated,task021a_global_path,159974.8280793937,0.1239804917615301,0,0.0,1.0,0,0,,0.75,0.0,0.0,0.0,0.25
G_plateau_and_unloading,permissive,5,,2.0,,2.0,2,1.5,0.75,0.5,1.0,0.5,10.0,10.0,0.0,12.0,2.0,100000000.0,1.0,0.65,0.0,1.5,1.5,development / uncalibrated,task021a_global_path,150958.23885388472,0.11699263511176065,0,0.0,1.0,0,0,,1.0,0.0,0.0,0.0,0.0
H_pure_noise,permissive,5,,2.0,,2.0,2,1.5,0.75,0.5,1.0,0.5,10.0,10.0,0.0,12.0,2.0,100000000.0,1.0,0.65,0.0,1.5,1.5,development / uncalibrated,task021a_global_path,nan,nan,0,0.0,1.0,0,0,,0.0,0.0,0.0,0.0,1.0
A_clean_ridge,conservative,10,,2.0,,2.0,2,1.5,0.75,0.5,1.0,0.5,10.0,10.0,0.0,12.0,2.0,100000000.0,1.0,0.25,0.0,3.0,3.0,development / uncalibrated,task021a_global_path,146779.2084463423,0.11375388654591528,0,0.0,1.0,0,0,,1.0,0.0,0.0,0.0,0.0
B_isolated_stronger_distractor,conservative,10,,2.0,,2.0,2,1.5,0.75,0.5,1.0,0.5,10.0,10.0,0.0,12.0,2.0,100000000.0,1.0,0.25,0.0,3.0,3.0,development / uncalibrated,task021a_global_path,160382.82171341524,0.12429668682789681,0,0.0,1.0,0,0,,0.975,0.025,0.0,0.0,0.0
C_sustained_competing_branch,conservative,10,,2.0,,2.0,2,1.5,0.75,0.5,1.0,0.5,10.0,10.0,0.0,12.0,2.0,100000000.0,1.0,0.25,0.0,3.0,3.0,development / uncalibrated,task021a_global_path,174954.3165917739,0.13558959535862478,0,0.0,1.0,0,0,,0.375,0.625,0.0,0.0,0.0
D_temporarily_weak_true_ridge,conservative,10,,2.0,,2.0,2,1.5,0.75,0.5,1.0,0.5,10.0,10.0,0.0,12.0,2.0,100000000.0,1.0,0.25,0.0,3.0,3.0,development / uncalibrated,task021a_global_path,234085.0703773244,0.18141592954242639,0,0.0,1.0,0,0,,0.875,0.125,0.0,0.0,0.0
E_temporary_dropout,conservative,10,,2.0,,2.0,2,1.5,0.75,0.5,1.0,0.5,10.0,10.0,0.0,12.0,2.0,100000000.0,1.0,0.25,0.0,3.0,3.0,development / uncalibrated,task021a_global_path,135008.76053387826,0.10463178941375564,0,0.0,1.0,0,0,0,0.925,0.0,0.0,0.0,0.075
F_shock_like_onset,conservative,10,,2.0,,2.0,2,1.5,0.75,0.5,1.0,0.5,10.0,10.0,0.0,12.0,2.0,100000000.0,1.0,0.25,0.0,3.0,3.0,development / uncalibrated,task021a_global_path,159974.8280793937,0.1239804917615301,0,0.0,1.0,0,0,,0.75,0.0,0.0,0.0,0.25
G_plateau_and_unloading,conservative,10,,2.0,,2.0,2,1.5,0.75,0.5,1.0,0.5,10.0,10.0,0.0,12.0,2.0,100000000.0,1.0,0.25,0.0,3.0,3.0,development / uncalibrated,task021a_global_path,150958.23885388472,0.11699263511176065,0,0.0,1.0,0,0,,1.0,0.0,0.0,0.0,0.0
H_pure_noise,conservative,10,,2.0,,2.0,2,1.5,0.75,0.5,1.0,0.5,10.0,10.0,0.0,12.0,2.0,100000000.0,1.0,0.25,0.0,3.0,3.0,development / uncalibrated,task021a_global_path,nan,nan,0,0.0,1.0,0,0,,0.0,0.0,0.0,0.0,1.0
A_clean_ridge,balanced,10,,2.0,,2.0,2,1.5,0.75,0.5,1.0,0.5,10.0,10.0,0.0,12.0,2.0,100000000.0,1.0,0.45,0.0,2.25,2.25,development / uncalibrated,task021a_global_path,146779.2084463423,0.11375388654591528,0,0.0,1.0,0,0,,1.0,0.0,0.0,0.0,0.0
B_isolated_stronger_distractor,balanced,10,,2.0,,2.0,2,1.5,0.75,0.5,1.0,0.5,10.0,10.0,0.0,12.0,2.0,100000000.0,1.0,0.45,0.0,2.25,2.25,development / uncalibrated,task021a_global_path,160382.82171341524,0.12429668682789681,0,0.0,1.0,0,0,,0.975,0.025,0.0,0.0,0.0
C_sustained_competing_branch,balanced,10,,2.0,,2.0,2,1.5,0.75,0.5,1.0,0.5,10.0,10.0,0.0,12.0,2.0,100000000.0,1.0,0.45,0.0,2.25,2.25,development / uncalibrated,task021a_global_path,174954.3165917739,0.13558959535862478,0,0.0,1.0,0,0,,0.375,0.625,0.0,0.0,0.0
D_temporarily_weak_true_ridge,balanced,10,,2.0,,2.0,2,1.5,0.75,0.5,1.0,0.5,10.0,10.0,0.0,12.0,2.0,100000000.0,1.0,0.45,0.0,2.25,2.25,development / uncalibrated,task021a_global_path,234085.0703773244,0.18141592954242639,0,0.0,1.0,0,0,,0.875,0.125,0.0,0.0,0.0
E_temporary_dropout,balanced,10,,2.0,,2.0,2,1.5,0.75,0.5,1.0,0.5,10.0,10.0,0.0,12.0,2.0,100000000.0,1.0,0.45,0.0,2.25,2.25,development / uncalibrated,task021a_global_path,135008.76053387826,0.10463178941375564,0,0.0,1.0,0,0,0,0.925,0.0,0.0,0.0,0.075
F_shock_like_onset,balanced,10,,2.0,,2.0,2,1.5,0.75,0.5,1.0,0.5,10.0,10.0,0.0,12.0,2.0,100000000.0,1.0,0.45,0.0,2.25,2.25,development / uncalibrated,task021a_global_path,159974.8280793937,0.1239804917615301,0,0.0,1.0,0,0,,0.75,0.0,0.0,0.0,0.25
G_plateau_and_unloading,balanced,10,,2.0,,2.0,2,1.5,0.75,0.5,1.0,0.5,10.0,10.0,0.0,12.0,2.0,100000000.0,1.0,0.45,0.0,2.25,2.25,development / uncalibrated,task021a_global_path,150958.23885388472,0.11699263511176065,0,0.0,1.0,0,0,,1.0,0.0,0.0,0.0,0.0
H_pure_noise,balanced,10,,2.0,,2.0,2,1.5,0.75,0.5,1.0,0.5,10.0,10.0,0.0,12.0,2.0,100000000.0,1.0,0.45,0.0,2.25,2.25,development / uncalibrated,task021a_global_path,nan,nan,0,0.0,1.0,0,0,,0.0,0.0,0.0,0.0,1.0
A_clean_ridge,permissive,10,,2.0,,2.0,2,1.5,0.75,0.5,1.0,0.5,10.0,10.0,0.0,12.0,2.0,100000000.0,1.0,0.65,0.0,1.5,1.5,development / uncalibrated,task021a_global_path,146779.2084463423,0.11375388654591528,0,0.0,1.0,0,0,,1.0,0.0,0.0,0.0,0.0
B_isolated_stronger_distractor,permissive,10,,2.0,,2.0,2,1.5,0.75,0.5,1.0,0.5,10.0,10.0,0.0,12.0,2.0,100000000.0,1.0,0.65,0.0,1.5,1.5,development / uncalibrated,task021a_global_path,160382.82171341524,0.12429668682789681,0,0.0,1.0,0,0,,0.975,0.025,0.0,0.0,0.0
C_sustained_competing_branch,permissive,10,,2.0,,2.0,2,1.5,0.75,0.5,1.0,0.5,10.0,10.0,0.0,12.0,2.0,100000000.0,1.0,0.65,0.0,1.5,1.5,development / uncalibrated,task021a_global_path,174954.3165917739,0.13558959535862478,0,0.0,1.0,0,0,,0.375,0.625,0.0,0.0,0.0
D_temporarily_weak_true_ridge,permissive,10,,2.0,,2.0,2,1.5,0.75,0.5,1.0,0.5,10.0,10.0,0.0,12.0,2.0,100000000.0,1.0,0.65,0.0,1.5,1.5,development / uncalibrated,task021a_global_path,234085.0703773244,0.18141592954242639,0,0.0,1.0,0,0,,0.875,0.125,0.0,0.0,0.0
E_temporary_dropout,permissive,10,,2.0,,2.0,2,1.5,0.75,0.5,1.0,0.5,10.0,10.0,0.0,12.0,2.0,100000000.0,1.0,0.65,0.0,1.5,1.5,development / uncalibrated,task021a_global_path,135008.76053387826,0.10463178941375564,0,0.0,1.0,0,0,0,0.925,0.0,0.0,0.0,0.075
F_shock_like_onset,permissive,10,,2.0,,2.0,2,1.5,0.75,0.5,1.0,0.5,10.0,10.0,0.0,12.0,2.0,100000000.0,1.0,0.65,0.0,1.5,1.5,development / uncalibrated,task021a_global_path,159974.8280793937,0.1239804917615301,0,0.0,1.0,0,0,,0.75,0.0,0.0,0.0,0.25
G_plateau_and_unloading,permissive,10,,2.0,,2.0,2,1.5,0.75,0.5,1.0,0.5,10.0,10.0,0.0,12.0,2.0,100000000.0,1.0,0.65,0.0,1.5,1.5,development / uncalibrated,task021a_global_path,150958.23885388472,0.11699263511176065,0,0.0,1.0,0,0,,1.0,0.0,0.0,0.0,0.0
H_pure_noise,permissive,10,,2.0,,2.0,2,1.5,0.75,0.5,1.0,0.5,10.0,10.0,0.0,12.0,2.0,100000000.0,1.0,0.65,0.0,1.5,1.5,development / uncalibrated,task021a_global_path,nan,nan,0,0.0,1.0,0,0,,0.0,0.0,0.0,0.0,1.0
A_clean_ridge,conservative,15,,2.0,,2.0,2,1.5,0.75,0.5,1.0,0.5,10.0,10.0,0.0,12.0,2.0,100000000.0,1.0,0.25,0.0,3.0,3.0,development / uncalibrated,task021a_global_path,146779.2084463423,0.11375388654591528,0,0.0,1.0,0,0,,1.0,0.0,0.0,0.0,0.0
B_isolated_stronger_distractor,conservative,15,,2.0,,2.0,2,1.5,0.75,0.5,1.0,0.5,10.0,10.0,0.0,12.0,2.0,100000000.0,1.0,0.25,0.0,3.0,3.0,development / uncalibrated,task021a_global_path,160382.82171341524,0.12429668682789681,0,0.0,1.0,0,0,,0.975,0.025,0.0,0.0,0.0
C_sustained_competing_branch,conservative,15,,2.0,,2.0,2,1.5,0.75,0.5,1.0,0.5,10.0,10.0,0.0,12.0,2.0,100000000.0,1.0,0.25,0.0,3.0,3.0,development / uncalibrated,task021a_global_path,174954.3165917739,0.13558959535862478,0,0.0,1.0,0,0,,0.375,0.625,0.0,0.0,0.0
D_temporarily_weak_true_ridge,conservative,15,,2.0,,2.0,2,1.5,0.75,0.5,1.0,0.5,10.0,10.0,0.0,12.0,2.0,100000000.0,1.0,0.25,0.0,3.0,3.0,development / uncalibrated,task021a_global_path,234085.0703773244,0.18141592954242639,0,0.0,1.0,0,0,,0.875,0.125,0.0,0.0,0.0
E_temporary_dropout,conservative,15,,2.0,,2.0,2,1.5,0.75,0.5,1.0,0.5,10.0,10.0,0.0,12.0,2.0,100000000.0,1.0,0.25,0.0,3.0,3.0,development / uncalibrated,task021a_global_path,135008.76053387826,0.10463178941375564,0,0.0,1.0,0,0,0,0.925,0.0,0.0,0.0,0.075
F_shock_like_onset,conservative,15,,2.0,,2.0,2,1.5,0.75,0.5,1.0,0.5,10.0,10.0,0.0,12.0,2.0,100000000.0,1.0,0.25,0.0,3.0,3.0,development / uncalibrated,task021a_global_path,159974.8280793937,0.1239804917615301,0,0.0,1.0,0,0,,0.75,0.0,0.0,0.0,0.25
G_plateau_and_unloading,conservative,15,,2.0,,2.0,2,1.5,0.75,0.5,1.0,0.5,10.0,10.0,0.0,12.0,2.0,100000000.0,1.0,0.25,0.0,3.0,3.0,development / uncalibrated,task021a_global_path,150958.23885388472,0.11699263511176065,0,0.0,1.0,0,0,,1.0,0.0,0.0,0.0,0.0
H_pure_noise,conservative,15,,2.0,,2.0,2,1.5,0.75,0.5,1.0,0.5,10.0,10.0,0.0,12.0,2.0,100000000.0,1.0,0.25,0.0,3.0,3.0,development / uncalibrated,task021a_global_path,nan,nan,0,0.0,1.0,0,0,,0.0,0.0,0.0,0.0,1.0
A_clean_ridge,balanced,15,,2.0,,2.0,2,1.5,0.75,0.5,1.0,0.5,10.0,10.0,0.0,12.0,2.0,100000000.0,1.0,0.45,0.0,2.25,2.25,development / uncalibrated,task021a_global_path,146779.2084463423,0.11375388654591528,0,0.0,1.0,0,0,,1.0,0.0,0.0,0.0,0.0
B_isolated_stronger_distractor,balanced,15,,2.0,,2.0,2,1.5,0.75,0.5,1.0,0.5,10.0,10.0,0.0,12.0,2.0,100000000.0,1.0,0.45,0.0,2.25,2.25,development / uncalibrated,task021a_global_path,160382.82171341524,0.12429668682789681,0,0.0,1.0,0,0,,0.975,0.025,0.0,0.0,0.0
C_sustained_competing_branch,balanced,15,,2.0,,2.0,2,1.5,0.75,0.5,1.0,0.5,10.0,10.0,0.0,12.0,2.0,100000000.0,1.0,0.45,0.0,2.25,2.25,development / uncalibrated,task021a_global_path,174954.3165917739,0.13558959535862478,0,0.0,1.0,0,0,,0.375,0.625,0.0,0.0,0.0
D_temporarily_weak_true_ridge,balanced,15,,2.0,,2.0,2,1.5,0.75,0.5,1.0,0.5,10.0,10.0,0.0,12.0,2.0,100000000.0,1.0,0.45,0.0,2.25,2.25,development / uncalibrated,task021a_global_path,234085.0703773244,0.18141592954242639,0,0.0,1.0,0,0,,0.875,0.125,0.0,0.0,0.0
E_temporary_dropout,balanced,15,,2.0,,2.0,2,1.5,0.75,0.5,1.0,0.5,10.0,10.0,0.0,12.0,2.0,100000000.0,1.0,0.45,0.0,2.25,2.25,development / uncalibrated,task021a_global_path,135008.76053387826,0.10463178941375564,0,0.0,1.0,0,0,0,0.925,0.0,0.0,0.0,0.075
F_shock_like_onset,balanced,15,,2.0,,2.0,2,1.5,0.75,0.5,1.0,0.5,10.0,10.0,0.0,12.0,2.0,100000000.0,1.0,0.45,0.0,2.25,2.25,development / uncalibrated,task021a_global_path,159974.8280793937,0.1239804917615301,0,0.0,1.0,0,0,,0.75,0.0,0.0,0.0,0.25
G_plateau_and_unloading,balanced,15,,2.0,,2.0,2,1.5,0.75,0.5,1.0,0.5,10.0,10.0,0.0,12.0,2.0,100000000.0,1.0,0.45,0.0,2.25,2.25,development / uncalibrated,task021a_global_path,150958.23885388472,0.11699263511176065,0,0.0,1.0,0,0,,1.0,0.0,0.0,0.0,0.0
H_pure_noise,balanced,15,,2.0,,2.0,2,1.5,0.75,0.5,1.0,0.5,10.0,10.0,0.0,12.0,2.0,100000000.0,1.0,0.45,0.0,2.25,2.25,development / uncalibrated,task021a_global_path,nan,nan,0,0.0,1.0,0,0,,0.0,0.0,0.0,0.0,1.0
A_clean_ridge,permissive,15,,2.0,,2.0,2,1.5,0.75,0.5,1.0,0.5,10.0,10.0,0.0,12.0,2.0,100000000.0,1.0,0.65,0.0,1.5,1.5,development / uncalibrated,task021a_global_path,146779.2084463423,0.11375388654591528,0,0.0,1.0,0,0,,1.0,0.0,0.0,0.0,0.0
B_isolated_stronger_distractor,permissive,15,,2.0,,2.0,2,1.5,0.75,0.5,1.0,0.5,10.0,10.0,0.0,12.0,2.0,100000000.0,1.0,0.65,0.0,1.5,1.5,development / uncalibrated,task021a_global_path,160382.82171341524,0.12429668682789681,0,0.0,1.0,0,0,,0.975,0.025,0.0,0.0,0.0
C_sustained_competing_branch,permissive,15,,2.0,,2.0,2,1.5,0.75,0.5,1.0,0.5,10.0,10.0,0.0,12.0,2.0,100000000.0,1.0,0.65,0.0,1.5,1.5,development / uncalibrated,task021a_global_path,174954.3165917739,0.13558959535862478,0,0.0,1.0,0,0,,0.375,0.625,0.0,0.0,0.0
D_temporarily_weak_true_ridge,permissive,15,,2.0,,2.0,2,1.5,0.75,0.5,1.0,0.5,10.0,10.0,0.0,12.0,2.0,100000000.0,1.0,0.65,0.0,1.5,1.5,development / uncalibrated,task021a_global_path,234085.0703773244,0.18141592954242639,0,0.0,1.0,0,0,,0.875,0.125,0.0,0.0,0.0
E_temporary_dropout,permissive,15,,2.0,,2.0,2,1.5,0.75,0.5,1.0,0.5,10.0,10.0,0.0,12.0,2.0,100000000.0,1.0,0.65,0.0,1.5,1.5,development / uncalibrated,task021a_global_path,135008.76053387826,0.10463178941375564,0,0.0,1.0,0,0,0,0.925,0.0,0.0,0.0,0.075
F_shock_like_onset,permissive,15,,2.0,,2.0,2,1.5,0.75,0.5,1.0,0.5,10.0,10.0,0.0,12.0,2.0,100000000.0,1.0,0.65,0.0,1.5,1.5,development / uncalibrated,task021a_global_path,159974.8280793937,0.1239804917615301,0,0.0,1.0,0,0,,0.75,0.0,0.0,0.0,0.25
G_plateau_and_unloading,permissive,15,,2.0,,2.0,2,1.5,0.75,0.5,1.0,0.5,10.0,10.0,0.0,12.0,2.0,100000000.0,1.0,0.65,0.0,1.5,1.5,development / uncalibrated,task021a_global_path,150958.23885388472,0.11699263511176065,0,0.0,1.0,0,0,,1.0,0.0,0.0,0.0,0.0
H_pure_noise,permissive,15,,2.0,,2.0,2,1.5,0.75,0.5,1.0,0.5,10.0,10.0,0.0,12.0,2.0,100000000.0,1.0,0.65,0.0,1.5,1.5,development / uncalibrated,task021a_global_path,nan,nan,0,0.0,1.0,0,0,,0.0,0.0,0.0,0.0,1.0
A_clean_ridge,conservative,20,,2.0,,2.0,2,1.5,0.75,0.5,1.0,0.5,10.0,10.0,0.0,12.0,2.0,100000000.0,1.0,0.25,0.0,3.0,3.0,development / uncalibrated,task021a_global_path,146779.2084463423,0.11375388654591528,0,0.0,1.0,0,0,,1.0,0.0,0.0,0.0,0.0
B_isolated_stronger_distractor,conservative,20,,2.0,,2.0,2,1.5,0.75,0.5,1.0,0.5,10.0,10.0,0.0,12.0,2.0,100000000.0,1.0,0.25,0.0,3.0,3.0,development / uncalibrated,task021a_global_path,160382.82171341524,0.12429668682789681,0,0.0,1.0,0,0,,0.975,0.025,0.0,0.0,0.0
C_sustained_competing_branch,conservative,20,,2.0,,2.0,2,1.5,0.75,0.5,1.0,0.5,10.0,10.0,0.0,12.0,2.0,100000000.0,1.0,0.25,0.0,3.0,3.0,development / uncalibrated,task021a_global_path,174954.3165917739,0.13558959535862478,0,0.0,1.0,0,0,,0.375,0.625,0.0,0.0,0.0
D_temporarily_weak_true_ridge,conservative,20,,2.0,,2.0,2,1.5,0.75,0.5,1.0,0.5,10.0,10.0,0.0,12.0,2.0,100000000.0,1.0,0.25,0.0,3.0,3.0,development / uncalibrated,task021a_global_path,234085.0703773244,0.18141592954242639,0,0.0,1.0,0,0,,0.875,0.125,0.0,0.0,0.0
E_temporary_dropout,conservative,20,,2.0,,2.0,2,1.5,0.75,0.5,1.0,0.5,10.0,10.0,0.0,12.0,2.0,100000000.0,1.0,0.25,0.0,3.0,3.0,development / uncalibrated,task021a_global_path,135008.76053387826,0.10463178941375564,0,0.0,1.0,0,0,0,0.925,0.0,0.0,0.0,0.075
F_shock_like_onset,conservative,20,,2.0,,2.0,2,1.5,0.75,0.5,1.0,0.5,10.0,10.0,0.0,12.0,2.0,100000000.0,1.0,0.25,0.0,3.0,3.0,development / uncalibrated,task021a_global_path,159974.8280793937,0.1239804917615301,0,0.0,1.0,0,0,,0.75,0.0,0.0,0.0,0.25
G_plateau_and_unloading,conservative,20,,2.0,,2.0,2,1.5,0.75,0.5,1.0,0.5,10.0,10.0,0.0,12.0,2.0,100000000.0,1.0,0.25,0.0,3.0,3.0,development / uncalibrated,task021a_global_path,150958.23885388472,0.11699263511176065,0,0.0,1.0,0,0,,1.0,0.0,0.0,0.0,0.0
H_pure_noise,conservative,20,,2.0,,2.0,2,1.5,0.75,0.5,1.0,0.5,10.0,10.0,0.0,12.0,2.0,100000000.0,1.0,0.25,0.0,3.0,3.0,development / uncalibrated,task021a_global_path,nan,nan,0,0.0,1.0,0,0,,0.0,0.0,0.0,0.0,1.0
A_clean_ridge,balanced,20,,2.0,,2.0,2,1.5,0.75,0.5,1.0,0.5,10.0,10.0,0.0,12.0,2.0,100000000.0,1.0,0.45,0.0,2.25,2.25,development / uncalibrated,task021a_global_path,146779.2084463423,0.11375388654591528,0,0.0,1.0,0,0,,1.0,0.0,0.0,0.0,0.0
B_isolated_stronger_distractor,balanced,20,,2.0,,2.0,2,1.5,0.75,0.5,1.0,0.5,10.0,10.0,0.0,12.0,2.0,100000000.0,1.0,0.45,0.0,2.25,2.25,development / uncalibrated,task021a_global_path,160382.82171341524,0.12429668682789681,0,0.0,1.0,0,0,,0.975,0.025,0.0,0.0,0.0
C_sustained_competing_branch,balanced,20,,2.0,,2.0,2,1.5,0.75,0.5,1.0,0.5,10.0,10.0,0.0,12.0,2.0,100000000.0,1.0,0.45,0.0,2.25,2.25,development / uncalibrated,task021a_global_path,174954.3165917739,0.13558959535862478,0,0.0,1.0,0,0,,0.375,0.625,0.0,0.0,0.0
D_temporarily_weak_true_ridge,balanced,20,,2.0,,2.0,2,1.5,0.75,0.5,1.0,0.5,10.0,10.0,0.0,12.0,2.0,100000000.0,1.0,0.45,0.0,2.25,2.25,development / uncalibrated,task021a_global_path,234085.0703773244,0.18141592954242639,0,0.0,1.0,0,0,,0.875,0.125,0.0,0.0,0.0
E_temporary_dropout,balanced,20,,2.0,,2.0,2,1.5,0.75,0.5,1.0,0.5,10.0,10.0,0.0,12.0,2.0,100000000.0,1.0,0.45,0.0,2.25,2.25,development / uncalibrated,task021a_global_path,135008.76053387826,0.10463178941375564,0,0.0,1.0,0,0,0,0.925,0.0,0.0,0.0,0.075
F_shock_like_onset,balanced,20,,2.0,,2.0,2,1.5,0.75,0.5,1.0,0.5,10.0,10.0,0.0,12.0,2.0,100000000.0,1.0,0.45,0.0,2.25,2.25,development / uncalibrated,task021a_global_path,159974.8280793937,0.1239804917615301,0,0.0,1.0,0,0,,0.75,0.0,0.0,0.0,0.25
G_plateau_and_unloading,balanced,20,,2.0,,2.0,2,1.5,0.75,0.5,1.0,0.5,10.0,10.0,0.0,12.0,2.0,100000000.0,1.0,0.45,0.0,2.25,2.25,development / uncalibrated,task021a_global_path,150958.23885388472,0.11699263511176065,0,0.0,1.0,0,0,,1.0,0.0,0.0,0.0,0.0
H_pure_noise,balanced,20,,2.0,,2.0,2,1.5,0.75,0.5,1.0,0.5,10.0,10.0,0.0,12.0,2.0,100000000.0,1.0,0.45,0.0,2.25,2.25,development / uncalibrated,task021a_global_path,nan,nan,0,0.0,1.0,0,0,,0.0,0.0,0.0,0.0,1.0
A_clean_ridge,permissive,20,,2.0,,2.0,2,1.5,0.75,0.5,1.0,0.5,10.0,10.0,0.0,12.0,2.0,100000000.0,1.0,0.65,0.0,1.5,1.5,development / uncalibrated,task021a_global_path,146779.2084463423,0.11375388654591528,0,0.0,1.0,0,0,,1.0,0.0,0.0,0.0,0.0
B_isolated_stronger_distractor,permissive,20,,2.0,,2.0,2,1.5,0.75,0.5,1.0,0.5,10.0,10.0,0.0,12.0,2.0,100000000.0,1.0,0.65,0.0,1.5,1.5,development / uncalibrated,task021a_global_path,160382.82171341524,0.12429668682789681,0,0.0,1.0,0,0,,0.975,0.025,0.0,0.0,0.0
C_sustained_competing_branch,permissive,20,,2.0,,2.0,2,1.5,0.75,0.5,1.0,0.5,10.0,10.0,0.0,12.0,2.0,100000000.0,1.0,0.65,0.0,1.5,1.5,development / uncalibrated,task021a_global_path,174954.3165917739,0.13558959535862478,0,0.0,1.0,0,0,,0.375,0.625,0.0,0.0,0.0
D_temporarily_weak_true_ridge,permissive,20,,2.0,,2.0,2,1.5,0.75,0.5,1.0,0.5,10.0,10.0,0.0,12.0,2.0,100000000.0,1.0,0.65,0.0,1.5,1.5,development / uncalibrated,task021a_global_path,234085.0703773244,0.18141592954242639,0,0.0,1.0,0,0,,0.875,0.125,0.0,0.0,0.0
E_temporary_dropout,permissive,20,,2.0,,2.0,2,1.5,0.75,0.5,1.0,0.5,10.0,10.0,0.0,12.0,2.0,100000000.0,1.0,0.65,0.0,1.5,1.5,development / uncalibrated,task021a_global_path,135008.76053387826,0.10463178941375564,0,0.0,1.0,0,0,0,0.925,0.0,0.0,0.0,0.075
F_shock_like_onset,permissive,20,,2.0,,2.0,2,1.5,0.75,0.5,1.0,0.5,10.0,10.0,0.0,12.0,2.0,100000000.0,1.0,0.65,0.0,1.5,1.5,development / uncalibrated,task021a_global_path,159974.8280793937,0.1239804917615301,0,0.0,1.0,0,0,,0.75,0.0,0.0,0.0,0.25
G_plateau_and_unloading,permissive,20,,2.0,,2.0,2,1.5,0.75,0.5,1.0,0.5,10.0,10.0,0.0,12.0,2.0,100000000.0,1.0,0.65,0.0,1.5,1.5,development / uncalibrated,task021a_global_path,150958.23885388472,0.11699263511176065,0,0.0,1.0,0,0,,1.0,0.0,0.0,0.0,0.0
H_pure_noise,permissive,20,,2.0,,2.0,2,1.5,0.75,0.5,1.0,0.5,10.0,10.0,0.0,12.0,2.0,100000000.0,1.0,0.65,0.0,1.5,1.5,development / uncalibrated,task021a_global_path,nan,nan,0,0.0,1.0,0,0,,0.0,0.0,0.0,0.0,1.0
