source,channel,window_name,event_candidate_time_s,compatibility_event_candidate_time_s,measured_count,nan_count,continuity_reselection_count,formal_velocity_finite_count,ambiguous_peak_count,boundary_count,selected_ridge_difference_vs_hann_count,selected_ridge_finite_pair_max_abs_difference_hz,formal_isolated_jump_count
20260607.csv,pdv_channel_1,hann,0.0005546642542602401,0.0005540818542600415,392,228,0,392,122,21,0,0.0,0
20260607.csv,pdv_channel_2,hann,0.0005546674542602412,0.0005546674542602412,379,241,0,379,65,95,0,0.0,0
20260607.csv,pdv_channel_1,hamming,0.0005546642542602401,0.0005540786542600404,409,211,0,409,111,4,552,530669981.00635624,1
20260607.csv,pdv_channel_2,hamming,0.0005546642542602401,0.0005546642542602401,384,236,0,384,72,47,459,599038431.1938936,0
20260607.csv,pdv_channel_1,blackman,0.0005546642542602401,0.0005546642542602401,387,233,0,387,113,67,502,11876357.026443005,0
20260607.csv,pdv_channel_2,blackman,0.0005546674542602412,0.0005546674542602412,370,250,0,370,53,152,425,12819147.819511652,0
20260607.csv,pdv_channel_1,blackmanharris,0.0005546674542602412,0.0005546674542602412,377,243,1,377,93,108,502,172916775.51182985,0
20260607.csv,pdv_channel_2,blackmanharris,0.0005546706542602423,0.0005546706542602423,368,252,0,368,40,183,425,35139523.64059484,0
20260607.csv,pdv_channel_1,boxcar,0.0005540722542600382,0.0005540722542600382,425,195,1,425,96,0,620,1608661881.1422496,10
20260607.csv,pdv_channel_2,boxcar,0.0005546642542602401,0.0005540850542600426,393,227,1,393,54,0,608,1793046012.1418772,17
20260701.csv,pdv_channel_1,hann,0.0006568440663402226,0.000656402466340072,341,279,0,341,112,87,0,0.0,0
20260701.csv,pdv_channel_2,hann,0.0006568440663402226,0.0006568440663402226,313,307,0,313,91,169,0,0.0,0
20260701.csv,pdv_channel_1,hamming,0.0006568440663402226,0.000656402466340072,366,254,0,366,111,35,495,914910727.5312148,0
20260701.csv,pdv_channel_2,hamming,0.0006568440663402226,0.0006568440663402226,320,300,0,320,115,96,407,24936120.065621734,0
20260701.csv,pdv_channel_1,blackman,0.0006568440663402226,0.0006568440663402226,326,294,0,326,97,150,441,1698429029.510872,0
20260701.csv,pdv_channel_2,blackman,0.0006568472663402236,0.0006568472663402236,308,312,0,308,68,233,361,12526106.777841687,0
20260701.csv,pdv_channel_1,blackmanharris,0.0006568472663402236,0.0006568472663402236,319,301,0,319,77,191,441,1698772462.2173064,0
20260701.csv,pdv_channel_2,blackmanharris,0.0006568472663402236,0.0006568472663402236,307,313,0,307,39,266,361,355393926.595347,0
20260701.csv,pdv_channel_1,boxcar,0.0006568408663402215,0.0006563640663400589,417,203,2,417,109,0,620,1877247200.9908948,14
20260701.csv,pdv_channel_2,boxcar,0.0006568408663402215,0.0006563096663400403,395,225,10,395,106,0,620,1761279129.7866998,17
20260630-1.csv,pdv_channel_1,hann,0.0007462228149907737,0.0007461172149907377,820,737,0,820,94,569,0,0.0,0
20260630-1.csv,pdv_channel_2,hann,0.0007462228149907737,0.0007461940149907639,770,787,1,770,115,609,0,0.0,0
20260630-1.csv,pdv_channel_1,hamming,0.0007461652149907541,0.0007439796149900088,856,701,1,856,129,458,980,626352002.7370658,0
20260630-1.csv,pdv_channel_2,hamming,0.0007462228149907737,0.0007447444149902696,820,737,1,820,135,497,926,708328981.1294987,0
20260630-1.csv,pdv_channel_1,blackman,0.0007462228149907737,0.0007461940149907639,787,770,0,787,85,640,931,264609272.9243995,0
20260630-1.csv,pdv_channel_2,blackman,0.0007462228149907737,0.0007462228149907737,705,852,1,705,129,687,872,266000449.22817454,0
20260630-1.csv,pdv_channel_1,blackmanharris,0.0007462228149907737,0.0007461940149907639,754,803,0,754,96,671,931,250191518.5856061,0
20260630-1.csv,pdv_channel_2,blackmanharris,0.0007462228149907737,0.0007462228149907737,647,910,0,647,164,709,872,297361987.20158863,0
20260630-1.csv,pdv_channel_1,boxcar,0.0007439636149900033,0.0007439636149900033,1138,419,17,1138,211,0,1557,1760774570.8129802,34
20260630-1.csv,pdv_channel_2,boxcar,0.0007440756149900415,0.0007439828149900099,1030,527,8,1030,217,0,1554,1727954615.054821,50
