channel_name,time_absolute_s,time_relative_s,beat_frequency_hz,apparent_velocity_m_s,quality_flag
pdv_channel_1,0.0005539730542600044,-6.949457399956253e-07,nan,nan,pre_event
pdv_channel_1,0.00055397945426000658,-6.8854573999344287e-07,nan,nan,pre_event
pdv_channel_1,0.00055398585426000876,-6.8214573999126043e-07,nan,nan,pre_event
pdv_channel_1,0.00055399225426001095,-6.7574573998907799e-07,nan,nan,pre_event
pdv_channel_1,0.00055399865426001313,-6.6934573998689555e-07,nan,nan,pre_event
pdv_channel_1,0.00055400505426001531,-6.6294573998471312e-07,nan,nan,pre_event
pdv_channel_1,0.00055401145426001749,-6.5654573998253068e-07,nan,nan,pre_event
pdv_channel_1,0.00055401785426001967,-6.5014573998034824e-07,nan,nan,pre_event
pdv_channel_1,0.00055402425426002186,-6.437457399781658e-07,nan,nan,pre_event
pdv_channel_1,0.00055403065426002404,-6.3734573997598336e-07,nan,nan,pre_event
pdv_channel_1,0.00055403705426002622,-6.3094573997380093e-07,nan,nan,pre_event
pdv_channel_1,0.0005540434542600284,-6.2454573997161849e-07,nan,nan,pre_event
pdv_channel_1,0.00055404985426003059,-6.1814573996943605e-07,nan,nan,pre_event
pdv_channel_1,0.00055405625426003277,-6.1174573996725361e-07,nan,nan,pre_event
pdv_channel_1,0.00055406265426003495,-6.0534573996507118e-07,nan,nan,pre_event
pdv_channel_1,0.00055406905426003713,-5.9894573996288874e-07,nan,nan,pre_event
pdv_channel_1,0.00055407545426003932,-5.925457399607063e-07,nan,nan,pre_event
pdv_channel_1,0.0005540818542600415,-5.8614573995852386e-07,nan,nan,pre_event
pdv_channel_1,0.00055408825426004368,-5.7974573995634143e-07,nan,nan,pre_event
pdv_channel_1,0.00055409465426004586,-5.7334573995415899e-07,nan,nan,pre_event
pdv_channel_1,0.00055410105426004805,-5.6694573995197655e-07,nan,nan,pre_event
pdv_channel_1,0.00055410745426005023,-5.6054573994979411e-07,nan,nan,pre_event
pdv_channel_1,0.00055411385426005241,-5.5414573994761167e-07,nan,nan,pre_event
pdv_channel_1,0.00055412025426005459,-5.4774573994542924e-07,nan,nan,pre_event
pdv_channel_1,0.00055412665426005678,-5.413457399432468e-07,nan,nan,pre_event
pdv_channel_1,0.00055413305426005896,-5.3494573994106436e-07,nan,nan,pre_event
pdv_channel_1,0.00055413945426006114,-5.2854573993888192e-07,nan,nan,pre_event
pdv_channel_1,0.00055414585426006332,-5.2214573993669949e-07,nan,nan,pre_event
pdv_channel_1,0.00055415225426006551,-5.1574573993451705e-07,nan,nan,pre_event
pdv_channel_1,0.00055415865426006769,-5.0934573993233461e-07,nan,nan,pre_event
pdv_channel_1,0.00055416505426006987,-5.0294573993015217e-07,nan,nan,pre_event
pdv_channel_1,0.00055417145426007205,-4.9654573992796974e-07,nan,nan,pre_event
pdv_channel_1,0.00055417785426007424,-4.901457399257873e-07,nan,nan,pre_event
pdv_channel_1,0.00055418425426007642,-4.8374573992360486e-07,nan,nan,pre_event
pdv_channel_1,0.0005541906542600786,-4.7734573992142242e-07,nan,nan,pre_event
pdv_channel_1,0.00055419705426008078,-4.7094573991923998e-07,nan,nan,pre_event
pdv_channel_1,0.00055420345426008297,-4.6454573991705755e-07,nan,nan,pre_event
pdv_channel_1,0.00055420985426008515,-4.5814573991487511e-07,nan,nan,pre_event
pdv_channel_1,0.00055421625426008733,-4.5174573991269267e-07,nan,nan,pre_event
pdv_channel_1,0.00055422265426008951,-4.4534573991051023e-07,nan,nan,pre_event
pdv_channel_1,0.0005542290542600917,-4.389457399083278e-07,nan,nan,pre_event
pdv_channel_1,0.00055423545426009388,-4.3254573990614536e-07,nan,nan,pre_event
pdv_channel_1,0.00055424185426009606,-4.2614573990396292e-07,nan,nan,pre_event
pdv_channel_1,0.00055424825426009824,-4.1974573990178048e-07,nan,nan,pre_event
pdv_channel_1,0.00055425465426010042,-4.1334573989959805e-07,nan,nan,pre_event
pdv_channel_1,0.00055426105426010261,-4.0694573989741561e-07,nan,nan,pre_event
pdv_channel_1,0.00055426745426010479,-4.0054573989523317e-07,nan,nan,pre_event
pdv_channel_1,0.00055427385426010697,-3.9414573989305073e-07,nan,nan,pre_event
pdv_channel_1,0.00055428025426010915,-3.8774573989086829e-07,nan,nan,pre_event
pdv_channel_1,0.00055428665426011134,-3.8134573988868586e-07,nan,nan,pre_event
pdv_channel_1,0.00055429305426011352,-3.7494573988650342e-07,nan,nan,pre_event
pdv_channel_1,0.0005542994542601157,-3.6854573988432098e-07,nan,nan,pre_event
pdv_channel_1,0.00055430585426011788,-3.6214573988213854e-07,nan,nan,pre_event
pdv_channel_1,0.00055431225426012007,-3.5574573987995611e-07,nan,nan,pre_event
pdv_channel_1,0.00055431865426012225,-3.4934573987777367e-07,nan,nan,pre_event
pdv_channel_1,0.00055432505426012443,-3.4294573987559123e-07,nan,nan,pre_event
pdv_channel_1,0.00055433145426012661,-3.3654573987340879e-07,nan,nan,pre_event
pdv_channel_1,0.0005543378542601288,-3.3014573987122636e-07,nan,nan,pre_event
pdv_channel_1,0.00055434425426013098,-3.2374573986904392e-07,nan,nan,pre_event
pdv_channel_1,0.00055435065426013316,-3.1734573986686148e-07,nan,nan,pre_event
pdv_channel_1,0.00055435705426013534,-3.1094573986467904e-07,nan,nan,pre_event
pdv_channel_1,0.00055436345426013753,-3.045457398624966e-07,nan,nan,pre_event
pdv_channel_1,0.00055436985426013971,-2.9814573986031417e-07,nan,nan,pre_event
pdv_channel_1,0.00055437625426014189,-2.9174573985813173e-07,nan,nan,pre_event
pdv_channel_1,0.00055438265426014407,-2.8534573985594929e-07,nan,nan,pre_event
pdv_channel_1,0.00055438905426014626,-2.7894573985376685e-07,nan,nan,pre_event
pdv_channel_1,0.00055439545426014844,-2.7254573985158442e-07,nan,nan,pre_event
pdv_channel_1,0.00055440185426015062,-2.6614573984940198e-07,nan,nan,pre_event
pdv_channel_1,0.0005544082542601528,-2.5974573984721954e-07,nan,nan,pre_event
pdv_channel_1,0.00055441465426015499,-2.533457398450371e-07,nan,nan,pre_event
pdv_channel_1,0.00055442105426015717,-2.4694573984285467e-07,nan,nan,pre_event
pdv_channel_1,0.00055442745426015935,-2.4054573984067223e-07,nan,nan,pre_event
pdv_channel_1,0.00055443385426016153,-2.3414573983848979e-07,nan,nan,pre_event
pdv_channel_1,0.00055444025426016372,-2.2774573983630735e-07,nan,nan,pre_event
pdv_channel_1,0.0005544466542601659,-2.2134573983412491e-07,nan,nan,pre_event
pdv_channel_1,0.00055445305426016808,-2.1494573983194248e-07,nan,nan,pre_event
pdv_channel_1,0.00055445945426017026,-2.0854573982976004e-07,nan,nan,pre_event
pdv_channel_1,0.00055446585426017245,-2.021457398275776e-07,nan,nan,pre_event
pdv_channel_1,0.00055447225426017463,-1.9574573982539516e-07,nan,nan,pre_event
pdv_channel_1,0.00055447865426017681,-1.8934573982321273e-07,nan,nan,pre_event
pdv_channel_1,0.00055448505426017899,-1.8294573982103029e-07,nan,nan,pre_event
pdv_channel_1,0.00055449145426018118,-1.7654573981884785e-07,nan,nan,pre_event
pdv_channel_1,0.00055449785426018336,-1.7014573981666541e-07,nan,nan,pre_event
pdv_channel_1,0.00055450425426018554,-1.6374573981448298e-07,nan,nan,pre_event
pdv_channel_1,0.00055451065426018772,-1.5734573981230054e-07,nan,nan,pre_event
pdv_channel_1,0.0005545170542601899,-1.509457398101181e-07,nan,nan,pre_event
pdv_channel_1,0.00055452345426019209,-1.4454573980793566e-07,nan,nan,pre_event
pdv_channel_1,0.00055452985426019427,-1.3814573980575322e-07,nan,nan,pre_event
pdv_channel_1,0.00055453625426019645,-1.3174573980357079e-07,nan,nan,pre_event
pdv_channel_1,0.00055454265426019863,-1.2534573980138835e-07,nan,nan,pre_event
pdv_channel_1,0.00055454905426020082,-1.1894573979920591e-07,nan,nan,pre_event
pdv_channel_1,0.000554555454260203,-1.1254573979702347e-07,nan,nan,pre_event
pdv_channel_1,0.00055456185426020518,-1.0614573979484104e-07,nan,nan,pre_event
pdv_channel_1,0.00055456825426020736,-9.9745739792658598e-08,nan,nan,pre_event
pdv_channel_1,0.00055457465426020955,-9.3345739790476161e-08,nan,nan,pre_event
pdv_channel_1,0.00055458105426021173,-8.6945739788293723e-08,nan,nan,pre_event
pdv_channel_1,0.00055458745426021391,-8.0545739786111285e-08,nan,nan,pre_event
pdv_channel_1,0.00055459385426021609,-7.4145739783928848e-08,nan,nan,pre_event
pdv_channel_1,0.00055460025426021828,-6.774573978174641e-08,nan,nan,pre_event
pdv_channel_1,0.00055460665426022046,-6.1345739779563972e-08,nan,nan,pre_event
pdv_channel_1,0.00055461305426022264,-5.4945739777381535e-08,nan,nan,pre_event
pdv_channel_1,0.00055461945426022482,-4.8545739775199097e-08,nan,nan,pre_event
pdv_channel_1,0.00055462585426022701,-4.2145739773016659e-08,nan,nan,pre_event
pdv_channel_1,0.00055463225426022919,-3.5745739770834221e-08,nan,nan,pre_event
pdv_channel_1,0.00055463865426023137,-2.9345739768651784e-08,nan,nan,pre_event
pdv_channel_1,0.00055464505426023355,-2.2945739766469346e-08,nan,nan,pre_event
pdv_channel_1,0.00055465145426023574,-1.6545739764286908e-08,nan,nan,pre_event
pdv_channel_1,0.00055465785426023792,-1.0145739762104471e-08,nan,nan,pre_event
pdv_channel_1,0.0005546642542602401,-3.745739759922033e-09,nan,nan,pre_event
pdv_channel_1,0.00055467065426024228,2.6542602422604047e-09,703124999.76023018,544.92187481417841,candidate
pdv_channel_1,0.00055467705426024447,9.0542602444428424e-09,703124999.76023018,544.92187481417841,candidate
pdv_channel_1,0.00055468345426024665,1.545426024662528e-08,703124999.76023018,544.92187481417841,candidate
pdv_channel_1,0.00055468985426024883,2.1854260248807718e-08,722656249.75356996,560.05859355901669,candidate
pdv_channel_1,0.00055469625426025101,2.8254260250990156e-08,742187499.74690974,575.19531230385508,candidate
pdv_channel_1,0.0005547026542602532,3.4654260253172593e-08,742187499.74690974,575.19531230385508,candidate
pdv_channel_1,0.00055470905426025538,4.1054260255355031e-08,742187499.74690974,575.19531230385508,candidate
pdv_channel_1,0.00055471545426025756,4.7454260257537469e-08,742187499.74690974,575.19531230385508,candidate
pdv_channel_1,0.00055472185426025974,5.3854260259719906e-08,742187499.74690974,575.19531230385508,candidate
pdv_channel_1,0.00055472825426026193,6.0254260261902344e-08,742187499.74690974,575.19531230385508,candidate
pdv_channel_1,0.00055473465426026411,6.6654260264084782e-08,722656249.75356996,560.05859355901669,candidate
pdv_channel_1,0.00055474105426026629,7.3054260266267219e-08,722656249.75356996,560.05859355901669,candidate
pdv_channel_1,0.00055474745426026847,7.9454260268449657e-08,722656249.75356996,560.05859355901669,candidate
pdv_channel_1,0.00055475385426027066,8.5854260270632095e-08,722656249.75356996,560.05859355901669,candidate
pdv_channel_1,0.00055476025426027284,9.2254260272814533e-08,722656249.75356996,560.05859355901669,candidate
pdv_channel_1,0.00055476665426027502,9.865426027499697e-08,722656249.75356996,560.05859355901669,candidate
pdv_channel_1,0.0005547730542602772,1.0505426027717941e-07,722656249.75356996,560.05859355901669,candidate
pdv_channel_1,0.00055477945426027938,1.1145426027936185e-07,722656249.75356996,560.05859355901669,candidate
pdv_channel_1,0.00055478585426028157,1.1785426028154428e-07,722656249.75356996,560.05859355901669,candidate
pdv_channel_1,0.00055479225426028375,1.2425426028372672e-07,722656249.75356996,560.05859355901669,candidate
pdv_channel_1,0.00055479865426028593,1.3065426028590916e-07,722656249.75356996,560.05859355901669,candidate
pdv_channel_1,0.00055480505426028811,1.370542602880916e-07,722656249.75356996,560.05859355901669,candidate
pdv_channel_1,0.0005548114542602903,1.4345426029027403e-07,722656249.75356996,560.05859355901669,candidate
pdv_channel_1,0.00055481785426029248,1.4985426029245647e-07,722656249.75356996,560.05859355901669,candidate
pdv_channel_1,0.00055482425426029466,1.5625426029463891e-07,722656249.75356996,560.05859355901669,candidate
pdv_channel_1,0.00055483065426029684,1.6265426029682135e-07,722656249.75356996,560.05859355901669,candidate
pdv_channel_1,0.00055483705426029903,1.6905426029900378e-07,722656249.75356996,560.05859355901669,candidate
pdv_channel_1,0.00055484345426030121,1.7545426030118622e-07,722656249.75356996,560.05859355901669,candidate
pdv_channel_1,0.00055484985426030339,1.8185426030336866e-07,722656249.75356996,560.05859355901669,candidate
pdv_channel_1,0.00055485625426030557,1.882542603055511e-07,722656249.75356996,560.05859355901669,candidate
pdv_channel_1,0.00055486265426030776,1.9465426030773354e-07,722656249.75356996,560.05859355901669,candidate
pdv_channel_1,0.00055486905426030994,2.0105426030991597e-07,722656249.75356996,560.05859355901669,candidate
pdv_channel_1,0.00055487545426031212,2.0745426031209841e-07,722656249.75356996,560.05859355901669,candidate
pdv_channel_1,0.0005548818542603143,2.1385426031428085e-07,722656249.75356996,560.05859355901669,candidate
pdv_channel_1,0.00055488825426031649,2.2025426031646329e-07,722656249.75356996,560.05859355901669,candidate
pdv_channel_1,0.00055489465426031867,2.2665426031864572e-07,722656249.75356996,560.05859355901669,candidate
pdv_channel_1,0.00055490105426032085,2.3305426032082816e-07,722656249.75356996,560.05859355901669,candidate
pdv_channel_1,0.00055490745426032303,2.394542603230106e-07,722656249.75356996,560.05859355901669,candidate
pdv_channel_1,0.00055491385426032522,2.4585426032519304e-07,722656249.75356996,560.05859355901669,candidate
pdv_channel_1,0.0005549202542603274,2.5225426032737547e-07,722656249.75356996,560.05859355901669,candidate
pdv_channel_1,0.00055492665426032958,2.5865426032955791e-07,722656249.75356996,560.05859355901669,candidate
pdv_channel_1,0.00055493305426033176,2.6505426033174035e-07,722656249.75356996,560.05859355901669,candidate
pdv_channel_1,0.00055493945426033395,2.7145426033392279e-07,722656249.75356996,560.05859355901669,candidate
pdv_channel_1,0.00055494585426033613,2.7785426033610523e-07,722656249.75356996,560.05859355901669,candidate
pdv_channel_1,0.00055495225426033831,2.8425426033828766e-07,722656249.75356996,560.05859355901669,candidate
pdv_channel_1,0.00055495865426034049,2.906542603404701e-07,722656249.75356996,560.05859355901669,candidate
pdv_channel_1,0.00055496505426034268,2.9705426034265254e-07,722656249.75356996,560.05859355901669,candidate
pdv_channel_1,0.00055497145426034486,3.0345426034483498e-07,722656249.75356996,560.05859355901669,candidate
pdv_channel_1,0.00055497785426034704,3.0985426034701741e-07,722656249.75356996,560.05859355901669,candidate
pdv_channel_1,0.00055498425426034922,3.1625426034919985e-07,722656249.75356996,560.05859355901669,candidate
pdv_channel_1,0.00055499065426035141,3.2265426035138229e-07,722656249.75356996,560.05859355901669,candidate
pdv_channel_1,0.00055499705426035359,3.2905426035356473e-07,722656249.75356996,560.05859355901669,candidate
pdv_channel_1,0.00055500345426035577,3.3545426035574717e-07,722656249.75356996,560.05859355901669,candidate
pdv_channel_1,0.00055500985426035795,3.418542603579296e-07,722656249.75356996,560.05859355901669,candidate
pdv_channel_1,0.00055501625426036014,3.4825426036011204e-07,722656249.75356996,560.05859355901669,candidate
pdv_channel_1,0.00055502265426036232,3.5465426036229448e-07,722656249.75356996,560.05859355901669,candidate
pdv_channel_1,0.0005550290542603645,3.6105426036447692e-07,722656249.75356996,560.05859355901669,candidate
pdv_channel_1,0.00055503545426036668,3.6745426036665935e-07,722656249.75356996,560.05859355901669,candidate
pdv_channel_1,0.00055504185426036886,3.7385426036884179e-07,722656249.75356996,560.05859355901669,candidate
pdv_channel_1,0.00055504825426037105,3.8025426037102423e-07,722656249.75356996,560.05859355901669,candidate
pdv_channel_1,0.00055505465426037323,3.8665426037320667e-07,722656249.75356996,560.05859355901669,candidate
pdv_channel_1,0.00055506105426037541,3.930542603753891e-07,722656249.75356996,560.05859355901669,candidate
pdv_channel_1,0.00055506745426037759,3.9945426037757154e-07,722656249.75356996,560.05859355901669,candidate
pdv_channel_1,0.00055507385426037978,4.0585426037975398e-07,722656249.75356996,560.05859355901669,candidate
pdv_channel_1,0.00055508025426038196,4.1225426038193642e-07,722656249.75356996,560.05859355901669,candidate
pdv_channel_1,0.00055508665426038414,4.1865426038411886e-07,722656249.75356996,560.05859355901669,candidate
pdv_channel_1,0.00055509305426038632,4.2505426038630129e-07,722656249.75356996,560.05859355901669,candidate
pdv_channel_1,0.00055509945426038851,4.3145426038848373e-07,722656249.75356996,560.05859355901669,candidate
pdv_channel_1,0.00055510585426039069,4.3785426039066617e-07,722656249.75356996,560.05859355901669,candidate
pdv_channel_1,0.00055511225426039287,4.4425426039284861e-07,722656249.75356996,560.05859355901669,candidate
pdv_channel_1,0.00055511865426039505,4.5065426039503104e-07,722656249.75356996,560.05859355901669,candidate
pdv_channel_1,0.00055512505426039724,4.5705426039721348e-07,722656249.75356996,560.05859355901669,candidate
pdv_channel_1,0.00055513145426039942,4.6345426039939592e-07,722656249.75356996,560.05859355901669,candidate
pdv_channel_1,0.0005551378542604016,4.6985426040157836e-07,722656249.75356996,560.05859355901669,candidate
pdv_channel_1,0.00055514425426040378,4.7625426040376079e-07,722656249.75356996,560.05859355901669,candidate
pdv_channel_1,0.00055515065426040597,4.8265426040594323e-07,722656249.75356996,560.05859355901669,candidate
pdv_channel_1,0.00055515705426040815,4.8905426040812567e-07,722656249.75356996,560.05859355901669,candidate
pdv_channel_1,0.00055516345426041033,4.9545426041030811e-07,722656249.75356996,560.05859355901669,candidate
pdv_channel_1,0.00055516985426041251,5.0185426041249055e-07,722656249.75356996,560.05859355901669,candidate
pdv_channel_1,0.0005551762542604147,5.0825426041467298e-07,722656249.75356996,560.05859355901669,candidate
pdv_channel_1,0.00055518265426041688,5.1465426041685542e-07,722656249.75356996,560.05859355901669,candidate
pdv_channel_1,0.00055518905426041906,5.2105426041903786e-07,722656249.75356996,560.05859355901669,candidate
pdv_channel_1,0.00055519545426042124,5.274542604212203e-07,722656249.75356996,560.05859355901669,candidate
pdv_channel_1,0.00055520185426042343,5.3385426042340273e-07,703124999.76023018,544.92187481417841,candidate
pdv_channel_1,0.00055520825426042561,5.4025426042558517e-07,703124999.76023018,544.92187481417841,candidate
pdv_channel_1,0.00055521465426042779,5.4665426042776761e-07,703124999.76023018,544.92187481417841,candidate
pdv_channel_1,0.00055522105426042997,5.5305426042995005e-07,703124999.76023018,544.92187481417841,candidate
pdv_channel_1,0.00055522745426043216,5.5945426043213248e-07,683593749.76689053,529.78515606934013,candidate
pdv_channel_1,0.00055523385426043434,5.6585426043431492e-07,664062499.77355075,514.64843732450186,candidate
pdv_channel_1,0.00055524025426043652,5.7225426043649736e-07,664062499.77355075,514.64843732450186,candidate
pdv_channel_1,0.0005552466542604387,5.786542604386798e-07,644531249.78021109,499.51171857966358,candidate
pdv_channel_1,0.00055525305426044089,5.8505426044086224e-07,644531249.78021109,499.51171857966358,candidate
pdv_channel_1,0.00055525945426044307,5.9145426044304467e-07,624999999.78687131,484.37499983482525,candidate
pdv_channel_1,0.00055526585426044525,5.9785426044522711e-07,605468749.79353154,469.23828108998691,candidate
pdv_channel_1,0.00055527225426044743,6.0425426044740955e-07,585937499.80019188,454.10156234514869,candidate
pdv_channel_1,0.00055527865426044961,6.1065426044959199e-07,546874999.81351244,423.82812485547214,candidate
pdv_channel_1,0.0005552850542604518,6.1705426045177442e-07,527343749.82017267,408.69140611063381,candidate
pdv_channel_1,0.00055529145426045398,6.2345426045395686e-07,488281249.83349323,378.41796862095725,candidate
pdv_channel_1,0.00055529785426045616,6.298542604561393e-07,468749999.84015346,363.28124987611892,candidate
pdv_channel_1,0.00055530425426045834,6.3625426045832174e-07,429687499.85347402,333.00781238644237,candidate
pdv_channel_1,0.00055531065426046053,6.4265426046050417e-07,390624999.86679459,302.73437489676581,candidate
pdv_channel_1,0.00055531705426046271,6.4905426046268661e-07,351562499.88011509,272.4609374070892,candidate
pdv_channel_1,0.00055532345426046489,6.5545426046486905e-07,332031249.88677537,257.32421866225093,candidate
pdv_channel_1,0.00055532985426046707,6.6185426046705149e-07,312499999.89343566,242.18749991741262,candidate
pdv_channel_1,0.00055533625426046926,6.6825426046923393e-07,292968749.90009594,227.05078117257435,candidate
pdv_channel_1,0.00055534265426047144,6.7465426047141636e-07,292968749.90009594,227.05078117257435,candidate
pdv_channel_1,0.00055534905426047362,6.810542604735988e-07,292968749.90009594,227.05078117257435,candidate
pdv_channel_1,0.0005553554542604758,6.8745426047578124e-07,273437499.90675622,211.91406242773607,candidate
pdv_channel_1,0.00055536185426047799,6.9385426047796368e-07,273437499.90675622,211.91406242773607,candidate
pdv_channel_1,0.00055536825426048017,7.0025426048014611e-07,273437499.90675622,211.91406242773607,candidate
pdv_channel_1,0.00055537465426048235,7.0665426048232855e-07,273437499.90675622,211.91406242773607,candidate
pdv_channel_1,0.00055538105426048453,7.1305426048451099e-07,273437499.90675622,211.91406242773607,candidate
pdv_channel_1,0.00055538745426048672,7.1945426048669343e-07,273437499.90675622,211.91406242773607,candidate
pdv_channel_1,0.0005553938542604889,7.2585426048887586e-07,273437499.90675622,211.91406242773607,candidate
pdv_channel_1,0.00055540025426049108,7.322542604910583e-07,273437499.90675622,211.91406242773607,candidate
pdv_channel_1,0.00055540665426049326,7.3865426049324074e-07,273437499.90675622,211.91406242773607,candidate
pdv_channel_1,0.00055541305426049545,7.4505426049542318e-07,273437499.90675622,211.91406242773607,candidate
pdv_channel_1,0.00055541945426049763,7.5145426049760562e-07,273437499.90675622,211.91406242773607,candidate
pdv_channel_1,0.00055542585426049981,7.5785426049978805e-07,273437499.90675622,211.91406242773607,candidate
pdv_channel_1,0.00055543225426050199,7.6425426050197049e-07,292968749.90009594,227.05078117257435,candidate
pdv_channel_1,0.00055543865426050418,7.7065426050415293e-07,292968749.90009594,227.05078117257435,candidate
pdv_channel_1,0.00055544505426050636,7.7705426050633537e-07,292968749.90009594,227.05078117257435,candidate
pdv_channel_1,0.00055545145426050854,7.834542605085178e-07,nan,nan,outside_analysis_window
pdv_channel_1,0.00055545785426051072,7.8985426051070024e-07,nan,nan,outside_analysis_window
pdv_channel_1,0.00055546425426051291,7.9625426051288268e-07,nan,nan,outside_analysis_window
pdv_channel_1,0.00055547065426051509,8.0265426051506512e-07,nan,nan,outside_analysis_window
pdv_channel_1,0.00055547705426051727,8.0905426051724755e-07,nan,nan,outside_analysis_window
pdv_channel_1,0.00055548345426051945,8.1545426051942999e-07,nan,nan,outside_analysis_window
pdv_channel_1,0.00055548985426052164,8.2185426052161243e-07,nan,nan,outside_analysis_window
pdv_channel_1,0.00055549625426052382,8.2825426052379487e-07,nan,nan,outside_analysis_window
pdv_channel_1,0.000555502654260526,8.3465426052597731e-07,nan,nan,outside_analysis_window
pdv_channel_1,0.00055550905426052818,8.4105426052815974e-07,nan,nan,outside_analysis_window
pdv_channel_1,0.00055551545426053037,8.4745426053034218e-07,nan,nan,outside_analysis_window
pdv_channel_1,0.00055552185426053255,8.5385426053252462e-07,nan,nan,outside_analysis_window
pdv_channel_1,0.00055552825426053473,8.6025426053470706e-07,nan,nan,outside_analysis_window
pdv_channel_1,0.00055553465426053691,8.6665426053688949e-07,nan,nan,outside_analysis_window
pdv_channel_1,0.00055554105426053909,8.7305426053907193e-07,nan,nan,outside_analysis_window
pdv_channel_1,0.00055554745426054128,8.7945426054125437e-07,nan,nan,outside_analysis_window
pdv_channel_1,0.00055555385426054346,8.8585426054343681e-07,nan,nan,outside_analysis_window
pdv_channel_1,0.00055556025426054564,8.9225426054561924e-07,nan,nan,outside_analysis_window
pdv_channel_1,0.00055556665426054782,8.9865426054780168e-07,nan,nan,outside_analysis_window
pdv_channel_1,0.00055557305426055001,9.0505426054998412e-07,nan,nan,outside_analysis_window
pdv_channel_1,0.00055557945426055219,9.1145426055216656e-07,nan,nan,outside_analysis_window
pdv_channel_1,0.00055558585426055437,9.17854260554349e-07,nan,nan,outside_analysis_window
pdv_channel_1,0.00055559225426055655,9.2425426055653143e-07,nan,nan,outside_analysis_window
pdv_channel_1,0.00055559865426055874,9.3065426055871387e-07,nan,nan,outside_analysis_window
pdv_channel_1,0.00055560505426056092,9.3705426056089631e-07,nan,nan,outside_analysis_window
pdv_channel_1,0.0005556114542605631,9.4345426056307875e-07,nan,nan,outside_analysis_window
pdv_channel_1,0.00055561785426056528,9.4985426056526118e-07,nan,nan,outside_analysis_window
pdv_channel_1,0.00055562425426056747,9.5625426056744362e-07,nan,nan,outside_analysis_window
pdv_channel_1,0.00055563065426056965,9.6265426056962606e-07,nan,nan,outside_analysis_window
pdv_channel_1,0.00055563705426057183,9.690542605718085e-07,nan,nan,outside_analysis_window
pdv_channel_1,0.00055564345426057401,9.7545426057399093e-07,nan,nan,outside_analysis_window
pdv_channel_1,0.0005556498542605762,9.8185426057617337e-07,nan,nan,outside_analysis_window
pdv_channel_1,0.00055565625426057838,9.8825426057835581e-07,nan,nan,outside_analysis_window
pdv_channel_1,0.00055566265426058056,9.9465426058053825e-07,nan,nan,outside_analysis_window
pdv_channel_1,0.00055566905426058274,1.0010542605827207e-06,nan,nan,outside_analysis_window
pdv_channel_1,0.00055567545426058493,1.0074542605849031e-06,nan,nan,outside_analysis_window
pdv_channel_1,0.00055568185426058711,1.0138542605870856e-06,nan,nan,outside_analysis_window
pdv_channel_1,0.00055568825426058929,1.020254260589268e-06,nan,nan,outside_analysis_window
pdv_channel_1,0.00055569465426059147,1.0266542605914504e-06,nan,nan,outside_analysis_window
pdv_channel_1,0.00055570105426059366,1.0330542605936329e-06,nan,nan,outside_analysis_window
pdv_channel_1,0.00055570745426059584,1.0394542605958153e-06,nan,nan,outside_analysis_window
pdv_channel_1,0.00055571385426059802,1.0458542605979977e-06,nan,nan,outside_analysis_window
pdv_channel_1,0.0005557202542606002,1.0522542606001802e-06,nan,nan,outside_analysis_window
pdv_channel_1,0.00055572665426060239,1.0586542606023626e-06,nan,nan,outside_analysis_window
pdv_channel_1,0.00055573305426060457,1.0650542606045451e-06,nan,nan,outside_analysis_window
pdv_channel_1,0.00055573945426060675,1.0714542606067275e-06,nan,nan,outside_analysis_window
pdv_channel_1,0.00055574585426060893,1.0778542606089099e-06,nan,nan,outside_analysis_window
pdv_channel_1,0.00055575225426061112,1.0842542606110924e-06,nan,nan,outside_analysis_window
pdv_channel_1,0.0005557586542606133,1.0906542606132748e-06,nan,nan,outside_analysis_window
pdv_channel_1,0.00055576505426061548,1.0970542606154573e-06,nan,nan,outside_analysis_window
pdv_channel_1,0.00055577145426061766,1.1034542606176397e-06,nan,nan,outside_analysis_window
pdv_channel_1,0.00055577785426061985,1.1098542606198221e-06,nan,nan,outside_analysis_window
pdv_channel_1,0.00055578425426062203,1.1162542606220046e-06,nan,nan,outside_analysis_window
pdv_channel_1,0.00055579065426062421,1.122654260624187e-06,nan,nan,outside_analysis_window
pdv_channel_1,0.00055579705426062639,1.1290542606263694e-06,nan,nan,outside_analysis_window
pdv_channel_1,0.00055580345426062857,1.1354542606285519e-06,nan,nan,outside_analysis_window
pdv_channel_1,0.00055580985426063076,1.1418542606307343e-06,nan,nan,outside_analysis_window
pdv_channel_1,0.00055581625426063294,1.1482542606329168e-06,nan,nan,outside_analysis_window
pdv_channel_1,0.00055582265426063512,1.1546542606350992e-06,nan,nan,outside_analysis_window
pdv_channel_1,0.0005558290542606373,1.1610542606372816e-06,nan,nan,outside_analysis_window
pdv_channel_1,0.00055583545426063949,1.1674542606394641e-06,nan,nan,outside_analysis_window
pdv_channel_1,0.00055584185426064167,1.1738542606416465e-06,nan,nan,outside_analysis_window
pdv_channel_1,0.00055584825426064385,1.1802542606438289e-06,nan,nan,outside_analysis_window
pdv_channel_1,0.00055585465426064603,1.1866542606460114e-06,nan,nan,outside_analysis_window
pdv_channel_1,0.00055586105426064822,1.1930542606481938e-06,nan,nan,outside_analysis_window
pdv_channel_1,0.0005558674542606504,1.1994542606503763e-06,nan,nan,outside_analysis_window
pdv_channel_1,0.00055587385426065258,1.2058542606525587e-06,nan,nan,outside_analysis_window
pdv_channel_1,0.00055588025426065476,1.2122542606547411e-06,nan,nan,outside_analysis_window
pdv_channel_1,0.00055588665426065695,1.2186542606569236e-06,nan,nan,outside_analysis_window
pdv_channel_1,0.00055589305426065913,1.225054260659106e-06,nan,nan,outside_analysis_window
pdv_channel_1,0.00055589945426066131,1.2314542606612884e-06,nan,nan,outside_analysis_window
pdv_channel_1,0.00055590585426066349,1.2378542606634709e-06,nan,nan,outside_analysis_window
pdv_channel_1,0.00055591225426066568,1.2442542606656533e-06,nan,nan,outside_analysis_window
pdv_channel_1,0.00055591865426066786,1.2506542606678358e-06,nan,nan,outside_analysis_window
pdv_channel_1,0.00055592505426067004,1.2570542606700182e-06,nan,nan,outside_analysis_window
pdv_channel_1,0.00055593145426067222,1.2634542606722006e-06,nan,nan,outside_analysis_window
pdv_channel_1,0.00055593785426067441,1.2698542606743831e-06,nan,nan,outside_analysis_window
pdv_channel_1,0.00055594425426067659,1.2762542606765655e-06,nan,nan,outside_analysis_window
