time_us,velocity_m_s,velocity_km_s,data_flag
0.0,0.0,0.0,zero_masked
0.00319999999999254,0.0,0.0,zero_masked
0.00639999999998508,0.0,0.0,zero_masked
0.00959999999997763,0.0,0.0,zero_masked
0.0127999999999702,0.0,0.0,zero_masked
0.0160000000000764,0.0,0.0,zero_masked
0.0192000000000689,0.0,0.0,zero_masked
0.0224000000000615,0.0,0.0,zero_masked
0.0255999999999403,0.0,0.0,zero_masked
0.0287999999999329,0.0,0.0,zero_masked
0.0319999999999254,0.0,0.0,zero_masked
0.035199999999918,0.0,0.0,zero_masked
0.0383999999999105,0.0,0.0,zero_masked
0.0416000000000167,0.0,0.0,zero_masked
0.0448000000000093,0.0,0.0,zero_masked
0.0480000000000018,0.0,0.0,zero_masked
0.0511999999999944,0.0,0.0,zero_masked
0.0543999999999869,0.0,0.0,zero_masked
0.0575999999999794,0.0,0.0,zero_masked
0.060799999999972,0.0,0.0,zero_masked
0.0640000000000782,0.0,0.0,zero_masked
0.0672000000000708,0.0,0.0,zero_masked
0.0704000000000633,0.0,0.0,zero_masked
0.0736000000000558,0.0,0.0,zero_masked
0.0767999999999347,0.0,0.0,zero_masked
0.0799999999999272,0.0,0.0,zero_masked
0.0831999999999198,0.0,0.0,zero_masked
0.0863999999999123,545.04296875,0.54504296875,measured
0.0896000000000186,550.734375,0.550734375,measured
0.0928000000000111,557.2734375,0.5572734375,measured
0.0960000000000036,557.87890625,0.55787890625,measured
0.0991999999999962,569.3828125,0.5693828125,measured
0.102399999999989,573.2578125,0.5732578125,measured
0.105599999999981,569.50390625,0.56950390625,measured
0.108799999999974,569.01953125,0.56901953125,measured
0.111999999999966,568.4140625,0.5684140625,measured
0.115200000000073,568.171875,0.568171875,measured
0.118400000000065,574.10546875,0.57410546875,measured
0.121600000000058,573.7421875,0.5737421875,measured
0.124799999999937,572.7734375,0.5727734375,measured
0.127999999999929,570.109375,0.570109375,measured
0.131199999999922,572.046875,0.572046875,measured
0.134399999999914,572.046875,0.572046875,measured
0.13760000000002,566.83984375,0.56683984375,measured
0.140800000000013,563.69140625,0.56369140625,measured
0.144000000000005,564.296875,0.564296875,measured
0.147199999999998,560.78515625,0.56078515625,measured
0.150399999999991,561.1484375,0.5611484375,measured
0.153599999999983,565.14453125,0.56514453125,measured
0.156799999999976,565.9921875,0.5659921875,measured
0.159999999999968,567.32421875,0.56732421875,measured
0.163200000000074,565.9921875,0.5659921875,measured
0.166400000000067,567.56640625,0.56756640625,measured
0.169600000000059,567.80859375,0.56780859375,measured
0.172800000000052,562.96484375,0.56296484375,measured
0.175999999999931,561.390625,0.561390625,measured
0.179199999999923,557.63671875,0.55763671875,measured
0.182399999999916,563.20703125,0.56320703125,measured
0.185599999999909,569.140625,0.569140625,measured
0.188800000000015,568.171875,0.568171875,measured
0.192000000000007,563.93359375,0.56393359375,measured
0.1952,562.84375,0.56284375,measured
0.198399999999992,564.296875,0.564296875,measured
0.201599999999985,566.11328125,0.56611328125,measured
0.204799999999977,565.62890625,0.56562890625,measured
0.20799999999997,562.48046875,0.56248046875,measured
0.211200000000076,563.93359375,0.56393359375,measured
0.214400000000069,565.75,0.56575,measured
0.217600000000061,565.38671875,0.56538671875,measured
0.220800000000054,564.90234375,0.56490234375,measured
0.223999999999933,565.38671875,0.56538671875,measured
0.227199999999925,564.0546875,0.5640546875,measured
0.230399999999918,561.75390625,0.56175390625,measured
0.23359999999991,563.44921875,0.56344921875,measured
0.236800000000017,562.96484375,0.56296484375,measured
0.240000000000009,559.453125,0.559453125,measured
0.243200000000002,561.6328125,0.5616328125,measured
0.246399999999994,564.90234375,0.56490234375,measured
0.249599999999987,564.296875,0.564296875,measured
0.252799999999979,564.0546875,0.5640546875,measured
0.255999999999972,564.296875,0.564296875,measured
0.259199999999964,561.875,0.561875,measured
0.262400000000071,561.99609375,0.56199609375,measured
0.265600000000063,566.234375,0.566234375,measured
0.268800000000056,564.17578125,0.56417578125,measured
0.272000000000048,564.78125,0.56478125,measured
0.275199999999927,565.14453125,0.56514453125,measured
0.27839999999992,561.6328125,0.5616328125,measured
0.281599999999912,561.51171875,0.56151171875,measured
0.284800000000018,564.17578125,0.56417578125,measured
0.288000000000011,565.38671875,0.56538671875,measured
0.291200000000003,565.38671875,0.56538671875,measured
0.294399999999996,565.5078125,0.5655078125,measured
0.297599999999989,564.0546875,0.5640546875,measured
0.300799999999981,566.71875,0.56671875,measured
0.303999999999974,567.4453125,0.5674453125,measured
0.307199999999966,564.90234375,0.56490234375,measured
0.310400000000072,564.296875,0.564296875,measured
0.313600000000065,564.296875,0.564296875,measured
0.316800000000057,565.9921875,0.5659921875,measured
0.32000000000005,565.265625,0.565265625,measured
0.323199999999929,564.66015625,0.56466015625,measured
0.326399999999921,564.90234375,0.56490234375,measured
0.329599999999914,564.17578125,0.56417578125,measured
0.332799999999907,563.0859375,0.5630859375,measured
0.336000000000013,564.0546875,0.5640546875,measured
0.339200000000005,565.0234375,0.5650234375,measured
0.342399999999998,561.6328125,0.5616328125,measured
0.34559999999999,562.359375,0.562359375,measured
0.348799999999983,563.93359375,0.56393359375,measured
0.351999999999975,566.11328125,0.56611328125,measured
0.355199999999968,566.59765625,0.56659765625,measured
0.358399999999961,568.77734375,0.56877734375,measured
0.361600000000067,567.08203125,0.56708203125,measured
0.364800000000059,567.08203125,0.56708203125,measured
0.368000000000052,565.14453125,0.56514453125,measured
0.371199999999931,565.265625,0.565265625,measured
0.374399999999923,564.5390625,0.5645390625,measured
0.377599999999916,563.8125,0.5638125,measured
0.380799999999908,563.44921875,0.56344921875,measured
0.384000000000015,563.0859375,0.5630859375,measured
0.387200000000007,565.62890625,0.56562890625,measured
0.3904,566.9609375,0.5669609375,measured
0.393599999999992,565.87109375,0.56587109375,measured
0.396799999999985,566.11328125,0.56611328125,measured
0.399999999999977,567.203125,0.567203125,measured
0.40319999999997,566.83984375,0.56683984375,measured
0.406399999999962,565.62890625,0.56562890625,measured
0.409600000000069,563.93359375,0.56393359375,measured
0.412800000000061,563.0859375,0.5630859375,measured
0.416000000000054,564.5390625,0.5645390625,measured
0.419200000000046,566.83984375,0.56683984375,measured
0.422399999999925,565.9921875,0.5659921875,measured
0.425599999999918,565.14453125,0.56514453125,measured
0.42879999999991,564.0546875,0.5640546875,measured
0.432000000000016,562.23828125,0.56223828125,measured
0.435200000000009,562.84375,0.56284375,measured
0.438400000000001,562.6015625,0.5626015625,measured
0.441599999999994,564.296875,0.564296875,measured
0.444799999999987,565.14453125,0.56514453125,measured
0.447999999999979,566.234375,0.566234375,measured
0.451199999999972,565.75,0.56575,measured
0.454399999999964,565.75,0.56575,measured
0.45760000000007,562.96484375,0.56296484375,measured
0.460800000000063,560.6640625,0.5606640625,measured
0.464000000000055,561.875,0.561875,measured
0.467200000000048,563.20703125,0.56320703125,measured
0.470399999999927,563.93359375,0.56393359375,measured
0.473599999999919,564.78125,0.56478125,measured
0.476799999999912,564.90234375,0.56490234375,measured
0.479999999999905,564.66015625,0.56466015625,measured
0.483200000000011,563.93359375,0.56393359375,measured
0.486400000000003,563.69140625,0.56369140625,measured
0.489599999999996,564.5390625,0.5645390625,measured
0.492799999999988,565.38671875,0.56538671875,measured
0.495999999999981,566.11328125,0.56611328125,measured
0.499199999999973,566.11328125,0.56611328125,measured
0.502399999999966,565.38671875,0.56538671875,measured
0.505599999999959,565.0234375,0.5650234375,measured
0.508800000000065,564.90234375,0.56490234375,measured
0.512000000000057,564.0546875,0.5640546875,measured
0.51520000000005,562.96484375,0.56296484375,measured
0.518400000000042,561.99609375,0.56199609375,measured
0.521599999999921,562.359375,0.562359375,measured
0.524799999999914,562.72265625,0.56272265625,measured
0.527999999999906,563.328125,0.563328125,measured
0.531200000000013,561.99609375,0.56199609375,measured
0.534400000000005,561.75390625,0.56175390625,measured
0.537599999999998,561.390625,0.561390625,measured
0.54079999999999,561.02734375,0.56102734375,measured
0.543999999999983,563.5703125,0.5635703125,measured
0.547199999999975,562.96484375,0.56296484375,measured
0.550399999999968,561.51171875,0.56151171875,measured
0.55359999999996,562.48046875,0.56248046875,measured
0.556800000000067,561.6328125,0.5616328125,measured
0.560000000000059,560.54296875,0.56054296875,measured
0.563200000000052,561.1484375,0.5611484375,measured
0.566400000000044,561.75390625,0.56175390625,measured
0.569599999999923,562.23828125,0.56223828125,measured
0.572799999999916,561.51171875,0.56151171875,measured
0.575999999999908,560.05859375,0.56005859375,measured
0.579200000000014,559.9375,0.5599375,measured
0.582400000000007,560.421875,0.560421875,measured
0.585599999999999,561.75390625,0.56175390625,measured
0.588799999999992,562.23828125,0.56223828125,measured
0.591999999999985,561.75390625,0.56175390625,measured
0.595199999999977,560.421875,0.560421875,measured
0.59839999999997,560.05859375,0.56005859375,measured
0.601599999999962,556.42578125,0.55642578125,measured
0.604800000000068,551.33984375,0.55133984375,measured
0.608000000000061,547.22265625,0.54722265625,measured
0.611200000000053,545.6484375,0.5456484375,measured
0.614400000000046,546.01171875,0.54601171875,measured
0.617600000000039,544.55859375,0.54455859375,measured
0.620799999999917,542.13671875,0.54213671875,measured
0.62399999999991,539.23046875,0.53923046875,measured
0.627199999999903,535.83984375,0.53583984375,measured
0.630400000000009,531.72265625,0.53172265625,measured
0.633600000000001,526.39453125,0.52639453125,measured
0.636799999999994,522.3984375,0.5223984375,measured
0.639999999999986,520.21875,0.52021875,measured
0.643199999999979,517.0703125,0.5170703125,measured
0.646399999999971,512.58984375,0.51258984375,measured
0.649599999999964,508.109375,0.508109375,measured
0.652799999999957,502.17578124999994,0.50217578125,measured
0.656000000000063,496.36328125,0.49636328125,measured
0.659200000000055,489.9453125,0.4899453125,measured
0.662400000000048,483.890625,0.483890625,measured
0.66560000000004,475.77734375,0.47577734375,measured
0.668799999999919,468.99609375,0.46899609375,measured
0.671999999999912,461.00390625,0.46100390625,measured
0.675199999999904,451.921875,0.451921875,measured
0.678400000000011,442.11328125,0.44211328125,measured
0.681600000000003,431.8203125,0.4318203125,measured
0.684799999999996,420.07421875,0.42007421875,measured
0.687999999999988,410.265625,0.410265625,measured
0.691199999999981,398.76171875,0.39876171875,measured
0.694399999999973,389.55859375,0.38955859375,measured
0.697599999999966,375.6328125,0.3756328125,measured
0.700799999999958,364.12890625,0.36412890625,measured
0.704000000000065,345.48046875,0.34548046875,measured
0.707200000000057,338.578125,0.338578125,measured
0.71040000000005,316.66015625,0.31666015625,measured
0.713600000000042,298.73828125,0.29873828125,measured
0.716800000000035,290.01953125,0.29001953125,measured
0.719999999999914,279.84765625,0.27984765625,measured
