original_path,item_type,size_bytes,tracked_by_git,classification,proposed_action,final_path,action_status
outputs/.pytest_task013ar_baseline,directory,3188728,false,pytest_temporary,delete,,deleted
outputs/.pytest_task013ar_dev,directory,3897693,false,pytest_temporary,delete,,deleted
outputs/.pytest_task013ar_dev2,directory,3836617,false,pytest_temporary,delete,,deleted
outputs/.pytest_task013ar_dev3,directory,3836617,false,pytest_temporary,delete,,deleted
outputs/.pytest_task013ar_dev4,directory,3868504,false,pytest_temporary,delete,,deleted
outputs/.pytest_task013ar_final,directory,3868526,false,pytest_temporary,delete,,deleted
outputs/.pytest_tmp_task013_baseline,directory,2323994,false,pytest_temporary,delete,,deleted
outputs/.pytest_tmp_task013_detection,directory,0,false,pytest_temporary,delete,,deleted
outputs/.pytest_tmp_task013_focus,directory,8770,false,pytest_temporary,delete,,deleted
outputs/.pytest_tmp_task013_focus2,directory,3447131,false,pytest_temporary,delete,,deleted
outputs/.pytest_tmp_task013_full1,directory,3448451,false,pytest_temporary,delete,,deleted
outputs/.pytest_tmp_task013_full2,directory,3188706,false,pytest_temporary,delete,,deleted
outputs/.pytest_tmp_task013_peak,directory,885,false,pytest_temporary,delete,,deleted
outputs/demo_pipeline,directory,837829,false,development_output,move,artifacts/legacy_outputs/migration_20260727_010406/demo_pipeline,moved_verified
outputs/production_runs,directory,16613965,false,production_output,retain,outputs/production_runs,retained
outputs/pytest_manual_tmp,directory,0,false,pytest_temporary,delete,,deleted
outputs/pytest_temp,directory,496,false,pytest_temporary,delete,,deleted
outputs/ridge_refinement_preview,directory,607564,false,development_output,move,artifacts/legacy_outputs/migration_20260727_010406/ridge_refinement_preview,moved_verified
outputs/stft_preview,directory,2675910,false,development_output,move,artifacts/legacy_outputs/migration_20260727_010406/stft_preview,moved_verified
outputs/task007_demo_runs,directory,14827164,false,historical_unknown,retain,outputs/task007_demo_runs,retained_unresolved_origin
outputs/task008a_demo_runs,directory,13510486,false,historical_unknown,retain,outputs/task008a_demo_runs,retained_unresolved_origin
outputs/task008b_demo_runs,directory,8183386,false,historical_unknown,retain,outputs/task008b_demo_runs,retained_unresolved_origin
outputs/task009_linewidth_audit,directory,18219258,false,validation_output,move,artifacts/legacy_outputs/migration_20260727_010406/task009_linewidth_audit,moved_verified
outputs/task010_legacy_velocity_audit,directory,2267194,false,validation_output,move,artifacts/legacy_outputs/migration_20260727_010406/task010_legacy_velocity_audit,moved_verified
outputs/task011b_runs,directory,2730254,false,development_output,move,artifacts/legacy_outputs/migration_20260727_010406/task011b_runs,moved_verified
outputs/task011b_validation,directory,11663159,false,validation_output,move,artifacts/legacy_outputs/migration_20260727_010406/task011b_validation,moved_verified
outputs/task013_baseline,directory,6524071,false,validation_output,move,artifacts/legacy_outputs/migration_20260727_010406/task013_baseline,moved_verified
outputs/task013_validation,directory,27600957,false,validation_output,move,artifacts/legacy_outputs/migration_20260727_010406/task013_validation,moved_verified
outputs/task013ar_validation,directory,10150250,false,validation_output,move,artifacts/legacy_outputs/migration_20260727_010406/task013ar_validation,moved_verified
