dataset,source_path,source_sha256,source_selection_mode,stream,profile_id,profile_display_name,channel,top_k,preset,manual_reference_time_s_diagnostic_only,minimum_candidate_separation_hz,candidate_separation_resolution_factor,background_exclusion_half_width_hz,background_exclusion_resolution_factor,minimum_background_bin_count,background_contrast_weight,competitor_contrast_weight,cycles_weight,boundary_weight,refinement_failure_weight,background_reference_db,background_deficit_scale_db,competitor_reference_db,competitor_deficit_scale_db,target_cycles_in_window,frequency_step_scale_hz,continuity_weight,null_node_cost,null_stay_cost,ridge_entry_cost,ridge_exit_cost,development_status,frame_count,average_retained_candidate_count,candidate_available_fraction,null_fraction,rank_1_fraction,rank_2_fraction,rank_3_fraction,rank_4_plus_fraction,refinement_success_fraction,production_disagreement_fraction,pre_event_non_null_fraction,longest_continuous_selected_segment,null_candidate_transition_count,median_candidate_vs_null_cost_margin,candidate_vs_null_margin_p10,candidate_vs_null_margin_p90
ch1.csv,D:\Code\Python_Projects\DPS_Studio\data\raw\ch1.csv,3BDCEFD19B0CABD45FF713BC104E00829876F0BE4303ABCFFF31DC5ADA727A6A,single_voltage_column_from_two_column_file,ch1__balanced__pdv_channel_1,balanced,Balanced,pdv_channel_1,5,conservative,,,2.0,,2.0,2,1.5,0.75,0.5,1.0,0.5,10.0,10.0,0.0,12.0,2.0,100000000.0,1.0,0.25,0.0,3.0,3.0,development / uncalibrated,620,5.0,1.0,1.0,0.0,0.0,0.0,0.0,0.0,0.08225806451612903,nan,0,0,2.4841180105190475,-0.02286910245445524,2.818282360775297
ch1.csv,D:\Code\Python_Projects\DPS_Studio\data\raw\ch1.csv,3BDCEFD19B0CABD45FF713BC104E00829876F0BE4303ABCFFF31DC5ADA727A6A,single_voltage_column_from_two_column_file,ch1__balanced__pdv_channel_1,balanced,Balanced,pdv_channel_1,5,balanced,,,2.0,,2.0,2,1.5,0.75,0.5,1.0,0.5,10.0,10.0,0.0,12.0,2.0,100000000.0,1.0,0.65,0.0,1.5,1.5,development / uncalibrated,620,5.0,1.0,0.43870967741935485,0.2709677419354839,0.1596774193548387,0.07580645161290323,0.054838709677419356,0.5612903225806452,0.5225806451612903,nan,49,56,-0.6650561995359787,-2.067326322566797,0.47414526250873434
ch1.csv,D:\Code\Python_Projects\DPS_Studio\data\raw\ch1.csv,3BDCEFD19B0CABD45FF713BC104E00829876F0BE4303ABCFFF31DC5ADA727A6A,single_voltage_column_from_two_column_file,ch1__balanced__pdv_channel_1,balanced,Balanced,pdv_channel_1,5,permissive,,,2.0,,2.0,2,1.5,0.75,0.5,1.0,0.5,10.0,10.0,0.0,12.0,2.0,100000000.0,1.0,0.8,0.0,1.0,1.0,development / uncalibrated,620,5.0,1.0,0.20161290322580644,0.3903225806451613,0.22580645161290322,0.09838709677419355,0.08387096774193549,0.7983870967741935,0.7225806451612903,nan,49,115,-1.1759561694227942,-1.7740154158147874,0.0768614340905939
ch1.csv,D:\Code\Python_Projects\DPS_Studio\data\raw\ch1.csv,3BDCEFD19B0CABD45FF713BC104E00829876F0BE4303ABCFFF31DC5ADA727A6A,single_voltage_column_from_two_column_file,ch1__balanced__pdv_channel_1,balanced,Balanced,pdv_channel_1,10,conservative,,,2.0,,2.0,2,1.5,0.75,0.5,1.0,0.5,10.0,10.0,0.0,12.0,2.0,100000000.0,1.0,0.25,0.0,3.0,3.0,development / uncalibrated,620,10.0,1.0,1.0,0.0,0.0,0.0,0.0,0.0,0.08225806451612903,nan,0,0,2.4552049765651613,-0.3365777852872006,2.798605366181465
ch1.csv,D:\Code\Python_Projects\DPS_Studio\data\raw\ch1.csv,3BDCEFD19B0CABD45FF713BC104E00829876F0BE4303ABCFFF31DC5ADA727A6A,single_voltage_column_from_two_column_file,ch1__balanced__pdv_channel_1,balanced,Balanced,pdv_channel_1,10,balanced,,,2.0,,2.0,2,1.5,0.75,0.5,1.0,0.5,10.0,10.0,0.0,12.0,2.0,100000000.0,1.0,0.65,0.0,1.5,1.5,development / uncalibrated,620,10.0,1.0,0.2854838709677419,0.2887096774193548,0.1935483870967742,0.08870967741935484,0.1435483870967742,0.714516129032258,0.6758064516129032,nan,57,51,-1.1011487360988035,-2.074559936352384,0.30003508789195776
ch1.csv,D:\Code\Python_Projects\DPS_Studio\data\raw\ch1.csv,3BDCEFD19B0CABD45FF713BC104E00829876F0BE4303ABCFFF31DC5ADA727A6A,single_voltage_column_from_two_column_file,ch1__balanced__pdv_channel_1,balanced,Balanced,pdv_channel_1,10,permissive,,,2.0,,2.0,2,1.5,0.75,0.5,1.0,0.5,10.0,10.0,0.0,12.0,2.0,100000000.0,1.0,0.8,0.0,1.0,1.0,development / uncalibrated,620,10.0,1.0,0.1403225806451613,0.3741935483870968,0.2129032258064516,0.11290322580645161,0.1596774193548387,0.8596774193548387,0.7887096774193548,nan,50,97,-1.290193497729085,-1.7778429587665798,-0.33413229270129224
ch1.csv,D:\Code\Python_Projects\DPS_Studio\data\raw\ch1.csv,3BDCEFD19B0CABD45FF713BC104E00829876F0BE4303ABCFFF31DC5ADA727A6A,single_voltage_column_from_two_column_file,ch1__balanced__pdv_channel_1,balanced,Balanced,pdv_channel_1,15,conservative,,,2.0,,2.0,2,1.5,0.75,0.5,1.0,0.5,10.0,10.0,0.0,12.0,2.0,100000000.0,1.0,0.25,0.0,3.0,3.0,development / uncalibrated,620,15.0,1.0,1.0,0.0,0.0,0.0,0.0,0.0,0.08225806451612903,nan,0,0,2.452565547828563,-0.3365777852872006,2.791451226705712
ch1.csv,D:\Code\Python_Projects\DPS_Studio\data\raw\ch1.csv,3BDCEFD19B0CABD45FF713BC104E00829876F0BE4303ABCFFF31DC5ADA727A6A,single_voltage_column_from_two_column_file,ch1__balanced__pdv_channel_1,balanced,Balanced,pdv_channel_1,15,balanced,,,2.0,,2.0,2,1.5,0.75,0.5,1.0,0.5,10.0,10.0,0.0,12.0,2.0,100000000.0,1.0,0.65,0.0,1.5,1.5,development / uncalibrated,620,15.0,1.0,0.20806451612903226,0.3,0.1967741935483871,0.09193548387096774,0.2032258064516129,0.7919354838709678,0.7532258064516129,nan,57,45,-1.2031605537016183,-2.0775855632033684,0.15894184495343672
ch1.csv,D:\Code\Python_Projects\DPS_Studio\data\raw\ch1.csv,3BDCEFD19B0CABD45FF713BC104E00829876F0BE4303ABCFFF31DC5ADA727A6A,single_voltage_column_from_two_column_file,ch1__balanced__pdv_channel_1,balanced,Balanced,pdv_channel_1,15,permissive,,,2.0,,2.0,2,1.5,0.75,0.5,1.0,0.5,10.0,10.0,0.0,12.0,2.0,100000000.0,1.0,0.8,0.0,1.0,1.0,development / uncalibrated,620,15.0,1.0,0.12903225806451613,0.36774193548387096,0.21129032258064517,0.1064516129032258,0.18548387096774194,0.8709677419354839,0.8,nan,50,89,-1.2907404634402795,-1.778953011688118,-0.45087146945518586
ch1.csv,D:\Code\Python_Projects\DPS_Studio\data\raw\ch1.csv,3BDCEFD19B0CABD45FF713BC104E00829876F0BE4303ABCFFF31DC5ADA727A6A,single_voltage_column_from_two_column_file,ch1__balanced__pdv_channel_1,balanced,Balanced,pdv_channel_1,20,conservative,,,2.0,,2.0,2,1.5,0.75,0.5,1.0,0.5,10.0,10.0,0.0,12.0,2.0,100000000.0,1.0,0.25,0.0,3.0,3.0,development / uncalibrated,620,20.0,1.0,1.0,0.0,0.0,0.0,0.0,0.0,0.08225806451612903,nan,0,0,2.452565547828563,-0.3365777852872006,2.791451226705712
ch1.csv,D:\Code\Python_Projects\DPS_Studio\data\raw\ch1.csv,3BDCEFD19B0CABD45FF713BC104E00829876F0BE4303ABCFFF31DC5ADA727A6A,single_voltage_column_from_two_column_file,ch1__balanced__pdv_channel_1,balanced,Balanced,pdv_channel_1,20,balanced,,,2.0,,2.0,2,1.5,0.75,0.5,1.0,0.5,10.0,10.0,0.0,12.0,2.0,100000000.0,1.0,0.65,0.0,1.5,1.5,development / uncalibrated,620,20.0,1.0,0.20483870967741935,0.2887096774193548,0.1967741935483871,0.10161290322580645,0.20806451612903226,0.7951612903225806,0.7564516129032258,nan,75,41,-1.2031605537016183,-2.091500564430177,0.1548554397512277
ch1.csv,D:\Code\Python_Projects\DPS_Studio\data\raw\ch1.csv,3BDCEFD19B0CABD45FF713BC104E00829876F0BE4303ABCFFF31DC5ADA727A6A,single_voltage_column_from_two_column_file,ch1__balanced__pdv_channel_1,balanced,Balanced,pdv_channel_1,20,permissive,,,2.0,,2.0,2,1.5,0.75,0.5,1.0,0.5,10.0,10.0,0.0,12.0,2.0,100000000.0,1.0,0.8,0.0,1.0,1.0,development / uncalibrated,620,20.0,1.0,0.12903225806451613,0.36774193548387096,0.21129032258064517,0.1064516129032258,0.18548387096774194,0.8709677419354839,0.8,nan,50,89,-1.28720734328342,-1.777359462104225,-0.4554374307839082
ch1.csv,D:\Code\Python_Projects\DPS_Studio\data\raw\ch1.csv,3BDCEFD19B0CABD45FF713BC104E00829876F0BE4303ABCFFF31DC5ADA727A6A,single_voltage_column_from_two_column_file,ch1__high_time_resolution__pdv_channel_1,high_time_resolution,High time resolution,pdv_channel_1,5,conservative,,,2.0,,2.0,2,1.5,0.75,0.5,1.0,0.5,10.0,10.0,0.0,12.0,2.0,100000000.0,1.0,0.25,0.0,3.0,3.0,development / uncalibrated,622,5.0,1.0,1.0,0.0,0.0,0.0,0.0,0.0,0.10128617363344052,nan,0,0,2.75,2.1458763545206536,2.999860189996813
ch1.csv,D:\Code\Python_Projects\DPS_Studio\data\raw\ch1.csv,3BDCEFD19B0CABD45FF713BC104E00829876F0BE4303ABCFFF31DC5ADA727A6A,single_voltage_column_from_two_column_file,ch1__high_time_resolution__pdv_channel_1,high_time_resolution,High time resolution,pdv_channel_1,5,balanced,,,2.0,,2.0,2,1.5,0.75,0.5,1.0,0.5,10.0,10.0,0.0,12.0,2.0,100000000.0,1.0,0.65,0.0,1.5,1.5,development / uncalibrated,622,5.0,1.0,0.7990353697749196,0.1414790996784566,0.04180064308681672,0.00964630225080386,0.008038585209003215,0.20096463022508038,0.14308681672025725,nan,45,13,0.2786759585749081,-1.526148839611166,0.9461930583821327
ch1.csv,D:\Code\Python_Projects\DPS_Studio\data\raw\ch1.csv,3BDCEFD19B0CABD45FF713BC104E00829876F0BE4303ABCFFF31DC5ADA727A6A,single_voltage_column_from_two_column_file,ch1__high_time_resolution__pdv_channel_1,high_time_resolution,High time resolution,pdv_channel_1,5,permissive,,,2.0,,2.0,2,1.5,0.75,0.5,1.0,0.5,10.0,10.0,0.0,12.0,2.0,100000000.0,1.0,0.8,0.0,1.0,1.0,development / uncalibrated,622,5.0,1.0,0.4565916398713826,0.3070739549839228,0.14308681672025725,0.05787781350482315,0.03536977491961415,0.5434083601286174,0.5016077170418006,nan,39,95,-0.5727211703042485,-1.5939044787497507,0.2870500649255831
ch1.csv,D:\Code\Python_Projects\DPS_Studio\data\raw\ch1.csv,3BDCEFD19B0CABD45FF713BC104E00829876F0BE4303ABCFFF31DC5ADA727A6A,single_voltage_column_from_two_column_file,ch1__high_time_resolution__pdv_channel_1,high_time_resolution,High time resolution,pdv_channel_1,10,conservative,,,2.0,,2.0,2,1.5,0.75,0.5,1.0,0.5,10.0,10.0,0.0,12.0,2.0,100000000.0,1.0,0.25,0.0,3.0,3.0,development / uncalibrated,622,10.0,1.0,1.0,0.0,0.0,0.0,0.0,0.0,0.10128617363344052,nan,0,0,2.75,2.1458763545206536,2.999860189996813
ch1.csv,D:\Code\Python_Projects\DPS_Studio\data\raw\ch1.csv,3BDCEFD19B0CABD45FF713BC104E00829876F0BE4303ABCFFF31DC5ADA727A6A,single_voltage_column_from_two_column_file,ch1__high_time_resolution__pdv_channel_1,high_time_resolution,High time resolution,pdv_channel_1,10,balanced,,,2.0,,2.0,2,1.5,0.75,0.5,1.0,0.5,10.0,10.0,0.0,12.0,2.0,100000000.0,1.0,0.65,0.0,1.5,1.5,development / uncalibrated,622,10.0,1.0,0.7379421221864951,0.16881028938906753,0.05305466237942122,0.02090032154340836,0.01929260450160772,0.2620578778135048,0.20096463022508038,nan,45,19,0.19003439485076257,-1.6801269992131467,0.8500000000000227
ch1.csv,D:\Code\Python_Projects\DPS_Studio\data\raw\ch1.csv,3BDCEFD19B0CABD45FF713BC104E00829876F0BE4303ABCFFF31DC5ADA727A6A,single_voltage_column_from_two_column_file,ch1__high_time_resolution__pdv_channel_1,high_time_resolution,High time resolution,pdv_channel_1,10,permissive,,,2.0,,2.0,2,1.5,0.75,0.5,1.0,0.5,10.0,10.0,0.0,12.0,2.0,100000000.0,1.0,0.8,0.0,1.0,1.0,development / uncalibrated,622,10.0,1.0,0.3954983922829582,0.3183279742765273,0.14630225080385853,0.06430868167202572,0.07556270096463022,0.6045016077170418,0.5627009646302251,nan,39,93,-0.6802496726638978,-1.6329091413134962,0.15693841783956358
ch1.csv,D:\Code\Python_Projects\DPS_Studio\data\raw\ch1.csv,3BDCEFD19B0CABD45FF713BC104E00829876F0BE4303ABCFFF31DC5ADA727A6A,single_voltage_column_from_two_column_file,ch1__high_time_resolution__pdv_channel_1,high_time_resolution,High time resolution,pdv_channel_1,15,conservative,,,2.0,,2.0,2,1.5,0.75,0.5,1.0,0.5,10.0,10.0,0.0,12.0,2.0,100000000.0,1.0,0.25,0.0,3.0,3.0,development / uncalibrated,622,14.9983922829582,1.0,1.0,0.0,0.0,0.0,0.0,0.0,0.10128617363344052,nan,0,0,2.75,2.1458763545206536,2.999860189996813
ch1.csv,D:\Code\Python_Projects\DPS_Studio\data\raw\ch1.csv,3BDCEFD19B0CABD45FF713BC104E00829876F0BE4303ABCFFF31DC5ADA727A6A,single_voltage_column_from_two_column_file,ch1__high_time_resolution__pdv_channel_1,high_time_resolution,High time resolution,pdv_channel_1,15,balanced,,,2.0,,2.0,2,1.5,0.75,0.5,1.0,0.5,10.0,10.0,0.0,12.0,2.0,100000000.0,1.0,0.65,0.0,1.5,1.5,development / uncalibrated,622,14.9983922829582,1.0,0.7379421221864951,0.16881028938906753,0.05305466237942122,0.02090032154340836,0.01929260450160772,0.2620578778135048,0.20096463022508038,nan,45,19,0.1864277970175987,-1.6801269992131467,0.8500000000000227
ch1.csv,D:\Code\Python_Projects\DPS_Studio\data\raw\ch1.csv,3BDCEFD19B0CABD45FF713BC104E00829876F0BE4303ABCFFF31DC5ADA727A6A,single_voltage_column_from_two_column_file,ch1__high_time_resolution__pdv_channel_1,high_time_resolution,High time resolution,pdv_channel_1,15,permissive,,,2.0,,2.0,2,1.5,0.75,0.5,1.0,0.5,10.0,10.0,0.0,12.0,2.0,100000000.0,1.0,0.8,0.0,1.0,1.0,development / uncalibrated,622,14.9983922829582,1.0,0.39228295819935693,0.31511254019292606,0.14790996784565916,0.06591639871382636,0.07877813504823152,0.6077170418006431,0.5659163987138264,nan,39,91,-0.6842210267081157,-1.6414786284466032,0.1568406532604852
ch1.csv,D:\Code\Python_Projects\DPS_Studio\data\raw\ch1.csv,3BDCEFD19B0CABD45FF713BC104E00829876F0BE4303ABCFFF31DC5ADA727A6A,single_voltage_column_from_two_column_file,ch1__high_time_resolution__pdv_channel_1,high_time_resolution,High time resolution,pdv_channel_1,20,conservative,,,2.0,,2.0,2,1.5,0.75,0.5,1.0,0.5,10.0,10.0,0.0,12.0,2.0,100000000.0,1.0,0.25,0.0,3.0,3.0,development / uncalibrated,622,19.956591639871384,1.0,1.0,0.0,0.0,0.0,0.0,0.0,0.10128617363344052,nan,0,0,2.75,2.1458763545206536,2.999860189996813
ch1.csv,D:\Code\Python_Projects\DPS_Studio\data\raw\ch1.csv,3BDCEFD19B0CABD45FF713BC104E00829876F0BE4303ABCFFF31DC5ADA727A6A,single_voltage_column_from_two_column_file,ch1__high_time_resolution__pdv_channel_1,high_time_resolution,High time resolution,pdv_channel_1,20,balanced,,,2.0,,2.0,2,1.5,0.75,0.5,1.0,0.5,10.0,10.0,0.0,12.0,2.0,100000000.0,1.0,0.65,0.0,1.5,1.5,development / uncalibrated,622,19.956591639871384,1.0,0.7379421221864951,0.16881028938906753,0.05305466237942122,0.02090032154340836,0.01929260450160772,0.2620578778135048,0.20096463022508038,nan,45,19,0.17970321399757694,-1.6801269992131467,0.8500000000000014
ch1.csv,D:\Code\Python_Projects\DPS_Studio\data\raw\ch1.csv,3BDCEFD19B0CABD45FF713BC104E00829876F0BE4303ABCFFF31DC5ADA727A6A,single_voltage_column_from_two_column_file,ch1__high_time_resolution__pdv_channel_1,high_time_resolution,High time resolution,pdv_channel_1,20,permissive,,,2.0,,2.0,2,1.5,0.75,0.5,1.0,0.5,10.0,10.0,0.0,12.0,2.0,100000000.0,1.0,0.8,0.0,1.0,1.0,development / uncalibrated,622,19.956591639871384,1.0,0.39228295819935693,0.31511254019292606,0.14790996784565916,0.06591639871382636,0.07877813504823152,0.6077170418006431,0.5659163987138264,nan,39,91,-0.6842210267081157,-1.6414786284466032,0.1498327940961331
ch2.csv,D:\Code\Python_Projects\DPS_Studio\data\raw\ch2.csv,975D5EDC124754A170CAC083247D2F2BA1232F6BF6D26F2C878B498025B27A5F,single_voltage_column_from_two_column_file,ch2__balanced__pdv_channel_1,balanced,Balanced,pdv_channel_1,5,conservative,,,2.0,,2.0,2,1.5,0.75,0.5,1.0,0.5,10.0,10.0,0.0,12.0,2.0,100000000.0,1.0,0.25,0.0,3.0,3.0,development / uncalibrated,620,5.0,1.0,0.8596774193548387,0.13870967741935483,0.0,0.0016129032258064516,0.0,0.1403225806451613,0.10967741935483871,nan,58,4,2.5455437715505127,-0.09670180817351995,2.96837264402875
ch2.csv,D:\Code\Python_Projects\DPS_Studio\data\raw\ch2.csv,975D5EDC124754A170CAC083247D2F2BA1232F6BF6D26F2C878B498025B27A5F,single_voltage_column_from_two_column_file,ch2__balanced__pdv_channel_1,balanced,Balanced,pdv_channel_1,5,balanced,,,2.0,,2.0,2,1.5,0.75,0.5,1.0,0.5,10.0,10.0,0.0,12.0,2.0,100000000.0,1.0,0.65,0.0,1.5,1.5,development / uncalibrated,620,5.0,1.0,0.5209677419354839,0.3548387096774194,0.06451612903225806,0.03064516129032258,0.02903225806451613,0.4790322580645161,0.28225806451612906,nan,62,35,-0.4272592343938868,-2.1447595920280493,0.7074079601455282
ch2.csv,D:\Code\Python_Projects\DPS_Studio\data\raw\ch2.csv,975D5EDC124754A170CAC083247D2F2BA1232F6BF6D26F2C878B498025B27A5F,single_voltage_column_from_two_column_file,ch2__balanced__pdv_channel_1,balanced,Balanced,pdv_channel_1,5,permissive,,,2.0,,2.0,2,1.5,0.75,0.5,1.0,0.5,10.0,10.0,0.0,12.0,2.0,100000000.0,1.0,0.8,0.0,1.0,1.0,development / uncalibrated,620,5.0,1.0,0.23870967741935484,0.47580645161290325,0.13225806451612904,0.07258064516129033,0.08064516129032258,0.7612903225806451,0.5645161290322581,nan,62,95,-1.1448160598847537,-1.7966286400987883,0.029831728286459358
ch2.csv,D:\Code\Python_Projects\DPS_Studio\data\raw\ch2.csv,975D5EDC124754A170CAC083247D2F2BA1232F6BF6D26F2C878B498025B27A5F,single_voltage_column_from_two_column_file,ch2__balanced__pdv_channel_1,balanced,Balanced,pdv_channel_1,10,conservative,,,2.0,,2.0,2,1.5,0.75,0.5,1.0,0.5,10.0,10.0,0.0,12.0,2.0,100000000.0,1.0,0.25,0.0,3.0,3.0,development / uncalibrated,620,10.0,1.0,0.8,0.1774193548387097,0.0032258064516129032,0.004838709677419355,0.014516129032258065,0.2,0.10806451612903226,nan,124,2,2.5319431111884967,-3.0119528280408585,2.9619362683403216
ch2.csv,D:\Code\Python_Projects\DPS_Studio\data\raw\ch2.csv,975D5EDC124754A170CAC083247D2F2BA1232F6BF6D26F2C878B498025B27A5F,single_voltage_column_from_two_column_file,ch2__balanced__pdv_channel_1,balanced,Balanced,pdv_channel_1,10,balanced,,,2.0,,2.0,2,1.5,0.75,0.5,1.0,0.5,10.0,10.0,0.0,12.0,2.0,100000000.0,1.0,0.65,0.0,1.5,1.5,development / uncalibrated,620,10.0,1.0,0.5096774193548387,0.3548387096774194,0.06451612903225806,0.03064516129032258,0.04032258064516129,0.49032258064516127,0.29354838709677417,nan,129,29,-0.674987317174427,-2.1458400720157274,0.5383734310696171
ch2.csv,D:\Code\Python_Projects\DPS_Studio\data\raw\ch2.csv,975D5EDC124754A170CAC083247D2F2BA1232F6BF6D26F2C878B498025B27A5F,single_voltage_column_from_two_column_file,ch2__balanced__pdv_channel_1,balanced,Balanced,pdv_channel_1,10,permissive,,,2.0,,2.0,2,1.5,0.75,0.5,1.0,0.5,10.0,10.0,0.0,12.0,2.0,100000000.0,1.0,0.8,0.0,1.0,1.0,development / uncalibrated,620,10.0,1.0,0.18064516129032257,0.46774193548387094,0.13870967741935483,0.08387096774193549,0.12903225806451613,0.8193548387096774,0.6225806451612903,nan,129,89,-1.1893701718097276,-1.797023372543623,-0.18844853222665556
ch2.csv,D:\Code\Python_Projects\DPS_Studio\data\raw\ch2.csv,975D5EDC124754A170CAC083247D2F2BA1232F6BF6D26F2C878B498025B27A5F,single_voltage_column_from_two_column_file,ch2__balanced__pdv_channel_1,balanced,Balanced,pdv_channel_1,15,conservative,,,2.0,,2.0,2,1.5,0.75,0.5,1.0,0.5,10.0,10.0,0.0,12.0,2.0,100000000.0,1.0,0.25,0.0,3.0,3.0,development / uncalibrated,620,15.0,1.0,0.8,0.1774193548387097,0.0032258064516129032,0.004838709677419355,0.014516129032258065,0.2,0.10806451612903226,nan,124,2,2.5319431111884967,-3.0119528280408585,2.9619362683403216
ch2.csv,D:\Code\Python_Projects\DPS_Studio\data\raw\ch2.csv,975D5EDC124754A170CAC083247D2F2BA1232F6BF6D26F2C878B498025B27A5F,single_voltage_column_from_two_column_file,ch2__balanced__pdv_channel_1,balanced,Balanced,pdv_channel_1,15,balanced,,,2.0,,2.0,2,1.5,0.75,0.5,1.0,0.5,10.0,10.0,0.0,12.0,2.0,100000000.0,1.0,0.65,0.0,1.5,1.5,development / uncalibrated,620,15.0,1.0,0.5,0.35161290322580646,0.06935483870967742,0.03387096774193549,0.04516129032258064,0.5,0.3032258064516129,nan,129,29,-0.723690240887267,-2.1458400720157274,0.4912821111849167
ch2.csv,D:\Code\Python_Projects\DPS_Studio\data\raw\ch2.csv,975D5EDC124754A170CAC083247D2F2BA1232F6BF6D26F2C878B498025B27A5F,single_voltage_column_from_two_column_file,ch2__balanced__pdv_channel_1,balanced,Balanced,pdv_channel_1,15,permissive,,,2.0,,2.0,2,1.5,0.75,0.5,1.0,0.5,10.0,10.0,0.0,12.0,2.0,100000000.0,1.0,0.8,0.0,1.0,1.0,development / uncalibrated,620,15.0,1.0,0.1693548387096774,0.46774193548387094,0.1435483870967742,0.08225806451612903,0.13709677419354838,0.8306451612903226,0.6338709677419355,nan,129,89,-1.1947902678301432,-1.797023372543623,-0.2885108702152535
ch2.csv,D:\Code\Python_Projects\DPS_Studio\data\raw\ch2.csv,975D5EDC124754A170CAC083247D2F2BA1232F6BF6D26F2C878B498025B27A5F,single_voltage_column_from_two_column_file,ch2__balanced__pdv_channel_1,balanced,Balanced,pdv_channel_1,20,conservative,,,2.0,,2.0,2,1.5,0.75,0.5,1.0,0.5,10.0,10.0,0.0,12.0,2.0,100000000.0,1.0,0.25,0.0,3.0,3.0,development / uncalibrated,620,19.998387096774195,1.0,0.7596774193548387,0.20806451612903226,0.0064516129032258064,0.0064516129032258064,0.01935483870967742,0.2403225806451613,0.11935483870967742,nan,149,1,2.513367729540036,-3.0119528280408585,2.96140626272271
ch2.csv,D:\Code\Python_Projects\DPS_Studio\data\raw\ch2.csv,975D5EDC124754A170CAC083247D2F2BA1232F6BF6D26F2C878B498025B27A5F,single_voltage_column_from_two_column_file,ch2__balanced__pdv_channel_1,balanced,Balanced,pdv_channel_1,20,balanced,,,2.0,,2.0,2,1.5,0.75,0.5,1.0,0.5,10.0,10.0,0.0,12.0,2.0,100000000.0,1.0,0.65,0.0,1.5,1.5,development / uncalibrated,620,19.998387096774195,1.0,0.4967741935483871,0.35161290322580646,0.06774193548387097,0.035483870967741936,0.04838709677419355,0.5032258064516129,0.3064516129032258,nan,153,27,-0.7358928810762109,-2.1458400720157274,0.47038859570909924
ch2.csv,D:\Code\Python_Projects\DPS_Studio\data\raw\ch2.csv,975D5EDC124754A170CAC083247D2F2BA1232F6BF6D26F2C878B498025B27A5F,single_voltage_column_from_two_column_file,ch2__balanced__pdv_channel_1,balanced,Balanced,pdv_channel_1,20,permissive,,,2.0,,2.0,2,1.5,0.75,0.5,1.0,0.5,10.0,10.0,0.0,12.0,2.0,100000000.0,1.0,0.8,0.0,1.0,1.0,development / uncalibrated,620,19.998387096774195,1.0,0.1629032258064516,0.46774193548387094,0.14193548387096774,0.08387096774193549,0.1435483870967742,0.8370967741935483,0.6403225806451613,nan,153,85,-1.1973891334144184,-1.797023372543623,-0.31569712602344274
ch2.csv,D:\Code\Python_Projects\DPS_Studio\data\raw\ch2.csv,975D5EDC124754A170CAC083247D2F2BA1232F6BF6D26F2C878B498025B27A5F,single_voltage_column_from_two_column_file,ch2__high_time_resolution__pdv_channel_1,high_time_resolution,High time resolution,pdv_channel_1,5,conservative,,,2.0,,2.0,2,1.5,0.75,0.5,1.0,0.5,10.0,10.0,0.0,12.0,2.0,100000000.0,1.0,0.25,0.0,3.0,3.0,development / uncalibrated,622,5.0,1.0,0.909967845659164,0.08842443729903537,0.001607717041800643,0.0,0.0,0.09003215434083602,0.09807073954983923,nan,56,2,2.75,1.4001093956848665,3.141562395661871
ch2.csv,D:\Code\Python_Projects\DPS_Studio\data\raw\ch2.csv,975D5EDC124754A170CAC083247D2F2BA1232F6BF6D26F2C878B498025B27A5F,single_voltage_column_from_two_column_file,ch2__high_time_resolution__pdv_channel_1,high_time_resolution,High time resolution,pdv_channel_1,5,balanced,,,2.0,,2.0,2,1.5,0.75,0.5,1.0,0.5,10.0,10.0,0.0,12.0,2.0,100000000.0,1.0,0.65,0.0,1.5,1.5,development / uncalibrated,622,5.0,1.0,0.684887459807074,0.2572347266881029,0.04019292604501608,0.006430868167202572,0.011254019292604502,0.31511254019292606,0.18167202572347266,nan,59,21,0.5071656650433596,-2.104429019138462,1.1451002156747505
ch2.csv,D:\Code\Python_Projects\DPS_Studio\data\raw\ch2.csv,975D5EDC124754A170CAC083247D2F2BA1232F6BF6D26F2C878B498025B27A5F,single_voltage_column_from_two_column_file,ch2__high_time_resolution__pdv_channel_1,high_time_resolution,High time resolution,pdv_channel_1,5,permissive,,,2.0,,2.0,2,1.5,0.75,0.5,1.0,0.5,10.0,10.0,0.0,12.0,2.0,100000000.0,1.0,0.8,0.0,1.0,1.0,development / uncalibrated,622,5.0,1.0,0.5819935691318328,0.3247588424437299,0.05627009646302251,0.02090032154340836,0.01607717041800643,0.4180064308681672,0.2797427652733119,nan,59,49,-0.31364199506244006,-1.7772597721815373,0.44415902884204994
ch2.csv,D:\Code\Python_Projects\DPS_Studio\data\raw\ch2.csv,975D5EDC124754A170CAC083247D2F2BA1232F6BF6D26F2C878B498025B27A5F,single_voltage_column_from_two_column_file,ch2__high_time_resolution__pdv_channel_1,high_time_resolution,High time resolution,pdv_channel_1,10,conservative,,,2.0,,2.0,2,1.5,0.75,0.5,1.0,0.5,10.0,10.0,0.0,12.0,2.0,100000000.0,1.0,0.25,0.0,3.0,3.0,development / uncalibrated,622,10.0,1.0,0.909967845659164,0.08842443729903537,0.001607717041800643,0.0,0.0,0.09003215434083602,0.09807073954983923,nan,56,2,2.75,1.1590435005834223,3.141562395661871
ch2.csv,D:\Code\Python_Projects\DPS_Studio\data\raw\ch2.csv,975D5EDC124754A170CAC083247D2F2BA1232F6BF6D26F2C878B498025B27A5F,single_voltage_column_from_two_column_file,ch2__high_time_resolution__pdv_channel_1,high_time_resolution,High time resolution,pdv_channel_1,10,balanced,,,2.0,,2.0,2,1.5,0.75,0.5,1.0,0.5,10.0,10.0,0.0,12.0,2.0,100000000.0,1.0,0.65,0.0,1.5,1.5,development / uncalibrated,622,10.0,1.0,0.684887459807074,0.2572347266881029,0.04019292604501608,0.006430868167202572,0.011254019292604502,0.31511254019292606,0.18167202572347266,nan,59,21,0.4562179373369304,-2.104429019138462,1.104488006843573
ch2.csv,D:\Code\Python_Projects\DPS_Studio\data\raw\ch2.csv,975D5EDC124754A170CAC083247D2F2BA1232F6BF6D26F2C878B498025B27A5F,single_voltage_column_from_two_column_file,ch2__high_time_resolution__pdv_channel_1,high_time_resolution,High time resolution,pdv_channel_1,10,permissive,,,2.0,,2.0,2,1.5,0.75,0.5,1.0,0.5,10.0,10.0,0.0,12.0,2.0,100000000.0,1.0,0.8,0.0,1.0,1.0,development / uncalibrated,622,10.0,1.0,0.5643086816720257,0.3311897106109325,0.05787781350482315,0.022508038585209004,0.024115755627009645,0.43569131832797425,0.297427652733119,nan,59,51,-0.40845924367430086,-1.7772597721815373,0.35443057937313255
ch2.csv,D:\Code\Python_Projects\DPS_Studio\data\raw\ch2.csv,975D5EDC124754A170CAC083247D2F2BA1232F6BF6D26F2C878B498025B27A5F,single_voltage_column_from_two_column_file,ch2__high_time_resolution__pdv_channel_1,high_time_resolution,High time resolution,pdv_channel_1,15,conservative,,,2.0,,2.0,2,1.5,0.75,0.5,1.0,0.5,10.0,10.0,0.0,12.0,2.0,100000000.0,1.0,0.25,0.0,3.0,3.0,development / uncalibrated,622,14.995176848874598,1.0,0.909967845659164,0.08842443729903537,0.001607717041800643,0.0,0.0,0.09003215434083602,0.09807073954983923,nan,56,2,2.75,0.9152962549888173,3.1382250485199052
ch2.csv,D:\Code\Python_Projects\DPS_Studio\data\raw\ch2.csv,975D5EDC124754A170CAC083247D2F2BA1232F6BF6D26F2C878B498025B27A5F,single_voltage_column_from_two_column_file,ch2__high_time_resolution__pdv_channel_1,high_time_resolution,High time resolution,pdv_channel_1,15,balanced,,,2.0,,2.0,2,1.5,0.75,0.5,1.0,0.5,10.0,10.0,0.0,12.0,2.0,100000000.0,1.0,0.65,0.0,1.5,1.5,development / uncalibrated,622,14.995176848874598,1.0,0.684887459807074,0.2572347266881029,0.04019292604501608,0.006430868167202572,0.011254019292604502,0.31511254019292606,0.18167202572347266,nan,59,21,0.4238498372762507,-2.104429019138462,1.0941642014515394
ch2.csv,D:\Code\Python_Projects\DPS_Studio\data\raw\ch2.csv,975D5EDC124754A170CAC083247D2F2BA1232F6BF6D26F2C878B498025B27A5F,single_voltage_column_from_two_column_file,ch2__high_time_resolution__pdv_channel_1,high_time_resolution,High time resolution,pdv_channel_1,15,permissive,,,2.0,,2.0,2,1.5,0.75,0.5,1.0,0.5,10.0,10.0,0.0,12.0,2.0,100000000.0,1.0,0.8,0.0,1.0,1.0,development / uncalibrated,622,14.995176848874598,1.0,0.5643086816720257,0.3311897106109325,0.05787781350482315,0.022508038585209004,0.024115755627009645,0.43569131832797425,0.297427652733119,nan,59,51,-0.4094463027754891,-1.7772597721815373,0.3472903377208822
ch2.csv,D:\Code\Python_Projects\DPS_Studio\data\raw\ch2.csv,975D5EDC124754A170CAC083247D2F2BA1232F6BF6D26F2C878B498025B27A5F,single_voltage_column_from_two_column_file,ch2__high_time_resolution__pdv_channel_1,high_time_resolution,High time resolution,pdv_channel_1,20,conservative,,,2.0,,2.0,2,1.5,0.75,0.5,1.0,0.5,10.0,10.0,0.0,12.0,2.0,100000000.0,1.0,0.25,0.0,3.0,3.0,development / uncalibrated,622,19.94855305466238,1.0,0.909967845659164,0.08842443729903537,0.001607717041800643,0.0,0.0,0.09003215434083602,0.09807073954983923,nan,56,2,2.75,0.9152962549888173,3.1382250485199052
ch2.csv,D:\Code\Python_Projects\DPS_Studio\data\raw\ch2.csv,975D5EDC124754A170CAC083247D2F2BA1232F6BF6D26F2C878B498025B27A5F,single_voltage_column_from_two_column_file,ch2__high_time_resolution__pdv_channel_1,high_time_resolution,High time resolution,pdv_channel_1,20,balanced,,,2.0,,2.0,2,1.5,0.75,0.5,1.0,0.5,10.0,10.0,0.0,12.0,2.0,100000000.0,1.0,0.65,0.0,1.5,1.5,development / uncalibrated,622,19.94855305466238,1.0,0.684887459807074,0.2572347266881029,0.04019292604501608,0.006430868167202572,0.011254019292604502,0.31511254019292606,0.18167202572347266,nan,59,21,0.4238498372762507,-2.104429019138462,1.0941642014515394
ch2.csv,D:\Code\Python_Projects\DPS_Studio\data\raw\ch2.csv,975D5EDC124754A170CAC083247D2F2BA1232F6BF6D26F2C878B498025B27A5F,single_voltage_column_from_two_column_file,ch2__high_time_resolution__pdv_channel_1,high_time_resolution,High time resolution,pdv_channel_1,20,permissive,,,2.0,,2.0,2,1.5,0.75,0.5,1.0,0.5,10.0,10.0,0.0,12.0,2.0,100000000.0,1.0,0.8,0.0,1.0,1.0,development / uncalibrated,622,19.94855305466238,1.0,0.5643086816720257,0.3311897106109325,0.05787781350482315,0.022508038585209004,0.024115755627009645,0.43569131832797425,0.297427652733119,nan,59,51,-0.4094463027754891,-1.7772597721815373,0.3472903377208822
ch3.csv,D:\Code\Python_Projects\DPS_Studio\data\raw\ch3.csv,401673B77829D4B2568A4B2A9B88DC649AFA926B668C6C493012D8FC30115D49,single_voltage_column_from_two_column_file,ch3__balanced__pdv_channel_1,balanced,Balanced,pdv_channel_1,5,conservative,,,2.0,,2.0,2,1.5,0.75,0.5,1.0,0.5,10.0,10.0,0.0,12.0,2.0,100000000.0,1.0,0.25,0.0,3.0,3.0,development / uncalibrated,620,5.0,1.0,0.9225806451612903,0.07419354838709677,0.0016129032258064516,0.0016129032258064516,0.0,0.07741935483870968,0.054838709677419356,nan,48,2,2.5025653395826453,1.8166765581977167,2.8004850999229274
ch3.csv,D:\Code\Python_Projects\DPS_Studio\data\raw\ch3.csv,401673B77829D4B2568A4B2A9B88DC649AFA926B668C6C493012D8FC30115D49,single_voltage_column_from_two_column_file,ch3__balanced__pdv_channel_1,balanced,Balanced,pdv_channel_1,5,balanced,,,2.0,,2.0,2,1.5,0.75,0.5,1.0,0.5,10.0,10.0,0.0,12.0,2.0,100000000.0,1.0,0.65,0.0,1.5,1.5,development / uncalibrated,620,5.0,1.0,0.5838709677419355,0.22096774193548388,0.09516129032258064,0.04838709677419355,0.05161290322580645,0.4161290322580645,0.35161290322580646,nan,49,47,-0.38264011748904636,-1.9554987828494943,0.4651241008909558
ch3.csv,D:\Code\Python_Projects\DPS_Studio\data\raw\ch3.csv,401673B77829D4B2568A4B2A9B88DC649AFA926B668C6C493012D8FC30115D49,single_voltage_column_from_two_column_file,ch3__balanced__pdv_channel_1,balanced,Balanced,pdv_channel_1,5,permissive,,,2.0,,2.0,2,1.5,0.75,0.5,1.0,0.5,10.0,10.0,0.0,12.0,2.0,100000000.0,1.0,0.8,0.0,1.0,1.0,development / uncalibrated,620,5.0,1.0,0.23225806451612904,0.4080645161290323,0.16612903225806452,0.08870967741935484,0.10483870967741936,0.7677419354838709,0.7,nan,49,143,-1.048215797195951,-1.7555461266395327,-0.014557394028712608
ch3.csv,D:\Code\Python_Projects\DPS_Studio\data\raw\ch3.csv,401673B77829D4B2568A4B2A9B88DC649AFA926B668C6C493012D8FC30115D49,single_voltage_column_from_two_column_file,ch3__balanced__pdv_channel_1,balanced,Balanced,pdv_channel_1,10,conservative,,,2.0,,2.0,2,1.5,0.75,0.5,1.0,0.5,10.0,10.0,0.0,12.0,2.0,100000000.0,1.0,0.25,0.0,3.0,3.0,development / uncalibrated,620,10.0,1.0,0.9225806451612903,0.07419354838709677,0.0016129032258064516,0.0016129032258064516,0.0,0.07741935483870968,0.054838709677419356,nan,48,2,2.5014477775805446,1.7819597113756716,2.7903363577561633
ch3.csv,D:\Code\Python_Projects\DPS_Studio\data\raw\ch3.csv,401673B77829D4B2568A4B2A9B88DC649AFA926B668C6C493012D8FC30115D49,single_voltage_column_from_two_column_file,ch3__balanced__pdv_channel_1,balanced,Balanced,pdv_channel_1,10,balanced,,,2.0,,2.0,2,1.5,0.75,0.5,1.0,0.5,10.0,10.0,0.0,12.0,2.0,100000000.0,1.0,0.65,0.0,1.5,1.5,development / uncalibrated,620,10.0,1.0,0.47258064516129034,0.24838709677419354,0.11774193548387096,0.05,0.11129032258064517,0.5274193548387097,0.4612903225806452,nan,51,53,-0.7640880195370734,-1.9835629832604098,0.20498220227212374
ch3.csv,D:\Code\Python_Projects\DPS_Studio\data\raw\ch3.csv,401673B77829D4B2568A4B2A9B88DC649AFA926B668C6C493012D8FC30115D49,single_voltage_column_from_two_column_file,ch3__balanced__pdv_channel_1,balanced,Balanced,pdv_channel_1,10,permissive,,,2.0,,2.0,2,1.5,0.75,0.5,1.0,0.5,10.0,10.0,0.0,12.0,2.0,100000000.0,1.0,0.8,0.0,1.0,1.0,development / uncalibrated,620,10.0,1.0,0.1629032258064516,0.38225806451612904,0.17096774193548386,0.08225806451612903,0.20161290322580644,0.8370967741935483,0.7709677419354839,nan,51,124,-1.169026156246531,-1.7555461266395327,-0.3636092489823795
ch3.csv,D:\Code\Python_Projects\DPS_Studio\data\raw\ch3.csv,401673B77829D4B2568A4B2A9B88DC649AFA926B668C6C493012D8FC30115D49,single_voltage_column_from_two_column_file,ch3__balanced__pdv_channel_1,balanced,Balanced,pdv_channel_1,15,conservative,,,2.0,,2.0,2,1.5,0.75,0.5,1.0,0.5,10.0,10.0,0.0,12.0,2.0,100000000.0,1.0,0.25,0.0,3.0,3.0,development / uncalibrated,620,15.0,1.0,0.9225806451612903,0.07419354838709677,0.0016129032258064516,0.0016129032258064516,0.0,0.07741935483870968,0.054838709677419356,nan,48,2,2.5014477775805446,1.7819597113756716,2.7903363577561633
ch3.csv,D:\Code\Python_Projects\DPS_Studio\data\raw\ch3.csv,401673B77829D4B2568A4B2A9B88DC649AFA926B668C6C493012D8FC30115D49,single_voltage_column_from_two_column_file,ch3__balanced__pdv_channel_1,balanced,Balanced,pdv_channel_1,15,balanced,,,2.0,,2.0,2,1.5,0.75,0.5,1.0,0.5,10.0,10.0,0.0,12.0,2.0,100000000.0,1.0,0.65,0.0,1.5,1.5,development / uncalibrated,620,15.0,1.0,0.4306451612903226,0.2564516129032258,0.12580645161290321,0.05967741935483871,0.12741935483870967,0.5693548387096774,0.5032258064516129,nan,51,55,-0.9208314723154096,-1.9835629832604098,0.10014949506218564
ch3.csv,D:\Code\Python_Projects\DPS_Studio\data\raw\ch3.csv,401673B77829D4B2568A4B2A9B88DC649AFA926B668C6C493012D8FC30115D49,single_voltage_column_from_two_column_file,ch3__balanced__pdv_channel_1,balanced,Balanced,pdv_channel_1,15,permissive,,,2.0,,2.0,2,1.5,0.75,0.5,1.0,0.5,10.0,10.0,0.0,12.0,2.0,100000000.0,1.0,0.8,0.0,1.0,1.0,development / uncalibrated,620,15.0,1.0,0.14838709677419354,0.36935483870967745,0.17419354838709677,0.08548387096774193,0.22258064516129034,0.8516129032258064,0.785483870967742,nan,51,112,-1.1926771964919745,-1.7568871135809787,-0.48187996072905576
ch3.csv,D:\Code\Python_Projects\DPS_Studio\data\raw\ch3.csv,401673B77829D4B2568A4B2A9B88DC649AFA926B668C6C493012D8FC30115D49,single_voltage_column_from_two_column_file,ch3__balanced__pdv_channel_1,balanced,Balanced,pdv_channel_1,20,conservative,,,2.0,,2.0,2,1.5,0.75,0.5,1.0,0.5,10.0,10.0,0.0,12.0,2.0,100000000.0,1.0,0.25,0.0,3.0,3.0,development / uncalibrated,620,20.0,1.0,0.9225806451612903,0.07419354838709677,0.0016129032258064516,0.0016129032258064516,0.0,0.07741935483870968,0.054838709677419356,nan,48,2,2.5014477775805446,1.7819597113756716,2.7903363577561633
ch3.csv,D:\Code\Python_Projects\DPS_Studio\data\raw\ch3.csv,401673B77829D4B2568A4B2A9B88DC649AFA926B668C6C493012D8FC30115D49,single_voltage_column_from_two_column_file,ch3__balanced__pdv_channel_1,balanced,Balanced,pdv_channel_1,20,balanced,,,2.0,,2.0,2,1.5,0.75,0.5,1.0,0.5,10.0,10.0,0.0,12.0,2.0,100000000.0,1.0,0.65,0.0,1.5,1.5,development / uncalibrated,620,20.0,1.0,0.41935483870967744,0.2532258064516129,0.11935483870967742,0.06129032258064516,0.14677419354838708,0.5806451612903226,0.5145161290322581,nan,51,51,-0.9436408314619342,-1.9853716795373118,0.0027569564008335825
ch3.csv,D:\Code\Python_Projects\DPS_Studio\data\raw\ch3.csv,401673B77829D4B2568A4B2A9B88DC649AFA926B668C6C493012D8FC30115D49,single_voltage_column_from_two_column_file,ch3__balanced__pdv_channel_1,balanced,Balanced,pdv_channel_1,20,permissive,,,2.0,,2.0,2,1.5,0.75,0.5,1.0,0.5,10.0,10.0,0.0,12.0,2.0,100000000.0,1.0,0.8,0.0,1.0,1.0,development / uncalibrated,620,20.0,1.0,0.14193548387096774,0.36774193548387096,0.17580645161290323,0.09193548387096774,0.22258064516129034,0.8580645161290322,0.7919354838709678,nan,51,110,-1.1958175699129185,-1.756814255484447,-0.48523370169987456
ch3.csv,D:\Code\Python_Projects\DPS_Studio\data\raw\ch3.csv,401673B77829D4B2568A4B2A9B88DC649AFA926B668C6C493012D8FC30115D49,single_voltage_column_from_two_column_file,ch3__high_time_resolution__pdv_channel_1,high_time_resolution,High time resolution,pdv_channel_1,5,conservative,,,2.0,,2.0,2,1.5,0.75,0.5,1.0,0.5,10.0,10.0,0.0,12.0,2.0,100000000.0,1.0,0.25,0.0,3.0,3.0,development / uncalibrated,622,5.0,1.0,1.0,0.0,0.0,0.0,0.0,0.0,0.04823151125401929,nan,0,0,2.75,2.3769469201658815,2.946822173359179
ch3.csv,D:\Code\Python_Projects\DPS_Studio\data\raw\ch3.csv,401673B77829D4B2568A4B2A9B88DC649AFA926B668C6C493012D8FC30115D49,single_voltage_column_from_two_column_file,ch3__high_time_resolution__pdv_channel_1,high_time_resolution,High time resolution,pdv_channel_1,5,balanced,,,2.0,,2.0,2,1.5,0.75,0.5,1.0,0.5,10.0,10.0,0.0,12.0,2.0,100000000.0,1.0,0.65,0.0,1.5,1.5,development / uncalibrated,622,5.0,1.0,0.8778135048231511,0.09967845659163987,0.011254019292604502,0.006430868167202572,0.00482315112540193,0.12218649517684887,0.07717041800643087,nan,47,8,0.2891847775276801,-1.036743768854808,0.898382656090365
ch3.csv,D:\Code\Python_Projects\DPS_Studio\data\raw\ch3.csv,401673B77829D4B2568A4B2A9B88DC649AFA926B668C6C493012D8FC30115D49,single_voltage_column_from_two_column_file,ch3__high_time_resolution__pdv_channel_1,high_time_resolution,High time resolution,pdv_channel_1,5,permissive,,,2.0,,2.0,2,1.5,0.75,0.5,1.0,0.5,10.0,10.0,0.0,12.0,2.0,100000000.0,1.0,0.8,0.0,1.0,1.0,development / uncalibrated,622,5.0,1.0,0.4678456591639871,0.2620578778135048,0.1270096463022508,0.07234726688102894,0.0707395498392283,0.5321543408360129,0.48392282958199356,nan,48,100,-0.538485114946468,-1.5366861040765258,0.25288479866658226
ch3.csv,D:\Code\Python_Projects\DPS_Studio\data\raw\ch3.csv,401673B77829D4B2568A4B2A9B88DC649AFA926B668C6C493012D8FC30115D49,single_voltage_column_from_two_column_file,ch3__high_time_resolution__pdv_channel_1,high_time_resolution,High time resolution,pdv_channel_1,10,conservative,,,2.0,,2.0,2,1.5,0.75,0.5,1.0,0.5,10.0,10.0,0.0,12.0,2.0,100000000.0,1.0,0.25,0.0,3.0,3.0,development / uncalibrated,622,10.0,1.0,1.0,0.0,0.0,0.0,0.0,0.0,0.04823151125401929,nan,0,0,2.75,2.3702109263983018,2.946822173359179
ch3.csv,D:\Code\Python_Projects\DPS_Studio\data\raw\ch3.csv,401673B77829D4B2568A4B2A9B88DC649AFA926B668C6C493012D8FC30115D49,single_voltage_column_from_two_column_file,ch3__high_time_resolution__pdv_channel_1,high_time_resolution,High time resolution,pdv_channel_1,10,balanced,,,2.0,,2.0,2,1.5,0.75,0.5,1.0,0.5,10.0,10.0,0.0,12.0,2.0,100000000.0,1.0,0.65,0.0,1.5,1.5,development / uncalibrated,622,10.0,1.0,0.8665594855305466,0.10128617363344052,0.014469453376205787,0.011254019292604502,0.006430868167202572,0.13344051446945338,0.08842443729903537,nan,47,8,0.19244519711493524,-1.1700198054030646,0.8500000000000227
ch3.csv,D:\Code\Python_Projects\DPS_Studio\data\raw\ch3.csv,401673B77829D4B2568A4B2A9B88DC649AFA926B668C6C493012D8FC30115D49,single_voltage_column_from_two_column_file,ch3__high_time_resolution__pdv_channel_1,high_time_resolution,High time resolution,pdv_channel_1,10,permissive,,,2.0,,2.0,2,1.5,0.75,0.5,1.0,0.5,10.0,10.0,0.0,12.0,2.0,100000000.0,1.0,0.8,0.0,1.0,1.0,development / uncalibrated,622,10.0,1.0,0.432475884244373,0.26366559485530544,0.12861736334405144,0.0707395498392283,0.1045016077170418,0.567524115755627,0.5192926045016077,nan,48,96,-0.667422974507005,-1.5654778962331313,0.16914351943102962
ch3.csv,D:\Code\Python_Projects\DPS_Studio\data\raw\ch3.csv,401673B77829D4B2568A4B2A9B88DC649AFA926B668C6C493012D8FC30115D49,single_voltage_column_from_two_column_file,ch3__high_time_resolution__pdv_channel_1,high_time_resolution,High time resolution,pdv_channel_1,15,conservative,,,2.0,,2.0,2,1.5,0.75,0.5,1.0,0.5,10.0,10.0,0.0,12.0,2.0,100000000.0,1.0,0.25,0.0,3.0,3.0,development / uncalibrated,622,14.996784565916398,1.0,1.0,0.0,0.0,0.0,0.0,0.0,0.04823151125401929,nan,0,0,2.75,2.3702109263983018,2.946822173359179
ch3.csv,D:\Code\Python_Projects\DPS_Studio\data\raw\ch3.csv,401673B77829D4B2568A4B2A9B88DC649AFA926B668C6C493012D8FC30115D49,single_voltage_column_from_two_column_file,ch3__high_time_resolution__pdv_channel_1,high_time_resolution,High time resolution,pdv_channel_1,15,balanced,,,2.0,,2.0,2,1.5,0.75,0.5,1.0,0.5,10.0,10.0,0.0,12.0,2.0,100000000.0,1.0,0.65,0.0,1.5,1.5,development / uncalibrated,622,14.996784565916398,1.0,0.8665594855305466,0.10128617363344052,0.014469453376205787,0.011254019292604502,0.006430868167202572,0.13344051446945338,0.08842443729903537,nan,47,8,0.17454259783630732,-1.1700198054030646,0.8499999999999943
ch3.csv,D:\Code\Python_Projects\DPS_Studio\data\raw\ch3.csv,401673B77829D4B2568A4B2A9B88DC649AFA926B668C6C493012D8FC30115D49,single_voltage_column_from_two_column_file,ch3__high_time_resolution__pdv_channel_1,high_time_resolution,High time resolution,pdv_channel_1,15,permissive,,,2.0,,2.0,2,1.5,0.75,0.5,1.0,0.5,10.0,10.0,0.0,12.0,2.0,100000000.0,1.0,0.8,0.0,1.0,1.0,development / uncalibrated,622,14.996784565916398,1.0,0.4340836012861736,0.2684887459807074,0.13344051446945338,0.06430868167202572,0.09967845659163987,0.5659163987138264,0.5176848874598071,nan,48,96,-0.675747380596583,-1.5654778962331313,0.09115844797463944
ch3.csv,D:\Code\Python_Projects\DPS_Studio\data\raw\ch3.csv,401673B77829D4B2568A4B2A9B88DC649AFA926B668C6C493012D8FC30115D49,single_voltage_column_from_two_column_file,ch3__high_time_resolution__pdv_channel_1,high_time_resolution,High time resolution,pdv_channel_1,20,conservative,,,2.0,,2.0,2,1.5,0.75,0.5,1.0,0.5,10.0,10.0,0.0,12.0,2.0,100000000.0,1.0,0.25,0.0,3.0,3.0,development / uncalibrated,622,19.95337620578778,1.0,1.0,0.0,0.0,0.0,0.0,0.0,0.04823151125401929,nan,0,0,2.75,2.3702109263983018,2.946822173359179
ch3.csv,D:\Code\Python_Projects\DPS_Studio\data\raw\ch3.csv,401673B77829D4B2568A4B2A9B88DC649AFA926B668C6C493012D8FC30115D49,single_voltage_column_from_two_column_file,ch3__high_time_resolution__pdv_channel_1,high_time_resolution,High time resolution,pdv_channel_1,20,balanced,,,2.0,,2.0,2,1.5,0.75,0.5,1.0,0.5,10.0,10.0,0.0,12.0,2.0,100000000.0,1.0,0.65,0.0,1.5,1.5,development / uncalibrated,622,19.95337620578778,1.0,0.8665594855305466,0.10128617363344052,0.014469453376205787,0.011254019292604502,0.006430868167202572,0.13344051446945338,0.08842443729903537,nan,47,8,0.17454259783630732,-1.1700198054030646,0.8499999999999943
ch3.csv,D:\Code\Python_Projects\DPS_Studio\data\raw\ch3.csv,401673B77829D4B2568A4B2A9B88DC649AFA926B668C6C493012D8FC30115D49,single_voltage_column_from_two_column_file,ch3__high_time_resolution__pdv_channel_1,high_time_resolution,High time resolution,pdv_channel_1,20,permissive,,,2.0,,2.0,2,1.5,0.75,0.5,1.0,0.5,10.0,10.0,0.0,12.0,2.0,100000000.0,1.0,0.8,0.0,1.0,1.0,development / uncalibrated,622,19.95337620578778,1.0,0.4340836012861736,0.2684887459807074,0.13344051446945338,0.06430868167202572,0.09967845659163987,0.5659163987138264,0.5176848874598071,nan,48,96,-0.675747380596583,-1.5654778962331313,0.0882636205669185
ch4.csv,D:\Code\Python_Projects\DPS_Studio\data\raw\ch4.csv,84E2859D4285C3D3D4144BA7E5EC0B51FBC0C578857F4DFAF6209E4B87842F5B,single_voltage_column_from_two_column_file,ch4__balanced__pdv_channel_1,balanced,Balanced,pdv_channel_1,5,conservative,,,2.0,,2.0,2,1.5,0.75,0.5,1.0,0.5,10.0,10.0,0.0,12.0,2.0,100000000.0,1.0,0.25,0.0,3.0,3.0,development / uncalibrated,620,5.0,1.0,0.9451612903225807,0.0532258064516129,0.0016129032258064516,0.0,0.0,0.054838709677419356,0.06129032258064516,nan,34,2,2.5132116834042186,1.260874307826024,2.8211578920218985
ch4.csv,D:\Code\Python_Projects\DPS_Studio\data\raw\ch4.csv,84E2859D4285C3D3D4144BA7E5EC0B51FBC0C578857F4DFAF6209E4B87842F5B,single_voltage_column_from_two_column_file,ch4__balanced__pdv_channel_1,balanced,Balanced,pdv_channel_1,5,balanced,,,2.0,,2.0,2,1.5,0.75,0.5,1.0,0.5,10.0,10.0,0.0,12.0,2.0,100000000.0,1.0,0.65,0.0,1.5,1.5,development / uncalibrated,620,5.0,1.0,0.632258064516129,0.2064516129032258,0.08225806451612903,0.035483870967741936,0.043548387096774194,0.36774193548387096,0.29193548387096774,nan,37,43,-0.3944658723380883,-1.86411976744468,0.4568405178149193
ch4.csv,D:\Code\Python_Projects\DPS_Studio\data\raw\ch4.csv,84E2859D4285C3D3D4144BA7E5EC0B51FBC0C578857F4DFAF6209E4B87842F5B,single_voltage_column_from_two_column_file,ch4__balanced__pdv_channel_1,balanced,Balanced,pdv_channel_1,5,permissive,,,2.0,,2.0,2,1.5,0.75,0.5,1.0,0.5,10.0,10.0,0.0,12.0,2.0,100000000.0,1.0,0.8,0.0,1.0,1.0,development / uncalibrated,620,5.0,1.0,0.23387096774193547,0.3935483870967742,0.19193548387096773,0.09032258064516129,0.09032258064516129,0.7661290322580645,0.6854838709677419,nan,36,145,-1.0198219633830377,-1.7633992362771607,0.045364280724805986
ch4.csv,D:\Code\Python_Projects\DPS_Studio\data\raw\ch4.csv,84E2859D4285C3D3D4144BA7E5EC0B51FBC0C578857F4DFAF6209E4B87842F5B,single_voltage_column_from_two_column_file,ch4__balanced__pdv_channel_1,balanced,Balanced,pdv_channel_1,10,conservative,,,2.0,,2.0,2,1.5,0.75,0.5,1.0,0.5,10.0,10.0,0.0,12.0,2.0,100000000.0,1.0,0.25,0.0,3.0,3.0,development / uncalibrated,620,10.0,1.0,0.9451612903225807,0.0532258064516129,0.0016129032258064516,0.0,0.0,0.054838709677419356,0.06129032258064516,nan,34,2,2.5117153921483393,1.1283511817448644,2.8093470576285227
ch4.csv,D:\Code\Python_Projects\DPS_Studio\data\raw\ch4.csv,84E2859D4285C3D3D4144BA7E5EC0B51FBC0C578857F4DFAF6209E4B87842F5B,single_voltage_column_from_two_column_file,ch4__balanced__pdv_channel_1,balanced,Balanced,pdv_channel_1,10,balanced,,,2.0,,2.0,2,1.5,0.75,0.5,1.0,0.5,10.0,10.0,0.0,12.0,2.0,100000000.0,1.0,0.65,0.0,1.5,1.5,development / uncalibrated,620,10.0,1.0,0.4258064516129032,0.23225806451612904,0.12419354838709677,0.05806451612903226,0.1596774193548387,0.5741935483870968,0.49838709677419357,nan,37,53,-0.8119890190880668,-2.0177195711192866,0.13744331975547378
ch4.csv,D:\Code\Python_Projects\DPS_Studio\data\raw\ch4.csv,84E2859D4285C3D3D4144BA7E5EC0B51FBC0C578857F4DFAF6209E4B87842F5B,single_voltage_column_from_two_column_file,ch4__balanced__pdv_channel_1,balanced,Balanced,pdv_channel_1,10,permissive,,,2.0,,2.0,2,1.5,0.75,0.5,1.0,0.5,10.0,10.0,0.0,12.0,2.0,100000000.0,1.0,0.8,0.0,1.0,1.0,development / uncalibrated,620,10.0,1.0,0.14838709677419354,0.3709677419354839,0.1774193548387097,0.08225806451612903,0.22096774193548388,0.8516129032258064,0.7725806451612903,nan,36,117,-1.1716291398727066,-1.7676702570170675,-0.3265248398062053
ch4.csv,D:\Code\Python_Projects\DPS_Studio\data\raw\ch4.csv,84E2859D4285C3D3D4144BA7E5EC0B51FBC0C578857F4DFAF6209E4B87842F5B,single_voltage_column_from_two_column_file,ch4__balanced__pdv_channel_1,balanced,Balanced,pdv_channel_1,15,conservative,,,2.0,,2.0,2,1.5,0.75,0.5,1.0,0.5,10.0,10.0,0.0,12.0,2.0,100000000.0,1.0,0.25,0.0,3.0,3.0,development / uncalibrated,620,15.0,1.0,0.9451612903225807,0.0532258064516129,0.0016129032258064516,0.0,0.0,0.054838709677419356,0.06129032258064516,nan,34,2,2.5102675401165975,1.1283511817448644,2.80558094488307
ch4.csv,D:\Code\Python_Projects\DPS_Studio\data\raw\ch4.csv,84E2859D4285C3D3D4144BA7E5EC0B51FBC0C578857F4DFAF6209E4B87842F5B,single_voltage_column_from_two_column_file,ch4__balanced__pdv_channel_1,balanced,Balanced,pdv_channel_1,15,balanced,,,2.0,,2.0,2,1.5,0.75,0.5,1.0,0.5,10.0,10.0,0.0,12.0,2.0,100000000.0,1.0,0.65,0.0,1.5,1.5,development / uncalibrated,620,15.0,1.0,0.38387096774193546,0.24193548387096775,0.13225806451612904,0.05806451612903226,0.18387096774193548,0.6161290322580645,0.5403225806451613,nan,37,51,-0.8809819725984589,-2.042361769301492,-0.011741998690854138
ch4.csv,D:\Code\Python_Projects\DPS_Studio\data\raw\ch4.csv,84E2859D4285C3D3D4144BA7E5EC0B51FBC0C578857F4DFAF6209E4B87842F5B,single_voltage_column_from_two_column_file,ch4__balanced__pdv_channel_1,balanced,Balanced,pdv_channel_1,15,permissive,,,2.0,,2.0,2,1.5,0.75,0.5,1.0,0.5,10.0,10.0,0.0,12.0,2.0,100000000.0,1.0,0.8,0.0,1.0,1.0,development / uncalibrated,620,15.0,1.0,0.12580645161290321,0.36129032258064514,0.17903225806451614,0.08548387096774193,0.24838709677419354,0.8741935483870967,0.7951612903225806,nan,36,101,-1.1946986944857372,-1.7664539551087273,-0.4466442806291752
ch4.csv,D:\Code\Python_Projects\DPS_Studio\data\raw\ch4.csv,84E2859D4285C3D3D4144BA7E5EC0B51FBC0C578857F4DFAF6209E4B87842F5B,single_voltage_column_from_two_column_file,ch4__balanced__pdv_channel_1,balanced,Balanced,pdv_channel_1,20,conservative,,,2.0,,2.0,2,1.5,0.75,0.5,1.0,0.5,10.0,10.0,0.0,12.0,2.0,100000000.0,1.0,0.25,0.0,3.0,3.0,development / uncalibrated,620,20.0,1.0,0.9451612903225807,0.0532258064516129,0.0016129032258064516,0.0,0.0,0.054838709677419356,0.06129032258064516,nan,34,2,2.5102675401165975,1.1283511817448644,2.80558094488307
ch4.csv,D:\Code\Python_Projects\DPS_Studio\data\raw\ch4.csv,84E2859D4285C3D3D4144BA7E5EC0B51FBC0C578857F4DFAF6209E4B87842F5B,single_voltage_column_from_two_column_file,ch4__balanced__pdv_channel_1,balanced,Balanced,pdv_channel_1,20,balanced,,,2.0,,2.0,2,1.5,0.75,0.5,1.0,0.5,10.0,10.0,0.0,12.0,2.0,100000000.0,1.0,0.65,0.0,1.5,1.5,development / uncalibrated,620,20.0,1.0,0.38870967741935486,0.23225806451612904,0.13064516129032258,0.06129032258064516,0.1870967741935484,0.6112903225806452,0.535483870967742,nan,37,47,-0.9073516116404363,-2.0695104474886,-0.06529800826763787
ch4.csv,D:\Code\Python_Projects\DPS_Studio\data\raw\ch4.csv,84E2859D4285C3D3D4144BA7E5EC0B51FBC0C578857F4DFAF6209E4B87842F5B,single_voltage_column_from_two_column_file,ch4__balanced__pdv_channel_1,balanced,Balanced,pdv_channel_1,20,permissive,,,2.0,,2.0,2,1.5,0.75,0.5,1.0,0.5,10.0,10.0,0.0,12.0,2.0,100000000.0,1.0,0.8,0.0,1.0,1.0,development / uncalibrated,620,20.0,1.0,0.12258064516129032,0.36129032258064514,0.17903225806451614,0.08548387096774193,0.25161290322580643,0.8774193548387097,0.7983870967741935,nan,36,99,-1.1981852136955737,-1.767670257017068,-0.45462432490218696
ch4.csv,D:\Code\Python_Projects\DPS_Studio\data\raw\ch4.csv,84E2859D4285C3D3D4144BA7E5EC0B51FBC0C578857F4DFAF6209E4B87842F5B,single_voltage_column_from_two_column_file,ch4__high_time_resolution__pdv_channel_1,high_time_resolution,High time resolution,pdv_channel_1,5,conservative,,,2.0,,2.0,2,1.5,0.75,0.5,1.0,0.5,10.0,10.0,0.0,12.0,2.0,100000000.0,1.0,0.25,0.0,3.0,3.0,development / uncalibrated,622,5.0,1.0,1.0,0.0,0.0,0.0,0.0,0.0,0.06109324758842444,nan,0,0,2.75,2.4374786109133106,2.92063751726504
ch4.csv,D:\Code\Python_Projects\DPS_Studio\data\raw\ch4.csv,84E2859D4285C3D3D4144BA7E5EC0B51FBC0C578857F4DFAF6209E4B87842F5B,single_voltage_column_from_two_column_file,ch4__high_time_resolution__pdv_channel_1,high_time_resolution,High time resolution,pdv_channel_1,5,balanced,,,2.0,,2.0,2,1.5,0.75,0.5,1.0,0.5,10.0,10.0,0.0,12.0,2.0,100000000.0,1.0,0.65,0.0,1.5,1.5,development / uncalibrated,622,5.0,1.0,0.8890675241157556,0.08520900321543408,0.014469453376205787,0.008038585209003215,0.003215434083601286,0.11093247588424437,0.06591639871382636,nan,28,10,0.34490346880499345,-0.8873732127561944,0.861327612235911
ch4.csv,D:\Code\Python_Projects\DPS_Studio\data\raw\ch4.csv,84E2859D4285C3D3D4144BA7E5EC0B51FBC0C578857F4DFAF6209E4B87842F5B,single_voltage_column_from_two_column_file,ch4__high_time_resolution__pdv_channel_1,high_time_resolution,High time resolution,pdv_channel_1,5,permissive,,,2.0,,2.0,2,1.5,0.75,0.5,1.0,0.5,10.0,10.0,0.0,12.0,2.0,100000000.0,1.0,0.8,0.0,1.0,1.0,development / uncalibrated,622,5.0,1.0,0.5176848874598071,0.2652733118971061,0.10128617363344052,0.0594855305466238,0.05627009646302251,0.48231511254019294,0.42443729903536975,nan,27,101,-0.4781720141153585,-1.4876412288565828,0.20000000000000284
ch4.csv,D:\Code\Python_Projects\DPS_Studio\data\raw\ch4.csv,84E2859D4285C3D3D4144BA7E5EC0B51FBC0C578857F4DFAF6209E4B87842F5B,single_voltage_column_from_two_column_file,ch4__high_time_resolution__pdv_channel_1,high_time_resolution,High time resolution,pdv_channel_1,10,conservative,,,2.0,,2.0,2,1.5,0.75,0.5,1.0,0.5,10.0,10.0,0.0,12.0,2.0,100000000.0,1.0,0.25,0.0,3.0,3.0,development / uncalibrated,622,10.0,1.0,1.0,0.0,0.0,0.0,0.0,0.0,0.06109324758842444,nan,0,0,2.75,2.3533954716345384,2.920541766889272
ch4.csv,D:\Code\Python_Projects\DPS_Studio\data\raw\ch4.csv,84E2859D4285C3D3D4144BA7E5EC0B51FBC0C578857F4DFAF6209E4B87842F5B,single_voltage_column_from_two_column_file,ch4__high_time_resolution__pdv_channel_1,high_time_resolution,High time resolution,pdv_channel_1,10,balanced,,,2.0,,2.0,2,1.5,0.75,0.5,1.0,0.5,10.0,10.0,0.0,12.0,2.0,100000000.0,1.0,0.65,0.0,1.5,1.5,development / uncalibrated,622,10.0,1.0,0.887459807073955,0.08520900321543408,0.014469453376205787,0.008038585209003215,0.00482315112540193,0.11254019292604502,0.06752411575562701,nan,28,8,0.28075352911852036,-0.9393308460023121,0.8500000000000012
ch4.csv,D:\Code\Python_Projects\DPS_Studio\data\raw\ch4.csv,84E2859D4285C3D3D4144BA7E5EC0B51FBC0C578857F4DFAF6209E4B87842F5B,single_voltage_column_from_two_column_file,ch4__high_time_resolution__pdv_channel_1,high_time_resolution,High time resolution,pdv_channel_1,10,permissive,,,2.0,,2.0,2,1.5,0.75,0.5,1.0,0.5,10.0,10.0,0.0,12.0,2.0,100000000.0,1.0,0.8,0.0,1.0,1.0,development / uncalibrated,622,10.0,1.0,0.4517684887459807,0.2829581993569132,0.10932475884244373,0.06109324758842444,0.09485530546623794,0.5482315112540193,0.4903536977491961,nan,27,103,-0.5996292119717026,-1.534453985256968,0.05485565610628668
ch4.csv,D:\Code\Python_Projects\DPS_Studio\data\raw\ch4.csv,84E2859D4285C3D3D4144BA7E5EC0B51FBC0C578857F4DFAF6209E4B87842F5B,single_voltage_column_from_two_column_file,ch4__high_time_resolution__pdv_channel_1,high_time_resolution,High time resolution,pdv_channel_1,15,conservative,,,2.0,,2.0,2,1.5,0.75,0.5,1.0,0.5,10.0,10.0,0.0,12.0,2.0,100000000.0,1.0,0.25,0.0,3.0,3.0,development / uncalibrated,622,15.0,1.0,1.0,0.0,0.0,0.0,0.0,0.0,0.06109324758842444,nan,0,0,2.75,2.3533954716345384,2.920541766889272
ch4.csv,D:\Code\Python_Projects\DPS_Studio\data\raw\ch4.csv,84E2859D4285C3D3D4144BA7E5EC0B51FBC0C578857F4DFAF6209E4B87842F5B,single_voltage_column_from_two_column_file,ch4__high_time_resolution__pdv_channel_1,high_time_resolution,High time resolution,pdv_channel_1,15,balanced,,,2.0,,2.0,2,1.5,0.75,0.5,1.0,0.5,10.0,10.0,0.0,12.0,2.0,100000000.0,1.0,0.65,0.0,1.5,1.5,development / uncalibrated,622,15.0,1.0,0.887459807073955,0.08520900321543408,0.014469453376205787,0.008038585209003215,0.00482315112540193,0.11254019292604502,0.06752411575562701,nan,28,8,0.2724786119049867,-0.9393308460023121,0.8499999999999943
ch4.csv,D:\Code\Python_Projects\DPS_Studio\data\raw\ch4.csv,84E2859D4285C3D3D4144BA7E5EC0B51FBC0C578857F4DFAF6209E4B87842F5B,single_voltage_column_from_two_column_file,ch4__high_time_resolution__pdv_channel_1,high_time_resolution,High time resolution,pdv_channel_1,15,permissive,,,2.0,,2.0,2,1.5,0.75,0.5,1.0,0.5,10.0,10.0,0.0,12.0,2.0,100000000.0,1.0,0.8,0.0,1.0,1.0,development / uncalibrated,622,15.0,1.0,0.4517684887459807,0.2829581993569132,0.10932475884244373,0.06109324758842444,0.09485530546623794,0.5482315112540193,0.4903536977491961,nan,27,103,-0.6004811522394604,-1.534453985256968,0.0434505875016554
ch4.csv,D:\Code\Python_Projects\DPS_Studio\data\raw\ch4.csv,84E2859D4285C3D3D4144BA7E5EC0B51FBC0C578857F4DFAF6209E4B87842F5B,single_voltage_column_from_two_column_file,ch4__high_time_resolution__pdv_channel_1,high_time_resolution,High time resolution,pdv_channel_1,20,conservative,,,2.0,,2.0,2,1.5,0.75,0.5,1.0,0.5,10.0,10.0,0.0,12.0,2.0,100000000.0,1.0,0.25,0.0,3.0,3.0,development / uncalibrated,622,19.95337620578778,1.0,1.0,0.0,0.0,0.0,0.0,0.0,0.06109324758842444,nan,0,0,2.75,2.3533954716345384,2.920541766889272
ch4.csv,D:\Code\Python_Projects\DPS_Studio\data\raw\ch4.csv,84E2859D4285C3D3D4144BA7E5EC0B51FBC0C578857F4DFAF6209E4B87842F5B,single_voltage_column_from_two_column_file,ch4__high_time_resolution__pdv_channel_1,high_time_resolution,High time resolution,pdv_channel_1,20,balanced,,,2.0,,2.0,2,1.5,0.75,0.5,1.0,0.5,10.0,10.0,0.0,12.0,2.0,100000000.0,1.0,0.65,0.0,1.5,1.5,development / uncalibrated,622,19.95337620578778,1.0,0.887459807073955,0.08520900321543408,0.014469453376205787,0.008038585209003215,0.00482315112540193,0.11254019292604502,0.06752411575562701,nan,28,8,0.2724786119049867,-0.9393308460023121,0.8499999999999943
ch4.csv,D:\Code\Python_Projects\DPS_Studio\data\raw\ch4.csv,84E2859D4285C3D3D4144BA7E5EC0B51FBC0C578857F4DFAF6209E4B87842F5B,single_voltage_column_from_two_column_file,ch4__high_time_resolution__pdv_channel_1,high_time_resolution,High time resolution,pdv_channel_1,20,permissive,,,2.0,,2.0,2,1.5,0.75,0.5,1.0,0.5,10.0,10.0,0.0,12.0,2.0,100000000.0,1.0,0.8,0.0,1.0,1.0,development / uncalibrated,622,19.95337620578778,1.0,0.4517684887459807,0.2829581993569132,0.10932475884244373,0.06109324758842444,0.09485530546623794,0.5482315112540193,0.4903536977491961,nan,27,103,-0.6004811522394604,-1.534453985256968,0.0434505875016554
20260607.csv,D:\Code\Python_Projects\DPS_Studio\data\raw\20260607.csv,AB9F656E3563AB96D0E842DB88510076F6368E246853FD3427D8FD7DB68F7353,configured_columns,20260607__balanced__pdv_channel_1,balanced,Balanced,pdv_channel_1,5,conservative,0.000554668,,2.0,,2.0,2,1.5,0.75,0.5,1.0,0.5,10.0,10.0,0.0,12.0,2.0,100000000.0,1.0,0.25,0.0,3.0,3.0,development / uncalibrated,620,5.0,1.0,0.3548387096774194,0.6403225806451613,0.0016129032258064516,0.0032258064516129032,0.0,0.6451612903225806,0.02258064516129032,0.0091324200913242,321,5,-3.2173987663205708,-3.2499771714305163,2.75
20260607.csv,D:\Code\Python_Projects\DPS_Studio\data\raw\20260607.csv,AB9F656E3563AB96D0E842DB88510076F6368E246853FD3427D8FD7DB68F7353,configured_columns,20260607__balanced__pdv_channel_1,balanced,Balanced,pdv_channel_1,5,balanced,0.000554668,,2.0,,2.0,2,1.5,0.75,0.5,1.0,0.5,10.0,10.0,0.0,12.0,2.0,100000000.0,1.0,0.65,0.0,1.5,1.5,development / uncalibrated,620,5.0,1.0,0.2,0.7129032258064516,0.037096774193548385,0.03225806451612903,0.017741935483870968,0.8,0.17096774193548386,0.4429223744292237,321,23,-2.1471323961043893,-2.149980835784099,0.28934176397465344
20260607.csv,D:\Code\Python_Projects\DPS_Studio\data\raw\20260607.csv,AB9F656E3563AB96D0E842DB88510076F6368E246853FD3427D8FD7DB68F7353,configured_columns,20260607__balanced__pdv_channel_1,balanced,Balanced,pdv_channel_1,5,permissive,0.000554668,,2.0,,2.0,2,1.5,0.75,0.5,1.0,0.5,10.0,10.0,0.0,12.0,2.0,100000000.0,1.0,0.8,0.0,1.0,1.0,development / uncalibrated,620,5.0,1.0,0.1064516129032258,0.7306451612903225,0.06935483870967742,0.05,0.043548387096774194,0.8935483870967742,0.2645161290322581,0.7077625570776256,321,45,-1.7973269119783382,-1.7999808357840905,-0.40210496313200944
20260607.csv,D:\Code\Python_Projects\DPS_Studio\data\raw\20260607.csv,AB9F656E3563AB96D0E842DB88510076F6368E246853FD3427D8FD7DB68F7353,configured_columns,20260607__balanced__pdv_channel_1,balanced,Balanced,pdv_channel_1,10,conservative,0.000554668,,2.0,,2.0,2,1.5,0.75,0.5,1.0,0.5,10.0,10.0,0.0,12.0,2.0,100000000.0,1.0,0.25,0.0,3.0,3.0,development / uncalibrated,620,10.0,1.0,0.35161290322580646,0.6403225806451613,0.0016129032258064516,0.004838709677419355,0.0016129032258064516,0.6483870967741936,0.025806451612903226,0.0091324200913242,321,3,-3.240044466984955,-3.249977996375155,2.7472473502759334
20260607.csv,D:\Code\Python_Projects\DPS_Studio\data\raw\20260607.csv,AB9F656E3563AB96D0E842DB88510076F6368E246853FD3427D8FD7DB68F7353,configured_columns,20260607__balanced__pdv_channel_1,balanced,Balanced,pdv_channel_1,10,balanced,0.000554668,,2.0,,2.0,2,1.5,0.75,0.5,1.0,0.5,10.0,10.0,0.0,12.0,2.0,100000000.0,1.0,0.65,0.0,1.5,1.5,development / uncalibrated,620,10.0,1.0,0.15483870967741936,0.717741935483871,0.041935483870967745,0.03870967741935484,0.0467741935483871,0.8451612903225807,0.2161290322580645,0.5662100456621004,321,21,-2.147266566802479,-2.149980835784099,-0.16866785774795923
20260607.csv,D:\Code\Python_Projects\DPS_Studio\data\raw\20260607.csv,AB9F656E3563AB96D0E842DB88510076F6368E246853FD3427D8FD7DB68F7353,configured_columns,20260607__balanced__pdv_channel_1,balanced,Balanced,pdv_channel_1,10,permissive,0.000554668,,2.0,,2.0,2,1.5,0.75,0.5,1.0,0.5,10.0,10.0,0.0,12.0,2.0,100000000.0,1.0,0.8,0.0,1.0,1.0,development / uncalibrated,620,10.0,1.0,0.06935483870967742,0.7338709677419355,0.06290322580645161,0.05161290322580645,0.08225806451612903,0.9306451612903226,0.3016129032258065,0.8082191780821918,321,39,-1.797339535991469,-1.7999808357840905,-0.8651438756406883
20260607.csv,D:\Code\Python_Projects\DPS_Studio\data\raw\20260607.csv,AB9F656E3563AB96D0E842DB88510076F6368E246853FD3427D8FD7DB68F7353,configured_columns,20260607__balanced__pdv_channel_1,balanced,Balanced,pdv_channel_1,15,conservative,0.000554668,,2.0,,2.0,2,1.5,0.75,0.5,1.0,0.5,10.0,10.0,0.0,12.0,2.0,100000000.0,1.0,0.25,0.0,3.0,3.0,development / uncalibrated,620,15.0,1.0,0.35161290322580646,0.6403225806451613,0.0016129032258064516,0.004838709677419355,0.0016129032258064516,0.6483870967741936,0.025806451612903226,0.0091324200913242,321,3,-3.240044466984955,-3.249977996375155,2.739988194424838
20260607.csv,D:\Code\Python_Projects\DPS_Studio\data\raw\20260607.csv,AB9F656E3563AB96D0E842DB88510076F6368E246853FD3427D8FD7DB68F7353,configured_columns,20260607__balanced__pdv_channel_1,balanced,Balanced,pdv_channel_1,15,balanced,0.000554668,,2.0,,2.0,2,1.5,0.75,0.5,1.0,0.5,10.0,10.0,0.0,12.0,2.0,100000000.0,1.0,0.65,0.0,1.5,1.5,development / uncalibrated,620,15.0,1.0,0.1435483870967742,0.717741935483871,0.041935483870967745,0.03870967741935484,0.05806451612903226,0.8564516129032258,0.22741935483870968,0.5981735159817352,321,19,-2.1472665668024717,-2.149980835784099,-0.37191499078208956
20260607.csv,D:\Code\Python_Projects\DPS_Studio\data\raw\20260607.csv,AB9F656E3563AB96D0E842DB88510076F6368E246853FD3427D8FD7DB68F7353,configured_columns,20260607__balanced__pdv_channel_1,balanced,Balanced,pdv_channel_1,15,permissive,0.000554668,,2.0,,2.0,2,1.5,0.75,0.5,1.0,0.5,10.0,10.0,0.0,12.0,2.0,100000000.0,1.0,0.8,0.0,1.0,1.0,development / uncalibrated,620,15.0,1.0,0.056451612903225805,0.7290322580645161,0.06935483870967742,0.05,0.09516129032258064,0.9435483870967742,0.31451612903225806,0.8447488584474886,321,35,-1.7973859506248786,-1.7999808357840905,-0.8833007204267908
20260607.csv,D:\Code\Python_Projects\DPS_Studio\data\raw\20260607.csv,AB9F656E3563AB96D0E842DB88510076F6368E246853FD3427D8FD7DB68F7353,configured_columns,20260607__balanced__pdv_channel_1,balanced,Balanced,pdv_channel_1,20,conservative,0.000554668,,2.0,,2.0,2,1.5,0.75,0.5,1.0,0.5,10.0,10.0,0.0,12.0,2.0,100000000.0,1.0,0.25,0.0,3.0,3.0,development / uncalibrated,620,20.0,1.0,0.35161290322580646,0.6403225806451613,0.0016129032258064516,0.004838709677419355,0.0016129032258064516,0.6483870967741936,0.025806451612903226,0.0091324200913242,321,3,-3.240044466984955,-3.249977996375155,2.739988194424838
20260607.csv,D:\Code\Python_Projects\DPS_Studio\data\raw\20260607.csv,AB9F656E3563AB96D0E842DB88510076F6368E246853FD3427D8FD7DB68F7353,configured_columns,20260607__balanced__pdv_channel_1,balanced,Balanced,pdv_channel_1,20,balanced,0.000554668,,2.0,,2.0,2,1.5,0.75,0.5,1.0,0.5,10.0,10.0,0.0,12.0,2.0,100000000.0,1.0,0.65,0.0,1.5,1.5,development / uncalibrated,620,20.0,1.0,0.1435483870967742,0.717741935483871,0.041935483870967745,0.03870967741935484,0.05806451612903226,0.8564516129032258,0.22741935483870968,0.5981735159817352,321,19,-2.1472665668024717,-2.149980835784099,-0.37191499078208956
20260607.csv,D:\Code\Python_Projects\DPS_Studio\data\raw\20260607.csv,AB9F656E3563AB96D0E842DB88510076F6368E246853FD3427D8FD7DB68F7353,configured_columns,20260607__balanced__pdv_channel_1,balanced,Balanced,pdv_channel_1,20,permissive,0.000554668,,2.0,,2.0,2,1.5,0.75,0.5,1.0,0.5,10.0,10.0,0.0,12.0,2.0,100000000.0,1.0,0.8,0.0,1.0,1.0,development / uncalibrated,620,20.0,1.0,0.054838709677419356,0.7306451612903225,0.06129032258064516,0.05,0.1032258064516129,0.9451612903225807,0.3161290322580645,0.8493150684931506,321,33,-1.7973859506248786,-1.7999808357840905,-0.8837267771517682
20260607.csv,D:\Code\Python_Projects\DPS_Studio\data\raw\20260607.csv,AB9F656E3563AB96D0E842DB88510076F6368E246853FD3427D8FD7DB68F7353,configured_columns,20260607__balanced__pdv_channel_2,balanced,Balanced,pdv_channel_2,5,conservative,0.000554668,,2.0,,2.0,2,1.5,0.75,0.5,1.0,0.5,10.0,10.0,0.0,12.0,2.0,100000000.0,1.0,0.25,0.0,3.0,3.0,development / uncalibrated,620,5.0,1.0,0.3532258064516129,0.6387096774193548,0.0064516129032258064,0.0016129032258064516,0.0,0.646774193548387,0.035483870967741936,0.0045662100456621,324,3,-3.2384025086989396,-3.2499798030502225,3.074494077293077
20260607.csv,D:\Code\Python_Projects\DPS_Studio\data\raw\20260607.csv,AB9F656E3563AB96D0E842DB88510076F6368E246853FD3427D8FD7DB68F7353,configured_columns,20260607__balanced__pdv_channel_2,balanced,Balanced,pdv_channel_2,5,balanced,0.000554668,,2.0,,2.0,2,1.5,0.75,0.5,1.0,0.5,10.0,10.0,0.0,12.0,2.0,100000000.0,1.0,0.65,0.0,1.5,1.5,development / uncalibrated,620,5.0,1.0,0.28225806451612906,0.6564516129032258,0.041935483870967745,0.016129032258064516,0.0032258064516129032,0.717741935483871,0.1064516129032258,0.2054794520547945,326,13,-2.1467212082907707,-2.1499822132215938,0.8578602093651251
20260607.csv,D:\Code\Python_Projects\DPS_Studio\data\raw\20260607.csv,AB9F656E3563AB96D0E842DB88510076F6368E246853FD3427D8FD7DB68F7353,configured_columns,20260607__balanced__pdv_channel_2,balanced,Balanced,pdv_channel_2,5,permissive,0.000554668,,2.0,,2.0,2,1.5,0.75,0.5,1.0,0.5,10.0,10.0,0.0,12.0,2.0,100000000.0,1.0,0.8,0.0,1.0,1.0,development / uncalibrated,620,5.0,1.0,0.1693548387096774,0.6774193548387096,0.1,0.03870967741935484,0.014516129032258065,0.8306451612903226,0.21935483870967742,0.5251141552511416,326,40,-1.7969937865074144,-1.7999822132215997,0.14709715094219938
20260607.csv,D:\Code\Python_Projects\DPS_Studio\data\raw\20260607.csv,AB9F656E3563AB96D0E842DB88510076F6368E246853FD3427D8FD7DB68F7353,configured_columns,20260607__balanced__pdv_channel_2,balanced,Balanced,pdv_channel_2,10,conservative,0.000554668,,2.0,,2.0,2,1.5,0.75,0.5,1.0,0.5,10.0,10.0,0.0,12.0,2.0,100000000.0,1.0,0.25,0.0,3.0,3.0,development / uncalibrated,620,10.0,1.0,0.3532258064516129,0.6387096774193548,0.0064516129032258064,0.0016129032258064516,0.0,0.646774193548387,0.035483870967741936,0.0045662100456621,324,3,-3.2384025086989396,-3.2499798030502225,3.0620586024474155
20260607.csv,D:\Code\Python_Projects\DPS_Studio\data\raw\20260607.csv,AB9F656E3563AB96D0E842DB88510076F6368E246853FD3427D8FD7DB68F7353,configured_columns,20260607__balanced__pdv_channel_2,balanced,Balanced,pdv_channel_2,10,balanced,0.000554668,,2.0,,2.0,2,1.5,0.75,0.5,1.0,0.5,10.0,10.0,0.0,12.0,2.0,100000000.0,1.0,0.65,0.0,1.5,1.5,development / uncalibrated,620,10.0,1.0,0.28225806451612906,0.6564516129032258,0.041935483870967745,0.016129032258064516,0.0032258064516129032,0.717741935483871,0.1064516129032258,0.2054794520547945,326,13,-2.1467212082907707,-2.1499822132215938,0.762738078751951
20260607.csv,D:\Code\Python_Projects\DPS_Studio\data\raw\20260607.csv,AB9F656E3563AB96D0E842DB88510076F6368E246853FD3427D8FD7DB68F7353,configured_columns,20260607__balanced__pdv_channel_2,balanced,Balanced,pdv_channel_2,10,permissive,0.000554668,,2.0,,2.0,2,1.5,0.75,0.5,1.0,0.5,10.0,10.0,0.0,12.0,2.0,100000000.0,1.0,0.8,0.0,1.0,1.0,development / uncalibrated,620,10.0,1.0,0.16451612903225807,0.6774193548387096,0.0935483870967742,0.04032258064516129,0.024193548387096774,0.8354838709677419,0.22419354838709676,0.5388127853881278,326,38,-1.7969937865074144,-1.7999822132215997,-0.019101615450148886
20260607.csv,D:\Code\Python_Projects\DPS_Studio\data\raw\20260607.csv,AB9F656E3563AB96D0E842DB88510076F6368E246853FD3427D8FD7DB68F7353,configured_columns,20260607__balanced__pdv_channel_2,balanced,Balanced,pdv_channel_2,15,conservative,0.000554668,,2.0,,2.0,2,1.5,0.75,0.5,1.0,0.5,10.0,10.0,0.0,12.0,2.0,100000000.0,1.0,0.25,0.0,3.0,3.0,development / uncalibrated,620,15.0,1.0,0.3532258064516129,0.6387096774193548,0.0064516129032258064,0.0016129032258064516,0.0,0.646774193548387,0.035483870967741936,0.0045662100456621,324,3,-3.2384025086989396,-3.2499798030502225,3.0620586024474155
20260607.csv,D:\Code\Python_Projects\DPS_Studio\data\raw\20260607.csv,AB9F656E3563AB96D0E842DB88510076F6368E246853FD3427D8FD7DB68F7353,configured_columns,20260607__balanced__pdv_channel_2,balanced,Balanced,pdv_channel_2,15,balanced,0.000554668,,2.0,,2.0,2,1.5,0.75,0.5,1.0,0.5,10.0,10.0,0.0,12.0,2.0,100000000.0,1.0,0.65,0.0,1.5,1.5,development / uncalibrated,620,15.0,1.0,0.28225806451612906,0.6564516129032258,0.041935483870967745,0.016129032258064516,0.0032258064516129032,0.717741935483871,0.1064516129032258,0.2054794520547945,326,13,-2.1467212082907707,-2.1499822132215938,0.7098981019267457
20260607.csv,D:\Code\Python_Projects\DPS_Studio\data\raw\20260607.csv,AB9F656E3563AB96D0E842DB88510076F6368E246853FD3427D8FD7DB68F7353,configured_columns,20260607__balanced__pdv_channel_2,balanced,Balanced,pdv_channel_2,15,permissive,0.000554668,,2.0,,2.0,2,1.5,0.75,0.5,1.0,0.5,10.0,10.0,0.0,12.0,2.0,100000000.0,1.0,0.8,0.0,1.0,1.0,development / uncalibrated,620,15.0,1.0,0.16451612903225807,0.6774193548387096,0.0935483870967742,0.04032258064516129,0.024193548387096774,0.8354838709677419,0.22419354838709676,0.5388127853881278,326,38,-1.7969937865074144,-1.7999822132215997,-0.14833449723577696
20260607.csv,D:\Code\Python_Projects\DPS_Studio\data\raw\20260607.csv,AB9F656E3563AB96D0E842DB88510076F6368E246853FD3427D8FD7DB68F7353,configured_columns,20260607__balanced__pdv_channel_2,balanced,Balanced,pdv_channel_2,20,conservative,0.000554668,,2.0,,2.0,2,1.5,0.75,0.5,1.0,0.5,10.0,10.0,0.0,12.0,2.0,100000000.0,1.0,0.25,0.0,3.0,3.0,development / uncalibrated,620,20.0,1.0,0.3532258064516129,0.6387096774193548,0.0064516129032258064,0.0016129032258064516,0.0,0.646774193548387,0.035483870967741936,0.0045662100456621,324,3,-3.2384025086989396,-3.2499798030502225,3.0620586024474155
20260607.csv,D:\Code\Python_Projects\DPS_Studio\data\raw\20260607.csv,AB9F656E3563AB96D0E842DB88510076F6368E246853FD3427D8FD7DB68F7353,configured_columns,20260607__balanced__pdv_channel_2,balanced,Balanced,pdv_channel_2,20,balanced,0.000554668,,2.0,,2.0,2,1.5,0.75,0.5,1.0,0.5,10.0,10.0,0.0,12.0,2.0,100000000.0,1.0,0.65,0.0,1.5,1.5,development / uncalibrated,620,20.0,1.0,0.28225806451612906,0.6564516129032258,0.041935483870967745,0.016129032258064516,0.0032258064516129032,0.717741935483871,0.1064516129032258,0.2054794520547945,326,13,-2.1467212082907707,-2.1499822132215938,0.7098981019267457
20260607.csv,D:\Code\Python_Projects\DPS_Studio\data\raw\20260607.csv,AB9F656E3563AB96D0E842DB88510076F6368E246853FD3427D8FD7DB68F7353,configured_columns,20260607__balanced__pdv_channel_2,balanced,Balanced,pdv_channel_2,20,permissive,0.000554668,,2.0,,2.0,2,1.5,0.75,0.5,1.0,0.5,10.0,10.0,0.0,12.0,2.0,100000000.0,1.0,0.8,0.0,1.0,1.0,development / uncalibrated,620,20.0,1.0,0.16451612903225807,0.6774193548387096,0.0935483870967742,0.04032258064516129,0.024193548387096774,0.8354838709677419,0.22419354838709676,0.5388127853881278,326,38,-1.7969937865074144,-1.7999822132215997,-0.1977350394791782
20260607.csv,D:\Code\Python_Projects\DPS_Studio\data\raw\20260607.csv,AB9F656E3563AB96D0E842DB88510076F6368E246853FD3427D8FD7DB68F7353,configured_columns,20260607__high_time_resolution__pdv_channel_1,high_time_resolution,High time resolution,pdv_channel_1,5,conservative,0.000554668,,2.0,,2.0,2,1.5,0.75,0.5,1.0,0.5,10.0,10.0,0.0,12.0,2.0,100000000.0,1.0,0.25,0.0,3.0,3.0,development / uncalibrated,622,5.0,1.0,0.4212218649517685,0.5771704180064309,0.001607717041800643,0.0,0.0,0.5787781350482315,0.04019292604501608,0.004545454545454545,321,3,-2.9974188929367465,-3.249955453377565,3.0174230225124448
20260607.csv,D:\Code\Python_Projects\DPS_Studio\data\raw\20260607.csv,AB9F656E3563AB96D0E842DB88510076F6368E246853FD3427D8FD7DB68F7353,configured_columns,20260607__high_time_resolution__pdv_channel_1,high_time_resolution,High time resolution,pdv_channel_1,5,balanced,0.000554668,,2.0,,2.0,2,1.5,0.75,0.5,1.0,0.5,10.0,10.0,0.0,12.0,2.0,100000000.0,1.0,0.65,0.0,1.5,1.5,development / uncalibrated,622,5.0,1.0,0.3408360128617363,0.6366559485530546,0.012861736334405145,0.00482315112540193,0.00482315112540193,0.6591639871382636,0.05627009646302251,0.05454545454545454,319,7,-2.143018822957117,-2.149963581295464,0.9948197573424961
20260607.csv,D:\Code\Python_Projects\DPS_Studio\data\raw\20260607.csv,AB9F656E3563AB96D0E842DB88510076F6368E246853FD3427D8FD7DB68F7353,configured_columns,20260607__high_time_resolution__pdv_channel_1,high_time_resolution,High time resolution,pdv_channel_1,5,permissive,0.000554668,,2.0,,2.0,2,1.5,0.75,0.5,1.0,0.5,10.0,10.0,0.0,12.0,2.0,100000000.0,1.0,0.8,0.0,1.0,1.0,development / uncalibrated,622,5.0,1.0,0.2459807073954984,0.6543408360128617,0.05305466237942122,0.024115755627009645,0.022508038585209004,0.7540192926045016,0.15112540192926044,0.3181818181818182,319,28,-1.7942131209896957,-1.7999635812954693,0.21310069272815593
20260607.csv,D:\Code\Python_Projects\DPS_Studio\data\raw\20260607.csv,AB9F656E3563AB96D0E842DB88510076F6368E246853FD3427D8FD7DB68F7353,configured_columns,20260607__high_time_resolution__pdv_channel_1,high_time_resolution,High time resolution,pdv_channel_1,10,conservative,0.000554668,,2.0,,2.0,2,1.5,0.75,0.5,1.0,0.5,10.0,10.0,0.0,12.0,2.0,100000000.0,1.0,0.25,0.0,3.0,3.0,development / uncalibrated,622,10.0,1.0,0.4212218649517685,0.5771704180064309,0.001607717041800643,0.0,0.0,0.5787781350482315,0.04019292604501608,0.004545454545454545,321,3,-2.9974188929367465,-3.249955453377565,3.0174230225124448
20260607.csv,D:\Code\Python_Projects\DPS_Studio\data\raw\20260607.csv,AB9F656E3563AB96D0E842DB88510076F6368E246853FD3427D8FD7DB68F7353,configured_columns,20260607__high_time_resolution__pdv_channel_1,high_time_resolution,High time resolution,pdv_channel_1,10,balanced,0.000554668,,2.0,,2.0,2,1.5,0.75,0.5,1.0,0.5,10.0,10.0,0.0,12.0,2.0,100000000.0,1.0,0.65,0.0,1.5,1.5,development / uncalibrated,622,10.0,1.0,0.32636655948553056,0.6414790996784566,0.017684887459807074,0.00482315112540193,0.00964630225080386,0.6736334405144695,0.0707395498392283,0.09545454545454546,319,7,-2.143018822957117,-2.149963581295464,0.9540714777901868
20260607.csv,D:\Code\Python_Projects\DPS_Studio\data\raw\20260607.csv,AB9F656E3563AB96D0E842DB88510076F6368E246853FD3427D8FD7DB68F7353,configured_columns,20260607__high_time_resolution__pdv_channel_1,high_time_resolution,High time resolution,pdv_channel_1,10,permissive,0.000554668,,2.0,,2.0,2,1.5,0.75,0.5,1.0,0.5,10.0,10.0,0.0,12.0,2.0,100000000.0,1.0,0.8,0.0,1.0,1.0,development / uncalibrated,622,10.0,1.0,0.2282958199356913,0.6559485530546624,0.05466237942122187,0.027331189710610933,0.03376205787781351,0.7717041800643086,0.16881028938906753,0.36363636363636365,319,26,-1.7942131209896957,-1.7999635812954693,0.14691155731202196
20260607.csv,D:\Code\Python_Projects\DPS_Studio\data\raw\20260607.csv,AB9F656E3563AB96D0E842DB88510076F6368E246853FD3427D8FD7DB68F7353,configured_columns,20260607__high_time_resolution__pdv_channel_1,high_time_resolution,High time resolution,pdv_channel_1,15,conservative,0.000554668,,2.0,,2.0,2,1.5,0.75,0.5,1.0,0.5,10.0,10.0,0.0,12.0,2.0,100000000.0,1.0,0.25,0.0,3.0,3.0,development / uncalibrated,622,15.0,1.0,0.3536977491961415,0.6286173633440515,0.008038585209003215,0.0,0.00964630225080386,0.6463022508038585,0.04340836012861737,0.004545454545454545,319,3,-3.1856925431575753,-3.249955453377565,3.0174230225124448
20260607.csv,D:\Code\Python_Projects\DPS_Studio\data\raw\20260607.csv,AB9F656E3563AB96D0E842DB88510076F6368E246853FD3427D8FD7DB68F7353,configured_columns,20260607__high_time_resolution__pdv_channel_1,high_time_resolution,High time resolution,pdv_channel_1,15,balanced,0.000554668,,2.0,,2.0,2,1.5,0.75,0.5,1.0,0.5,10.0,10.0,0.0,12.0,2.0,100000000.0,1.0,0.65,0.0,1.5,1.5,development / uncalibrated,622,15.0,1.0,0.3215434083601286,0.6414790996784566,0.017684887459807074,0.00482315112540193,0.014469453376205787,0.6784565916398714,0.07556270096463022,0.09545454545454546,319,5,-2.143336299342266,-2.149963581295464,0.9470963945738942
20260607.csv,D:\Code\Python_Projects\DPS_Studio\data\raw\20260607.csv,AB9F656E3563AB96D0E842DB88510076F6368E246853FD3427D8FD7DB68F7353,configured_columns,20260607__high_time_resolution__pdv_channel_1,high_time_resolution,High time resolution,pdv_channel_1,15,permissive,0.000554668,,2.0,,2.0,2,1.5,0.75,0.5,1.0,0.5,10.0,10.0,0.0,12.0,2.0,100000000.0,1.0,0.8,0.0,1.0,1.0,development / uncalibrated,622,15.0,1.0,0.2266881028938907,0.6559485530546624,0.05466237942122187,0.027331189710610933,0.03536977491961415,0.7733118971061094,0.17041800643086816,0.36363636363636365,319,24,-1.7942131209896957,-1.7999635812954693,0.14463235943377403
20260607.csv,D:\Code\Python_Projects\DPS_Studio\data\raw\20260607.csv,AB9F656E3563AB96D0E842DB88510076F6368E246853FD3427D8FD7DB68F7353,configured_columns,20260607__high_time_resolution__pdv_channel_1,high_time_resolution,High time resolution,pdv_channel_1,20,conservative,0.000554668,,2.0,,2.0,2,1.5,0.75,0.5,1.0,0.5,10.0,10.0,0.0,12.0,2.0,100000000.0,1.0,0.25,0.0,3.0,3.0,development / uncalibrated,622,19.983922829581992,1.0,0.3536977491961415,0.6286173633440515,0.008038585209003215,0.0,0.00964630225080386,0.6463022508038585,0.04340836012861737,0.004545454545454545,319,3,-3.1856925431575753,-3.249955453377565,3.0174230225124448
20260607.csv,D:\Code\Python_Projects\DPS_Studio\data\raw\20260607.csv,AB9F656E3563AB96D0E842DB88510076F6368E246853FD3427D8FD7DB68F7353,configured_columns,20260607__high_time_resolution__pdv_channel_1,high_time_resolution,High time resolution,pdv_channel_1,20,balanced,0.000554668,,2.0,,2.0,2,1.5,0.75,0.5,1.0,0.5,10.0,10.0,0.0,12.0,2.0,100000000.0,1.0,0.65,0.0,1.5,1.5,development / uncalibrated,622,19.983922829581992,1.0,0.3215434083601286,0.6414790996784566,0.017684887459807074,0.00482315112540193,0.014469453376205787,0.6784565916398714,0.07556270096463022,0.09545454545454546,319,5,-2.143336299342266,-2.149963581295464,0.9470963945738942
20260607.csv,D:\Code\Python_Projects\DPS_Studio\data\raw\20260607.csv,AB9F656E3563AB96D0E842DB88510076F6368E246853FD3427D8FD7DB68F7353,configured_columns,20260607__high_time_resolution__pdv_channel_1,high_time_resolution,High time resolution,pdv_channel_1,20,permissive,0.000554668,,2.0,,2.0,2,1.5,0.75,0.5,1.0,0.5,10.0,10.0,0.0,12.0,2.0,100000000.0,1.0,0.8,0.0,1.0,1.0,development / uncalibrated,622,19.983922829581992,1.0,0.2266881028938907,0.6559485530546624,0.05466237942122187,0.027331189710610933,0.03536977491961415,0.7733118971061094,0.17041800643086816,0.36363636363636365,319,24,-1.7942131209896957,-1.7999635812954693,0.14463235943377403
20260607.csv,D:\Code\Python_Projects\DPS_Studio\data\raw\20260607.csv,AB9F656E3563AB96D0E842DB88510076F6368E246853FD3427D8FD7DB68F7353,configured_columns,20260607__high_time_resolution__pdv_channel_2,high_time_resolution,High time resolution,pdv_channel_2,5,conservative,0.000554668,,2.0,,2.0,2,1.5,0.75,0.5,1.0,0.5,10.0,10.0,0.0,12.0,2.0,100000000.0,1.0,0.25,0.0,3.0,3.0,development / uncalibrated,622,5.0,1.0,0.3954983922829582,0.5836012861736335,0.01929260450160772,0.001607717041800643,0.0,0.6045016077170418,0.04501607717041801,0.0,338,3,-3.14053608425127,-3.2499592008191556,3.3982984037657826
20260607.csv,D:\Code\Python_Projects\DPS_Studio\data\raw\20260607.csv,AB9F656E3563AB96D0E842DB88510076F6368E246853FD3427D8FD7DB68F7353,configured_columns,20260607__high_time_resolution__pdv_channel_2,high_time_resolution,High time resolution,pdv_channel_2,5,balanced,0.000554668,,2.0,,2.0,2,1.5,0.75,0.5,1.0,0.5,10.0,10.0,0.0,12.0,2.0,100000000.0,1.0,0.65,0.0,1.5,1.5,development / uncalibrated,622,5.0,1.0,0.35691318327974275,0.612540192926045,0.01929260450160772,0.00964630225080386,0.001607717041800643,0.6430868167202572,0.05466237942122187,0.00909090909090909,325,7,-2.1427461525934888,-2.1499609261715475,1.447786615627411
20260607.csv,D:\Code\Python_Projects\DPS_Studio\data\raw\20260607.csv,AB9F656E3563AB96D0E842DB88510076F6368E246853FD3427D8FD7DB68F7353,configured_columns,20260607__high_time_resolution__pdv_channel_2,high_time_resolution,High time resolution,pdv_channel_2,5,permissive,0.000554668,,2.0,,2.0,2,1.5,0.75,0.5,1.0,0.5,10.0,10.0,0.0,12.0,2.0,100000000.0,1.0,0.8,0.0,1.0,1.0,development / uncalibrated,622,5.0,1.0,0.3440514469453376,0.612540192926045,0.028938906752411574,0.011254019292604502,0.003215434083601286,0.6559485530546624,0.06752411575562701,0.04090909090909091,325,9,-1.7938711779173104,-1.7999609261715535,0.7665512171332245
20260607.csv,D:\Code\Python_Projects\DPS_Studio\data\raw\20260607.csv,AB9F656E3563AB96D0E842DB88510076F6368E246853FD3427D8FD7DB68F7353,configured_columns,20260607__high_time_resolution__pdv_channel_2,high_time_resolution,High time resolution,pdv_channel_2,10,conservative,0.000554668,,2.0,,2.0,2,1.5,0.75,0.5,1.0,0.5,10.0,10.0,0.0,12.0,2.0,100000000.0,1.0,0.25,0.0,3.0,3.0,development / uncalibrated,622,10.0,1.0,0.3954983922829582,0.5836012861736335,0.01929260450160772,0.001607717041800643,0.0,0.6045016077170418,0.04501607717041801,0.0,338,3,-3.14053608425127,-3.2499592008191556,3.394671652124202
20260607.csv,D:\Code\Python_Projects\DPS_Studio\data\raw\20260607.csv,AB9F656E3563AB96D0E842DB88510076F6368E246853FD3427D8FD7DB68F7353,configured_columns,20260607__high_time_resolution__pdv_channel_2,high_time_resolution,High time resolution,pdv_channel_2,10,balanced,0.000554668,,2.0,,2.0,2,1.5,0.75,0.5,1.0,0.5,10.0,10.0,0.0,12.0,2.0,100000000.0,1.0,0.65,0.0,1.5,1.5,development / uncalibrated,622,10.0,1.0,0.35691318327974275,0.612540192926045,0.01929260450160772,0.00964630225080386,0.001607717041800643,0.6430868167202572,0.05466237942122187,0.00909090909090909,325,7,-2.1427461525934888,-2.1499609261715475,1.4415613466405375
20260607.csv,D:\Code\Python_Projects\DPS_Studio\data\raw\20260607.csv,AB9F656E3563AB96D0E842DB88510076F6368E246853FD3427D8FD7DB68F7353,configured_columns,20260607__high_time_resolution__pdv_channel_2,high_time_resolution,High time resolution,pdv_channel_2,10,permissive,0.000554668,,2.0,,2.0,2,1.5,0.75,0.5,1.0,0.5,10.0,10.0,0.0,12.0,2.0,100000000.0,1.0,0.8,0.0,1.0,1.0,development / uncalibrated,622,10.0,1.0,0.3440514469453376,0.612540192926045,0.028938906752411574,0.011254019292604502,0.003215434083601286,0.6559485530546624,0.06752411575562701,0.04090909090909091,325,9,-1.7938711779173104,-1.7999609261715535,0.727953233861971
20260607.csv,D:\Code\Python_Projects\DPS_Studio\data\raw\20260607.csv,AB9F656E3563AB96D0E842DB88510076F6368E246853FD3427D8FD7DB68F7353,configured_columns,20260607__high_time_resolution__pdv_channel_2,high_time_resolution,High time resolution,pdv_channel_2,15,conservative,0.000554668,,2.0,,2.0,2,1.5,0.75,0.5,1.0,0.5,10.0,10.0,0.0,12.0,2.0,100000000.0,1.0,0.25,0.0,3.0,3.0,development / uncalibrated,622,15.0,1.0,0.3954983922829582,0.5836012861736335,0.01929260450160772,0.001607717041800643,0.0,0.6045016077170418,0.04501607717041801,0.0,338,3,-3.14053608425127,-3.2499592008191556,3.394671652124202
20260607.csv,D:\Code\Python_Projects\DPS_Studio\data\raw\20260607.csv,AB9F656E3563AB96D0E842DB88510076F6368E246853FD3427D8FD7DB68F7353,configured_columns,20260607__high_time_resolution__pdv_channel_2,high_time_resolution,High time resolution,pdv_channel_2,15,balanced,0.000554668,,2.0,,2.0,2,1.5,0.75,0.5,1.0,0.5,10.0,10.0,0.0,12.0,2.0,100000000.0,1.0,0.65,0.0,1.5,1.5,development / uncalibrated,622,15.0,1.0,0.3536977491961415,0.612540192926045,0.01929260450160772,0.00964630225080386,0.00482315112540193,0.6463022508038585,0.05787781350482315,0.00909090909090909,325,5,-2.1427461525934888,-2.1499609261715475,1.4264012043559324
20260607.csv,D:\Code\Python_Projects\DPS_Studio\data\raw\20260607.csv,AB9F656E3563AB96D0E842DB88510076F6368E246853FD3427D8FD7DB68F7353,configured_columns,20260607__high_time_resolution__pdv_channel_2,high_time_resolution,High time resolution,pdv_channel_2,15,permissive,0.000554668,,2.0,,2.0,2,1.5,0.75,0.5,1.0,0.5,10.0,10.0,0.0,12.0,2.0,100000000.0,1.0,0.8,0.0,1.0,1.0,development / uncalibrated,622,15.0,1.0,0.342443729903537,0.612540192926045,0.028938906752411574,0.011254019292604502,0.00482315112540193,0.657556270096463,0.06913183279742766,0.04090909090909091,325,7,-1.7938711779173104,-1.7999609261715535,0.7211679807267032
20260607.csv,D:\Code\Python_Projects\DPS_Studio\data\raw\20260607.csv,AB9F656E3563AB96D0E842DB88510076F6368E246853FD3427D8FD7DB68F7353,configured_columns,20260607__high_time_resolution__pdv_channel_2,high_time_resolution,High time resolution,pdv_channel_2,20,conservative,0.000554668,,2.0,,2.0,2,1.5,0.75,0.5,1.0,0.5,10.0,10.0,0.0,12.0,2.0,100000000.0,1.0,0.25,0.0,3.0,3.0,development / uncalibrated,622,19.985530546623796,1.0,0.3954983922829582,0.5836012861736335,0.01929260450160772,0.001607717041800643,0.0,0.6045016077170418,0.04501607717041801,0.0,338,3,-3.14053608425127,-3.2499592008191556,3.394671652124202
20260607.csv,D:\Code\Python_Projects\DPS_Studio\data\raw\20260607.csv,AB9F656E3563AB96D0E842DB88510076F6368E246853FD3427D8FD7DB68F7353,configured_columns,20260607__high_time_resolution__pdv_channel_2,high_time_resolution,High time resolution,pdv_channel_2,20,balanced,0.000554668,,2.0,,2.0,2,1.5,0.75,0.5,1.0,0.5,10.0,10.0,0.0,12.0,2.0,100000000.0,1.0,0.65,0.0,1.5,1.5,development / uncalibrated,622,19.985530546623796,1.0,0.3536977491961415,0.612540192926045,0.01929260450160772,0.00964630225080386,0.00482315112540193,0.6463022508038585,0.05787781350482315,0.00909090909090909,325,5,-2.1427461525934888,-2.1499609261715475,1.4264012043559324
20260607.csv,D:\Code\Python_Projects\DPS_Studio\data\raw\20260607.csv,AB9F656E3563AB96D0E842DB88510076F6368E246853FD3427D8FD7DB68F7353,configured_columns,20260607__high_time_resolution__pdv_channel_2,high_time_resolution,High time resolution,pdv_channel_2,20,permissive,0.000554668,,2.0,,2.0,2,1.5,0.75,0.5,1.0,0.5,10.0,10.0,0.0,12.0,2.0,100000000.0,1.0,0.8,0.0,1.0,1.0,development / uncalibrated,622,19.985530546623796,1.0,0.342443729903537,0.612540192926045,0.028938906752411574,0.011254019292604502,0.00482315112540193,0.657556270096463,0.06913183279742766,0.04090909090909091,325,7,-1.7938711779173104,-1.7999609261715535,0.7186939123975913
